elapsed_s,boundary_y,boundary_y_smooth,confidence,found,roi_brightness,fps
0.0,520,520,12.322,1,138.8,39.4
0.03,520,520,12.329,1,138.9,39.2
0.05,520,520,12.418,1,138.9,39.4
0.08,520,520,12.326,1,138.8,39.3
0.1,520,520,12.457,1,138.8,39.3
0.13,519,520,11.171,1,139.0,39.2
0.15,515,520,12.225,1,138.9,39.4
0.18,515,520,12.365,1,139.0,39.3
0.2,516,520,12.109,1,138.9,39.4
0.23,520,520,12.232,1,138.9,39.2
0.25,520,520,12.323,1,138.8,39.4
0.28,520,520,11.838,1,138.8,39.3
0.3,517,519,12.128,1,138.7,39.4
0.33,515,517,12.261,1,138.7,39.3
0.36,517,517,12.557,1,138.8,39.3
0.38,517,517,12.568,1,138.8,39.3
0.41,516,517,12.109,1,138.8,39.4
0.43,519,517,12.49,1,138.7,39.3
0.46,520,517,12.161,1,138.7,39.4
0.48,519,517,11.406,1,138.7,39.3
0.51,518,517,12.568,1,138.6,39.4
0.53,520,518,12.205,1,138.8,39.3
0.56,520,519,12.378,1,138.9,39.4
0.59,519,519,12.335,1,138.8,39.3
0.61,519,519,12.173,1,138.9,39.4
0.64,522,519,12.42,1,138.8,39.3
0.66,521,520,12.192,1,138.7,39.4
0.69,520,520,12.135,1,138.8,39.3
0.71,520,520,12.418,1,138.8,39.4
0.74,522,520,12.437,1,138.8,39.3
0.76,522,520,12.536,1,138.8,39.4
0.79,523,521,12.257,1,138.8,39.3
0.81,523,522,12.353,1,138.7,39.4
0.84,523,522,12.214,1,138.8,39.3
0.86,522,522,12.178,1,138.8,39.3
0.89,522,522,11.597,1,139.0,39.3
0.92,521,522,12.079,1,138.9,39.4
0.94,523,522,11.902,1,138.9,39.3
0.97,525,523,12.335,1,139.0,39.4
0.99,524,523,11.926,1,138.9,39.3
1.02,522,523,12.35,1,138.8,39.3
1.04,525,523,12.183,1,138.9,39.3
1.07,524,523,12.261,1,138.8,39.4
1.09,523,523,12.264,1,138.7,39.3
1.12,524,524,11.61,1,138.9,39.4
1.14,525,524,12.364,1,138.8,39.3
1.17,524,524,11.977,1,138.7,39.4
1.2,522,524,12.647,1,138.7,39.3
1.22,522,524,12.602,1,138.7,39.4
1.25,524,524,12.267,1,138.8,39.3
1.27,523,524,12.254,1,138.7,39.4
1.3,521,523,12.03,1,138.7,39.3
1.32,522,523,12.43,1,138.7,39.4
1.35,522,522,12.418,1,138.7,39.3
1.37,522,522,12.654,1,138.7,39.3
1.4,522,522,12.565,1,138.7,39.3
1.42,523,522,12.147,1,138.8,39.4
1.45,525,522,12.393,1,138.8,39.3
1.47,524,522,12.119,1,138.8,39.4
1.5,522,522,12.354,1,138.6,39.3
1.53,524,522,11.986,1,138.8,39.4
1.55,526,523,12.335,1,138.9,39.3
1.58,524,524,12.282,1,138.8,39.4
1.6,525,524,11.816,1,139.0,39.3
1.63,527,524,12.645,1,138.9,39.3
1.65,527,525,12.48,1,138.9,39.3
1.68,527,525,12.401,1,138.8,39.4
1.7,529,526,11.91,1,139.0,39.3
1.73,531,527,12.59,1,139.0,39.4
1.75,531,527,12.463,1,139.0,39.3
1.78,531,527,12.332,1,139.0,39.4
1.81,530,529,12.299,1,138.8,39.3
1.83,528,529,12.063,1,138.8,39.4
1.86,527,529,12.402,1,138.7,39.3
1.88,529,529,12.206,1,138.8,39.3
1.91,529,529,12.26,1,138.8,39.3
1.93,528,529,11.989,1,138.8,39.4
1.96,527,529,12.39,1,138.6,39.3
1.98,528,528,12.404,1,138.8,39.4
2.01,527,528,12.397,1,138.7,39.3
2.03,527,528,12.404,1,138.8,39.4
2.06,530,528,11.767,1,139.0,39.3
2.09,531,528,12.391,1,139.0,39.3
2.11,529,528,12.209,1,138.9,39.3
2.14,528,528,12.219,1,138.8,39.3
2.16,531,528,12.426,1,139.0,39.3
2.19,530,529,12.238,1,138.9,39.3
2.21,530,530,12.349,1,138.8,39.3
2.24,529,530,11.907,1,138.9,39.3
2.26,531,530,11.874,1,139.1,39.3
2.29,529,530,12.625,1,138.8,39.4
2.31,529,529,12.317,1,138.8,39.3
2.34,531,530,11.363,1,139.2,39.3
2.37,531,530,11.439,1,139.1,39.3
2.39,528,530,12.253,1,138.7,39.3
2.42,530,530,12.17,1,139.0,39.2
2.44,531,530,12.478,1,139.0,39.3
2.47,531,531,12.4,1,138.9,39.3
2.49,531,531,12.214,1,139.0,39.3
2.52,532,531,12.762,1,139.0,39.3
2.54,535,531,12.147,1,139.2,39.3
2.57,535,531,12.398,1,139.2,39.3
2.59,533,531,11.908,1,139.2,39.4
2.62,533,532,12.123,1,139.1,39.3
2.64,534,533,12.659,1,139.0,39.4
2.67,534,533,12.383,1,139.0,39.3
2.7,531,533,11.307,1,139.0,39.4
2.72,530,533,12.027,1,138.8,39.3
2.75,532,533,12.492,1,138.9,39.4
2.77,532,533,12.334,1,139.0,39.3
2.8,530,532,12.203,1,138.7,39.4
2.82,532,532,11.654,1,139.0,39.3
2.85,535,532,12.248,1,139.0,39.4
2.87,534,532,12.581,1,138.7,39.3
2.9,533,532,12.646,1,138.4,39.4
2.92,535,532,12.103,1,138.6,39.3
2.95,536,533,12.475,1,138.5,39.4
2.98,535,534,11.999,1,138.4,39.3
3.0,533,534,12.434,1,138.3,39.4
3.03,534,534,12.426,1,138.4,39.2
3.05,533,534,12.321,1,138.5,39.4
3.08,533,534,12.193,1,138.7,39.3
3.1,533,533,11.7,1,139.0,39.4
3.13,536,534,11.99,1,139.3,39.3
3.15,537,534,12.292,1,139.4,39.4
3.18,537,534,12.513,1,139.5,39.3
3.2,539,534,10.974,1,139.9,39.4
3.23,544,536,11.617,1,140.0,39.2
3.26,546,537,11.966,1,140.1,39.4
3.28,544,537,11.966,1,140.0,39.3
3.31,548,539,10.693,1,140.4,39.4
3.33,551,544,11.744,1,140.3,39.3
3.36,551,544,11.694,1,140.3,39.4
3.38,549,546,11.934,1,140.1,39.3
3.41,550,548,12.019,1,140.1,39.4
3.43,552,549,11.759,1,140.1,39.3
3.46,550,550,11.043,1,139.9,39.4
3.48,547,550,12.193,1,139.4,39.3
3.51,546,550,12.387,1,139.2,39.4
3.54,544,550,11.625,1,139.1,39.3
3.56,540,549,12.363,1,138.8,39.4
3.59,540,547,12.241,1,138.8,39.3
3.61,544,546,12.152,1,139.0,39.4
3.64,542,544,12.496,1,138.9,39.3
3.66,542,544,12.307,1,139.0,39.4
3.69,546,544,11.81,1,139.3,39.3
3.71,550,544,12.207,1,139.4,39.4
3.74,551,544,12.347,1,139.4,39.3
3.76,549,544,11.939,1,139.5,39.4
3.79,550,546,12.255,1,139.6,39.3
3.81,547,547,11.915,1,139.6,39.4
3.84,545,547,12.614,1,139.4,39.3
3.87,543,547,11.312,1,139.6,39.4
3.89,541,547,12.427,1,139.4,39.3
3.92,539,547,12.355,1,139.2,39.3
3.94,541,545,12.28,1,139.6,39.3
3.97,539,543,12.078,1,139.5,39.4
3.99,540,541,12.362,1,139.5,39.3
4.02,543,541,11.316,1,139.9,39.3
4.04,546,541,12.317,1,139.7,39.3
4.07,545,541,11.847,1,139.7,39.3
4.1,542,541,12.373,1,139.6,39.3
4.12,542,542,12.191,1,139.7,39.4
4.15,541,542,12.169,1,139.6,39.3
4.17,540,542,12.147,1,139.5,39.4
4.2,542,542,12.19,1,139.7,39.3
4.22,541,542,12.028,1,139.6,39.3
4.25,540,542,12.027,1,139.5,39.3
4.27,538,541,11.987,1,139.7,39.4
4.3,536,541,11.455,1,139.8,39.3
4.32,534,540,11.974,1,139.7,39.4
4.35,534,540,11.924,1,139.8,39.3
4.37,535,538,11.717,1,140.0,39.4
4.4,535,536,11.401,1,140.1,39.3
4.43,535,535,11.622,1,140.1,39.4
4.45,535,535,11.619,1,140.0,39.3
4.48,536,535,11.898,1,140.2,39.4
4.5,537,535,11.962,1,140.3,39.3
4.53,537,535,12.05,1,140.3,39.4
4.55,538,535,11.648,1,140.6,39.3
4.58,542,536,11.01,1,140.8,39.4
4.6,543,537,11.781,1,140.9,39.3
4.63,542,537,11.971,1,140.8,39.4
4.65,542,538,11.833,1,140.7,39.3
4.68,543,542,11.599,1,140.9,39.4
4.71,541,542,11.529,1,140.6,39.3
4.73,539,542,11.621,1,140.6,39.4
4.76,540,542,11.071,1,140.8,39.3
4.78,541,542,11.39,1,140.7,39.4
4.81,540,541,11.779,1,140.6,39.3
4.83,540,541,11.47,1,140.6,39.4
4.86,540,540,11.806,1,140.6,39.3
4.88,538,540,11.664,1,140.5,39.4
4.91,538,540,11.854,1,140.5,39.3
4.93,540,540,11.79,1,140.7,39.4
4.96,540,540,11.706,1,140.7,39.3
4.98,538,540,11.84,1,140.6,39.4
5.01,538,540,11.817,1,140.6,39.3
5.04,538,538,11.525,1,140.5,39.4
5.06,537,538,11.59,1,140.5,39.3
5.09,537,538,11.547,1,140.6,39.4
5.11,536,538,10.929,1,140.7,39.3
5.14,534,538,11.414,1,140.6,39.4
5.16,533,537,11.551,1,140.6,39.3
5.19,535,537,11.323,1,140.8,39.4
5.21,534,536,11.105,1,140.7,39.3
5.24,534,535,10.622,1,140.9,39.4
5.26,535,535,10.803,1,141.0,39.3
5.29,532,534,11.002,1,140.9,39.4
5.32,531,534,10.777,1,140.8,39.3
5.34,531,534,10.783,1,140.9,39.4
5.37,530,533,10.803,1,140.9,39.3
5.39,528,532,10.65,1,140.9,39.4
5.42,525,531,10.424,1,140.8,39.3
5.44,522,531,10.659,1,140.7,39.4
5.47,520,530,10.513,1,141.1,39.3
5.49,519,528,10.386,1,141.1,39.4
5.52,520,525,10.261,1,141.3,39.3
5.54,518,522,10.505,1,141.4,39.4
5.57,518,520,10.3,1,141.5,39.3
5.6,520,520,9.978,1,141.7,39.4
5.62,523,520,10.157,1,141.5,39.3
5.65,523,520,10.257,1,141.6,39.4
5.67,522,520,10.251,1,141.6,39.3
5.7,524,520,10.036,1,141.7,39.4
5.72,525,522,9.878,1,141.7,39.3
5.75,525,523,9.798,1,141.7,39.3
5.77,524,523,9.774,1,141.8,39.3
5.8,527,524,9.903,1,142.0,39.4
5.82,528,524,9.801,1,142.0,39.3
5.85,527,525,9.955,1,141.8,39.4
5.88,529,525,9.67,1,142.2,39.3
5.9,528,527,9.614,1,142.1,39.3
5.93,525,527,9.721,1,141.9,39.3
5.95,525,527,9.799,1,141.8,39.4
5.98,527,527,9.673,1,142.1,39.3
6.0,526,527,9.746,1,142.0,39.3
6.03,525,527,9.955,1,141.8,39.2
6.05,526,526,9.849,1,141.8,39.4
6.08,528,526,9.967,1,141.8,39.3
6.1,529,526,10.062,1,141.8,39.4
6.13,528,526,9.922,1,141.7,39.3
6.15,531,527,9.741,1,142.1,39.4
6.18,532,528,9.873,1,141.9,39.3
6.21,530,528,10.146,1,141.7,39.4
6.23,530,529,10.016,1,141.6,39.2
6.26,529,529,9.473,1,141.6,39.4
6.28,527,529,10.181,1,141.2,39.3
6.31,525,529,10.303,1,141.3,39.4
6.33,524,529,10.348,1,141.4,39.3
6.36,522,529,10.406,1,141.3,39.4
6.38,521,527,10.251,1,141.3,39.3
6.41,521,525,10.274,1,141.1,39.4
6.43,523,524,10.284,1,141.1,39.3
6.46,523,523,10.015,1,141.1,39.4
6.49,524,523,10.314,1,141.2,39.3
6.51,525,523,10.291,1,141.3,39.3
6.54,525,523,10.247,1,141.3,39.3
6.56,526,523,10.126,1,141.3,39.4
6.59,527,524,9.917,1,141.3,39.3
6.61,527,525,9.934,1,141.3,39.3
6.64,527,525,10.004,1,141.3,39.3
6.66,525,525,9.753,1,141.5,39.3
6.69,525,525,9.977,1,141.4,39.3
6.71,525,525,9.891,1,141.5,39.3
6.74,524,525,9.673,1,141.5,39.3
6.77,523,525,9.926,1,141.4,39.4
6.79,524,525,9.659,1,141.4,39.3
6.82,524,525,9.647,1,141.5,39.3
6.84,522,524,9.982,1,141.6,39.3
6.87,522,524,9.969,1,141.4,39.3
6.89,523,524,9.947,1,141.4,39.3
6.92,522,523,9.871,1,141.4,39.4
6.94,523,523,9.791,1,141.5,39.3
6.97,521,523,9.648,1,141.5,39.3
6.99,523,523,9.72,1,141.8,39.3
7.02,522,522,9.685,1,141.9,39.4
7.05,522,522,9.618,1,142.0,39.3
7.07,522,522,9.631,1,142.2,39.4
7.1,523,522,9.349,1,142.3,39.3
7.12,527,522,9.174,1,142.3,39.3
7.15,530,523,8.969,1,142.8,39.3
7.17,532,523,9.211,1,142.8,39.4
7.2,532,523,9.373,1,142.8,39.3
7.22,533,527,9.112,1,142.9,39.4
7.25,535,530,9.23,1,143.1,39.3
7.27,535,532,9.194,1,143.0,39.4
7.3,537,532,9.233,1,142.9,39.3
7.32,537,533,9.181,1,143.0,39.4
7.35,539,535,9.366,1,143.0,39.3
7.38,537,535,9.373,1,142.7,39.4
7.4,534,535,9.082,1,142.7,39.3
7.43,533,535,9.468,1,142.5,39.4
7.45,533,535,9.447,1,142.3,39.3
7.48,533,535,9.335,1,142.3,39.4
7.5,531,534,9.413,1,142.2,39.3
7.53,531,533,9.415,1,142.3,39.4
7.55,532,533,9.579,1,142.2,39.3
7.58,533,533,9.227,1,142.4,39.4
7.6,529,533,9.534,1,142.1,39.3
7.63,530,532,9.464,1,142.2,39.4
7.66,532,532,9.24,1,142.6,39.3
7.68,533,532,9.496,1,142.6,39.4
7.71,532,532,9.547,1,142.5,39.3
7.73,533,532,9.391,1,142.7,39.3
7.76,535,532,9.41,1,142.8,39.3
7.78,535,533,9.131,1,142.8,39.4
7.81,535,533,8.974,1,142.8,39.3
7.83,538,533,8.865,1,143.1,39.3
7.86,538,535,9.009,1,143.0,39.3
7.88,535,535,8.87,1,142.8,39.3
7.91,535,535,9.075,1,142.7,39.3
7.93,535,535,9.025,1,142.7,39.4
7.96,534,535,8.866,1,142.6,39.3
7.99,532,535,8.979,1,142.3,39.4
8.01,533,535,8.93,1,142.5,39.3
8.04,535,535,8.945,1,142.7,39.4
8.06,534,535,8.942,1,142.7,39.3
8.09,535,535,8.999,1,142.8,39.4
8.11,537,535,8.819,1,142.9,39.3
8.14,541,535,8.848,1,142.9,39.4
8.16,543,535,8.943,1,143.1,39.3
8.19,543,535,8.734,1,143.1,39.4
8.22,541,537,8.793,1,142.9,39.3
8.24,539,539,8.862,1,142.8,39.4
8.27,541,541,8.67,1,143.2,39.3
8.29,543,541,8.85,1,143.0,39.4
8.32,542,541,8.65,1,143.1,39.3
8.34,543,542,8.674,1,143.2,39.4
8.37,542,542,8.697,1,143.1,39.3
8.39,543,542,8.89,1,143.2,39.4
8.42,546,542,8.646,1,143.3,39.3
8.44,547,543,8.787,1,143.3,39.4
8.47,545,543,8.798,1,143.3,39.3
8.49,545,543,8.613,1,143.4,39.3
8.52,547,545,8.605,1,143.5,39.3
8.55,545,545,8.665,1,143.4,39.4
8.57,544,545,8.699,1,143.3,39.3
8.6,546,545,8.543,1,143.7,39.4
8.62,545,545,8.587,1,143.6,39.3
8.65,545,545,8.565,1,143.4,39.3
8.67,544,545,8.513,1,143.2,39.3
8.7,543,545,8.522,1,143.3,39.4
8.72,543,545,8.596,1,143.4,39.3
8.75,544,544,8.65,1,143.4,39.4
8.77,543,544,8.607,1,143.4,39.3
8.8,545,544,8.552,1,143.5,39.4
8.83,547,544,8.675,1,143.4,39.3
8.85,548,544,8.718,1,143.5,39.4
8.88,547,544,8.75,1,143.4,39.3
8.9,546,545,8.765,1,143.2,39.4
8.93,549,546,8.89,1,143.3,39.3
8.95,550,547,8.955,1,143.2,39.4
8.98,548,547,8.983,1,143.0,39.3
9.0,550,548,8.898,1,143.1,39.3
9.03,551,548,8.803,1,143.4,39.2
9.05,550,549,8.743,1,143.4,39.4
9.08,548,549,8.939,1,143.1,39.3
9.11,548,549,8.694,1,143.4,39.4
9.13,551,550,8.596,1,143.5,39.3
9.16,551,550,8.672,1,143.4,39.4
9.18,551,550,8.602,1,143.3,39.3
9.21,551,551,8.555,1,143.5,39.4
9.23,552,551,8.647,1,143.5,39.3
9.26,550,551,8.711,1,143.4,39.4
9.28,548,551,8.585,1,143.4,39.3
9.31,549,551,8.733,1,143.7,39.4
9.33,550,551,8.661,1,143.5,39.3
9.36,550,550,8.663,1,143.7,39.4
9.39,550,550,8.455,1,143.9,39.3
9.41,550,550,8.574,1,143.9,39.4
9.44,553,550,8.573,1,144.0,39.3
9.46,555,550,8.502,1,144.2,39.4
9.49,554,550,8.579,1,144.1,39.3
9.51,554,550,8.661,1,143.9,39.4
9.54,556,553,8.63,1,144.2,39.3
9.56,553,553,8.464,1,144.2,39.4
9.59,550,553,8.876,1,143.7,39.3
9.61,551,553,8.473,1,144.2,39.4
9.64,554,554,8.622,1,144.2,39.3
9.66,553,554,8.513,1,144.2,39.4
9.69,552,553,8.577,1,144.2,39.3
9.72,553,553,8.525,1,144.4,39.4
9.74,556,553,8.516,1,144.5,39.3
9.77,557,553,8.659,1,144.3,39.4
9.79,556,553,8.569,1,144.3,39.3
9.82,557,554,8.398,1,144.6,39.4
9.84,560,556,8.409,1,144.4,39.3
9.87,562,556,8.407,1,144.6,39.4
9.89,561,557,8.544,1,144.7,39.3
9.92,562,557,8.504,1,144.5,39.4
9.94,563,560,8.638,1,144.6,39.3
9.97,562,561,8.562,1,144.6,39.4
10.0,560,561,8.476,1,144.4,39.3
10.02,560,561,8.547,1,144.5,39.3
10.05,561,561,8.334,1,144.9,39.3
10.07,561,561,8.373,1,144.8,39.4
10.1,559,561,8.693,1,144.3,39.3
10.12,560,561,8.587,1,144.5,39.4
10.15,560,560,8.615,1,144.6,39.3
10.17,558,560,8.442,1,144.6,39.4
10.2,559,560,8.37,1,144.6,39.3
10.22,561,560,8.345,1,144.9,39.4
10.25,562,560,8.529,1,144.8,39.3
10.27,560,560,8.462,1,144.4,39.3
10.3,560,560,8.544,1,144.6,39.3
10.33,562,560,8.541,1,144.5,39.4
10.35,560,560,8.52,1,144.1,39.3
10.38,560,560,8.589,1,144.0,39.4
10.4,561,560,8.56,1,144.1,39.3
10.43,561,561,8.787,1,143.9,39.4
10.45,559,560,8.805,1,143.6,39.3
10.48,558,560,9.126,1,143.5,39.4
10.5,558,560,8.952,1,143.5,39.3
10.53,556,560,8.703,1,143.3,39.4
10.55,553,559,8.84,1,143.3,39.3
10.58,554,558,8.838,1,143.3,39.4
10.61,553,558,8.935,1,143.0,39.3
10.63,551,556,8.987,1,143.2,39.4
10.66,551,554,8.992,1,143.3,39.3
10.68,552,553,8.825,1,143.7,39.4
10.71,553,553,8.951,1,143.6,39.3
10.73,554,553,8.8,1,143.8,39.4
10.76,555,553,8.472,1,143.9,39.3
10.78,557,553,8.831,1,143.6,39.3
10.81,558,553,6.608,1,144.4,39.3
10.83,551,553,7.943,1,143.6,39.4
10.86,545,553,7.551,1,143.0,39.3
10.89,541,553,8.515,1,142.4,39.3
10.91,537,553,8.771,1,142.1,39.3
10.94,537,551,8.783,1,142.1,39.3
10.96,537,545,8.81,1,142.0,39.3
10.99,538,541,8.792,1,142.2,39.3
11.01,539,539,8.745,1,142.1,39.3
11.04,541,539,8.251,1,142.6,39.4
11.06,546,539,8.604,1,142.4,39.3
11.09,545,539,8.918,1,142.2,39.4
11.11,543,539,9.267,1,141.8,39.3
11.14,544,541,9.238,1,141.7,39.4
11.17,545,543,9.333,1,141.7,39.3
11.19,545,544,9.259,1,141.7,39.4
11.22,548,545,8.958,1,142.0,39.3
11.24,551,545,8.859,1,142.4,39.3
11.27,551,545,8.718,1,142.4,39.3
11.29,551,545,8.765,1,142.4,39.3
11.32,550,548,8.625,1,142.5,39.3
11.34,550,550,8.727,1,142.5,39.3
11.37,551,550,8.811,1,142.4,39.3
11.39,549,550,8.926,1,142.2,39.3
11.42,548,550,9.077,1,142.2,39.3
11.44,551,551,8.679,1,142.6,39.4
11.47,555,551,8.686,1,142.5,39.3
11.5,557,551,8.696,1,142.6,39.4
11.52,555,551,8.723,1,142.4,39.3
11.55,555,551,8.576,1,142.5,39.3
11.57,555,555,8.354,1,142.9,39.3
11.6,555,555,8.266,1,143.2,39.3
11.62,551,555,8.459,1,143.1,39.3
11.65,556,555,7.951,1,143.9,39.4
11.67,562,555,8.025,1,144.3,39.3
11.7,562,555,8.546,1,143.6,39.3
11.72,564,555,8.802,1,144.0,39.3
11.75,572,556,7.55,1,145.8,39.4
11.78,577,562,8.851,1,145.7,39.3
11.8,579,562,8.654,1,146.1,39.3
11.83,583,564,8.599,1,146.5,39.3
11.85,585,572,8.979,1,145.8,39.3
11.88,580,577,8.891,1,145.0,39.3
11.9,578,578,9.937,1,144.1,39.3
11.93,579,579,9.812,1,144.3,39.3
11.95,578,579,10.069,1,144.0,39.3
11.98,577,579,9.799,1,143.9,39.3
12.0,574,579,9.289,1,143.7,39.3
12.03,571,578,8.87,1,143.6,39.2
12.06,567,578,8.801,1,143.4,39.4
12.08,561,577,8.594,1,143.4,39.3
12.11,560,574,8.402,1,143.3,39.4
12.13,560,571,8.45,1,143.5,39.3
12.16,560,567,8.418,1,143.7,39.4
12.18,562,562,8.306,1,144.3,39.3
12.21,566,562,8.336,1,144.6,39.4
12.23,570,562,8.398,1,145.0,39.3
12.26,573,562,8.399,1,145.5,39.4
12.28,575,562,8.213,1,146.2,39.3
12.31,575,566,8.238,1,146.1,39.3
12.34,573,570,8.201,1,145.4,39.3
12.36,575,573,8.292,1,145.7,39.4
12.39,575,573,8.648,1,145.0,39.3
12.41,575,575,8.954,1,144.4,39.4
12.44,578,575,9.146,1,144.7,39.3
12.46,579,575,9.141,1,144.2,39.4
12.49,583,575,9.292,1,144.3,39.3
12.51,586,575,9.165,1,144.7,39.4
12.54,587,578,9.893,1,144.4,39.3
12.56,587,579,9.635,1,144.2,39.4
12.59,591,583,9.211,1,144.9,39.3
12.61,590,586,9.196,1,144.7,39.4
12.64,587,587,9.325,1,144.4,39.3
12.67,584,587,9.376,1,144.1,39.4
12.69,584,587,9.063,1,144.4,39.3
12.72,582,587,8.644,1,144.3,39.4
12.74,578,587,8.474,1,143.7,39.3
12.77,575,584,8.657,1,143.0,39.3
12.79,575,584,8.817,1,143.1,39.3
12.82,574,582,9.038,1,142.9,39.4
12.84,577,578,8.589,1,143.5,39.3
12.87,579,578,8.681,1,143.5,39.4
12.89,575,577,8.738,1,142.9,39.3
12.92,571,575,9.023,1,141.9,39.3
12.95,568,575,8.858,1,142.0,39.3
12.97,568,575,8.702,1,142.0,39.4
13.0,568,574,8.533,1,142.1,39.3
13.02,571,571,8.407,1,142.8,39.4
13.05,571,571,8.383,1,142.6,39.3
13.07,574,571,8.369,1,142.4,39.3
13.1,575,571,8.374,1,142.7,39.3
13.12,575,571,8.23,1,143.0,39.4
13.15,579,571,8.651,1,142.6,39.3
13.17,581,574,8.698,1,142.9,39.4
13.2,585,575,8.95,1,143.0,39.3
13.22,585,575,9.354,1,143.0,39.4
13.25,583,579,9.297,1,142.9,39.3
13.28,581,581,9.882,1,142.4,39.4
13.3,584,581,10.086,1,142.8,39.3
13.33,586,583,9.631,1,143.0,39.4
13.35,587,584,9.649,1,143.2,39.3
13.38,582,584,9.253,1,143.0,39.4
13.4,579,584,9.262,1,142.6,39.3
13.43,575,583,9.069,1,142.5,39.4
13.45,573,582,9.242,1,142.4,39.3
13.48,573,581,9.131,1,142.3,39.4
13.5,578,579,8.457,1,143.5,39.3
13.53,584,579,8.534,1,144.1,39.3
13.56,588,579,8.887,1,143.9,39.3
13.58,589,579,9.223,1,143.8,39.3
13.61,588,579,9.442,1,143.7,39.3
13.63,589,584,9.794,1,143.8,39.4
13.66,589,588,9.621,1,143.7,39.3
13.68,587,588,9.731,1,143.7,39.4
13.71,586,588,9.384,1,143.6,39.3
13.73,586,588,9.191,1,143.8,39.4
13.76,584,588,8.81,1,143.9,39.3
13.78,582,587,9.152,1,143.7,39.4
13.81,583,586,8.882,1,144.0,39.3
13.84,583,586,9.047,1,143.9,39.4
13.86,582,584,9.393,1,143.6,39.3
13.89,583,583,9.198,1,143.8,39.3
13.91,587,583,8.601,1,144.7,39.3
13.94,591,583,8.358,1,145.3,39.4
13.96,590,583,8.577,1,145.1,39.3
13.99,589,583,8.515,1,145.0,39.4
14.01,584,584,8.308,1,145.2,39.3
14.04,579,584,8.108,1,144.7,39.4
14.06,574,584,8.166,1,144.4,39.3
14.09,573,584,8.155,1,144.4,39.4
14.12,569,584,8.163,1,143.8,39.3
14.14,568,579,8.207,1,143.7,39.3
14.17,570,574,8.165,1,143.7,39.3
14.19,569,573,8.051,1,143.7,39.4
14.22,569,570,8.098,1,143.5,39.3
14.24,573,570,8.182,1,143.6,39.4
14.27,572,570,8.181,1,143.4,39.3
14.29,571,570,8.321,1,143.1,39.4
14.32,571,570,8.39,1,143.1,39.3
14.34,570,570,8.52,1,142.9,39.4
14.37,570,570,8.529,1,143.1,39.3
14.39,571,571,8.323,1,143.3,39.4
14.42,573,571,8.279,1,143.8,39.3
14.45,573,571,8.15,1,144.1,39.4
14.47,573,571,8.051,1,144.5,39.3
14.5,574,571,8.097,1,144.7,39.4
14.52,577,573,8.043,1,144.7,39.3
14.55,574,573,8.177,1,144.6,39.4
14.57,574,573,8.143,1,144.5,39.3
14.6,577,574,8.246,1,144.4,39.3
14.62,576,574,8.098,1,144.8,39.3
14.65,580,574,8.174,1,145.1,39.4
14.67,578,576,8.189,1,144.8,39.3
14.7,581,577,8.308,1,144.9,39.4
14.73,580,577,8.285,1,144.8,39.3
14.75,578,578,8.485,1,144.4,39.4
14.78,575,578,8.527,1,143.9,39.3
14.8,575,578,8.605,1,143.9,39.4
14.83,577,578,8.775,1,144.0,39.3
14.85,576,578,8.68,1,143.9,39.3
14.88,576,577,8.446,1,144.0,39.3
14.9,578,577,8.347,1,144.5,39.3
14.93,577,577,8.509,1,144.4,39.3
14.95,577,577,8.379,1,144.5,39.4
14.98,578,577,8.23,1,145.2,39.3
15.01,579,577,8.288,1,145.0,39.4
15.03,578,577,8.319,1,144.7,39.3
15.06,576,577,8.214,1,144.6,39.4
15.08,574,577,8.325,1,144.2,39.3
15.11,573,577,8.374,1,144.0,39.4
15.13,572,577,8.305,1,143.9,39.3
15.16,573,576,8.335,1,144.0,39.4
15.18,573,574,8.367,1,144.1,39.3
15.21,573,573,8.501,1,143.9,39.4
15.23,573,573,8.412,1,144.3,39.3
15.26,575,573,8.506,1,144.2,39.4
15.29,576,573,8.625,1,143.9,39.3
15.31,578,573,8.564,1,144.4,39.4
15.34,580,573,8.947,1,144.1,39.3
15.36,579,575,8.969,1,143.7,39.3
15.39,579,576,9.077,1,143.5,39.3
15.41,579,578,8.966,1,143.7,39.4
15.44,579,579,9.099,1,143.6,39.3
15.46,579,579,9.127,1,143.3,39.4
15.49,579,579,9.338,1,143.3,39.3
15.51,578,579,9.402,1,143.1,39.4
15.54,577,579,9.278,1,142.9,39.3
15.56,574,579,9.394,1,142.7,39.4
15.59,574,579,9.098,1,142.7,39.3
15.62,573,578,9.173,1,142.7,39.4
15.64,574,577,8.993,1,143.0,39.3
15.67,574,574,8.878,1,143.1,39.4
15.69,573,574,8.911,1,143.1,39.3
15.72,574,574,9.116,1,143.3,39.4
15.74,575,574,8.989,1,143.5,39.3
15.77,575,574,8.846,1,143.4,39.4
15.79,576,574,8.773,1,143.6,39.3
15.82,578,574,8.757,1,143.9,39.3
15.84,578,575,8.745,1,143.9,39.3
15.87,577,575,9.033,1,143.5,39.3
15.9,578,576,8.923,1,143.6,39.3
15.92,578,577,8.983,1,143.6,39.4
15.95,576,577,8.898,1,143.3,39.3
15.97,576,577,8.915,1,143.1,39.3
16.0,578,578,9.026,1,143.4,39.3
16.02,579,578,9.072,1,143.4,39.4
16.05,580,578,9.161,1,143.4,39.3
16.07,582,578,8.945,1,143.6,39.4
16.1,585,578,8.783,1,143.9,39.3
16.12,587,579,9.182,1,143.6,39.3
16.15,587,580,9.259,1,143.6,39.3
16.18,588,582,9.208,1,143.9,39.3
16.2,587,585,9.254,1,143.6,39.3
16.23,587,587,9.362,1,143.4,39.3
16.25,588,587,9.442,1,143.6,39.3
16.28,587,587,9.4,1,143.4,39.3
16.3,583,587,9.406,1,143.2,39.3
16.33,582,587,9.809,1,143.0,39.4
16.35,582,587,9.783,1,143.2,39.3
16.38,583,587,9.81,1,143.2,39.4
16.4,582,583,9.881,1,143.0,39.3
16.43,582,583,9.705,1,143.0,39.4
16.46,582,582,9.705,1,143.2,39.3
16.48,580,582,9.781,1,142.9,39.4
16.51,580,582,9.73,1,143.1,39.3
16.53,581,582,9.847,1,143.2,39.4
16.56,583,582,9.675,1,143.3,39.3
16.58,583,582,9.723,1,143.3,39.4
16.61,582,582,9.476,1,143.2,39.3
16.63,578,582,9.508,1,142.8,39.4
16.66,575,581,9.577,1,142.3,39.3
16.68,573,580,10.087,1,142.0,39.4
16.71,576,580,9.809,1,142.7,39.3
16.73,575,578,9.963,1,142.5,39.4
16.76,575,576,10.097,1,142.2,39.3
16.79,577,576,10.311,1,142.3,39.4
16.81,578,576,10.284,1,142.3,39.3
16.84,576,576,10.425,1,141.9,39.4
16.86,575,575,10.339,1,141.8,39.3
16.89,577,576,10.316,1,142.0,39.3
16.91,576,576,10.259,1,141.7,39.3
16.94,573,576,10.276,1,141.3,39.4
16.96,573,576,10.242,1,141.3,39.3
16.99,571,576,9.949,1,141.1,39.4
17.01,569,575,10.074,1,140.7,39.3
17.04,567,573,10.455,1,140.4,39.3
17.07,568,573,10.257,1,140.7,39.3
17.09,567,571,10.457,1,140.5,39.4
17.12,570,570,9.854,1,141.2,39.3
17.14,573,570,10.215,1,141.3,39.4
17.17,570,570,10.463,1,140.9,39.3
17.19,570,570,10.507,1,140.8,39.3
17.22,572,570,10.469,1,141.3,39.3
17.24,573,570,10.493,1,141.4,39.3
17.27,571,570,10.415,1,141.1,39.3
17.29,570,570,10.551,1,141.0,39.4
17.32,570,570,10.383,1,140.8,39.3
17.35,568,570,10.401,1,140.7,39.3
17.37,567,570,10.385,1,140.6,39.3
17.4,566,570,10.245,1,140.5,39.4
17.42,565,570,10.436,1,140.4,39.3
17.45,563,568,10.202,1,140.3,39.4
17.47,562,567,10.223,1,140.1,39.3
17.5,561,566,9.859,1,140.2,39.4
17.52,560,565,10.073,1,140.2,39.3
17.55,560,563,9.977,1,140.3,39.4
17.57,561,562,10.013,1,140.4,39.3
17.6,561,561,9.979,1,140.4,39.4
17.63,562,561,10.046,1,140.6,39.3
17.65,563,561,10.121,1,140.6,39.4
17.68,563,561,10.062,1,140.7,39.3
17.7,563,561,10.047,1,140.9,39.4
17.73,564,562,9.889,1,141.0,39.3
17.75,563,563,9.984,1,140.9,39.4
17.78,563,563,9.882,1,141.0,39.3
17.8,562,563,9.794,1,141.0,39.3
17.83,560,563,9.727,1,141.0,39.3
17.85,561,563,9.393,1,141.4,39.4
17.88,561,563,9.119,1,141.7,39.3
17.9,560,562,9.207,1,141.7,39.4
17.93,561,561,9.07,1,142.2,39.3
17.96,562,561,8.927,1,142.4,39.3
17.98,563,561,8.818,1,142.4,39.3
18.01,560,561,8.735,1,142.2,39.4
18.03,558,561,8.68,1,142.4,39.2
18.06,553,561,8.642,1,142.3,39.4
18.08,551,560,8.767,1,142.1,39.3
18.11,549,560,8.797,1,142.0,39.4
18.13,550,558,8.925,1,141.9,39.3
18.16,552,553,8.75,1,141.9,39.4
18.18,555,553,9.17,1,141.6,39.3
18.21,556,553,9.141,1,141.6,39.4
18.24,558,553,9.207,1,141.5,39.3
18.26,562,553,9.221,1,141.5,39.4
18.29,564,555,9.129,1,141.6,39.3
18.31,565,556,9.401,1,141.6,39.4
18.34,565,558,9.33,1,141.7,39.3
18.36,566,562,9.149,1,141.9,39.4
18.39,568,564,9.107,1,142.1,39.3
18.41,569,565,9.003,1,142.5,39.3
18.44,569,565,8.986,1,142.6,39.3
18.46,567,566,9.166,1,142.4,39.4
18.49,567,567,8.985,1,142.6,39.3
18.51,567,567,8.89,1,142.7,39.4
18.54,565,567,8.786,1,142.7,39.3
18.57,562,567,8.902,1,142.5,39.4
18.59,562,567,8.886,1,142.4,39.3
18.62,559,567,8.867,1,142.1,39.4
18.64,558,565,9.137,1,141.9,39.3
18.67,555,562,9.367,1,141.6,39.4
18.69,555,562,8.062,1,142.2,39.3
18.72,555,559,7.951,1,142.5,39.4
18.74,554,558,9.757,1,141.5,39.3
18.77,554,555,9.626,1,141.4,39.4
18.8,555,555,9.993,1,141.4,39.3
18.82,557,555,9.751,1,141.5,39.4
18.85,560,555,9.87,1,141.3,39.3
18.87,561,555,9.912,1,141.3,39.4
18.9,561,555,9.895,1,141.3,39.3
18.92,562,557,10.066,1,141.5,39.4
18.95,563,560,9.957,1,141.4,39.3
18.97,563,561,9.961,1,141.3,39.4
19.0,564,561,9.654,1,141.5,39.3
19.02,564,562,9.693,1,141.5,39.2
19.05,562,562,9.936,1,141.3,39.3
19.07,562,562,9.869,1,141.4,39.4
19.1,565,563,9.527,1,141.8,39.3
19.13,565,563,9.854,1,141.6,39.4
19.15,566,564,9.794,1,141.6,39.3
19.18,567,564,9.454,1,141.8,39.4
19.2,569,565,9.657,1,141.9,39.3
19.23,569,565,9.637,1,141.7,39.4
19.25,568,566,9.628,1,141.8,39.3
19.28,568,567,9.735,1,141.7,39.4
19.3,567,567,9.863,1,141.4,39.3
19.33,566,567,9.916,1,141.4,39.4
19.35,567,567,9.757,1,141.5,39.3
19.38,566,567,9.709,1,141.4,39.4
19.41,566,567,9.523,1,141.4,39.3
19.43,567,567,9.566,1,141.9,39.4
19.46,569,567,9.718,1,141.9,39.3
19.48,570,567,9.819,1,141.7,39.4
19.51,570,567,9.641,1,141.9,39.3
19.53,570,567,9.647,1,141.9,39.4
19.56,569,569,9.482,1,141.9,39.3
19.58,567,569,9.633,1,141.7,39.4
19.61,568,569,9.504,1,142.0,39.3
19.63,568,569,9.484,1,141.8,39.4
19.66,567,569,9.35,1,141.5,39.3
19.68,568,568,9.184,1,141.8,39.4
19.71,570,568,9.286,1,141.8,39.3
19.74,574,568,8.938,1,142.5,39.3
19.76,573,568,9.341,1,142.1,39.3
19.79,571,568,9.389,1,141.9,39.4
19.81,570,570,9.622,1,141.5,39.3
19.84,572,570,9.491,1,141.9,39.4
19.86,572,571,9.541,1,141.9,39.3
19.89,571,571,9.542,1,141.8,39.4
19.91,570,571,9.661,1,141.5,39.3
19.94,570,571,9.645,1,141.9,39.3
19.97,570,571,9.58,1,141.8,39.3
19.99,569,570,9.196,1,141.7,39.4
20.02,567,570,9.332,1,141.7,39.3
20.04,567,570,9.057,1,141.6,39.4
20.07,568,570,9.085,1,141.8,39.3
20.09,568,569,9.168,1,141.8,39.4
20.12,568,568,9.189,1,141.9,39.3
20.14,570,568,9.17,1,142.1,39.4
20.17,572,568,9.484,1,142.2,39.3
20.19,572,568,9.501,1,142.2,39.4
20.22,573,568,9.35,1,142.3,39.3
20.24,574,570,9.464,1,142.4,39.3
20.27,575,572,9.39,1,142.8,39.3
20.3,575,572,9.343,1,142.8,39.3
20.32,576,573,9.363,1,142.8,39.3
20.35,575,574,9.389,1,142.7,39.4
20.37,575,575,9.376,1,142.7,39.3
20.4,575,575,9.331,1,142.5,39.3
20.42,574,575,9.569,1,142.2,39.3
20.45,574,575,9.553,1,142.3,39.3
20.47,574,575,9.693,1,142.3,39.3
20.5,574,575,9.714,1,142.2,38.6
20.52,573,574,9.605,1,142.1,39.8
20.55,574,574,9.279,1,142.4,39.8
20.58,575,574,9.034,1,142.5,39.7
20.6,571,574,9.067,1,141.8,39.7
20.63,569,574,9.295,1,141.3,39.6
20.65,567,574,9.351,1,141.3,39.6
20.68,566,573,9.115,1,141.3,39.6
20.7,567,571,8.977,1,141.5,39.5
20.73,568,569,9.006,1,141.6,39.5
20.75,569,569,9.067,1,141.6,39.5
20.78,570,569,9.323,1,141.7,39.5
20.8,570,569,9.477,1,141.5,39.5
20.83,569,569,9.476,1,141.3,39.4
20.86,570,569,9.317,1,141.6,39.4
20.88,573,569,9.265,1,142.1,39.4
20.91,574,570,9.469,1,142.2,39.4
20.93,573,570,9.526,1,142.0,39.4
20.96,574,570,9.67,1,142.2,39.4
20.98,576,573,9.384,1,142.5,39.4
21.01,575,573,9.573,1,142.1,39.4
21.03,573,573,9.368,1,142.1,39.3
21.06,574,574,9.154,1,142.4,39.4
21.08,575,574,9.49,1,142.3,39.4
21.11,573,574,9.565,1,142.1,39.4
21.13,574,574,9.539,1,142.1,39.4
21.16,575,574,9.445,1,142.5,39.3
21.19,577,575,9.341,1,142.8,39.3
21.21,577,575,9.426,1,142.8,39.4
21.24,578,575,9.35,1,142.8,39.3
21.26,578,575,9.374,1,142.8,39.4
21.29,578,577,9.402,1,143.0,39.3
21.31,576,577,9.547,1,142.4,39.3
21.34,575,577,9.399,1,142.2,39.3
21.36,574,577,9.256,1,142.3,39.4
21.39,572,577,9.549,1,141.8,39.3
21.41,573,576,9.425,1,142.0,39.4
21.44,573,575,9.493,1,142.0,39.3
21.47,573,574,9.59,1,142.0,39.4
21.49,574,574,9.423,1,142.1,39.3
21.52,576,574,9.443,1,142.4,39.0
21.54,576,574,9.403,1,142.4,39.4
21.57,577,574,9.426,1,142.5,39.4
21.59,578,574,9.477,1,142.7,39.4
21.62,579,576,9.693,1,142.8,39.4
21.64,578,576,9.639,1,142.7,39.4
21.67,580,577,9.713,1,142.7,39.4
21.69,579,578,9.655,1,142.7,39.4
21.72,580,578,9.511,1,143.0,39.4
21.75,582,579,9.489,1,143.1,39.3
21.77,584,579,9.383,1,143.2,39.4
21.8,583,580,9.513,1,143.0,39.3
21.82,581,580,9.697,1,142.8,39.4
21.85,582,581,9.704,1,143.1,39.3
21.87,583,582,9.614,1,143.4,39.4
21.9,582,582,9.723,1,143.0,39.3
21.92,584,582,9.516,1,143.4,39.4
21.95,583,583,9.722,1,143.0,39.3
21.97,584,583,9.317,1,143.8,39.4
22.0,585,583,9.851,1,143.4,39.3
22.02,583,583,9.945,1,143.0,39.4
22.05,582,583,9.914,1,143.1,39.3
22.08,583,583,9.566,1,143.4,39.4
22.1,582,583,9.152,1,143.4,39.3
22.13,578,583,9.262,1,143.2,39.4
22.15,578,583,9.367,1,143.1,39.3
22.18,578,582,9.346,1,143.3,39.4
22.2,580,582,9.283,1,143.6,39.3
22.23,580,580,9.119,1,143.8,39.3
22.25,583,580,8.957,1,144.1,39.3
22.28,583,580,9.034,1,144.2,39.4
22.3,583,580,8.993,1,144.2,39.3
22.33,584,580,8.941,1,144.3,39.4
22.36,584,583,8.931,1,144.4,39.3
22.38,585,583,8.878,1,144.6,39.3
22.41,586,583,8.67,1,144.9,39.3
22.43,588,584,8.565,1,144.9,39.4
22.46,587,584,8.815,1,144.5,39.3
22.48,589,585,8.618,1,144.9,39.4
22.51,592,586,8.987,1,144.6,39.2
22.53,588,587,9.292,1,144.0,39.4
22.56,586,587,9.346,1,143.8,39.3
22.59,585,587,9.219,1,143.8,39.3
22.61,583,587,9.294,1,143.6,39.3
22.64,581,587,9.443,1,143.4,39.3
22.66,584,586,9.166,1,144.0,39.3
22.69,587,586,9.257,1,144.0,39.4
22.71,588,586,9.33,1,144.0,39.3
22.74,587,586,9.43,1,143.9,39.4
22.76,588,586,9.346,1,144.1,39.3
22.79,586,586,9.353,1,144.0,39.4
22.81,587,587,9.279,1,144.2,39.3
22.84,588,587,9.018,1,144.5,39.4
22.86,590,587,9.132,1,144.5,39.3
22.89,592,588,8.911,1,144.7,39.3
22.92,593,588,8.547,1,145.1,39.3
22.94,597,588,8.868,1,145.1,39.4
22.97,596,590,8.863,1,145.2,39.3
22.99,596,592,8.841,1,145.3,39.3
23.02,597,593,8.663,1,145.7,39.3
23.04,597,596,8.582,1,145.8,39.3
23.07,592,596,8.311,1,146.0,39.3
23.09,591,596,8.316,1,146.0,39.4
23.12,593,596,8.079,1,146.2,39.3
23.14,592,596,8.177,1,146.2,39.4
23.17,590,593,8.208,1,146.2,39.3
23.19,590,592,8.202,1,146.1,39.4
23.22,588,592,8.104,1,145.9,39.3
23.25,586,591,8.273,1,145.5,39.3
23.27,587,590,8.287,1,145.5,39.3
23.3,586,590,8.498,1,145.2,39.3
23.32,585,588,8.754,1,144.9,39.3
23.35,586,587,8.403,1,145.4,39.4
23.37,590,587,8.535,1,145.3,39.3
23.4,588,587,8.37,1,145.2,39.3
23.42,587,587,8.415,1,144.9,39.3
23.45,589,587,8.347,1,145.4,39.4
23.48,590,587,8.507,1,145.4,39.3
23.5,589,588,8.31,1,145.3,39.4
23.53,588,588,8.334,1,145.3,39.3
23.55,588,588,8.428,1,145.3,39.4
23.58,585,588,8.258,1,145.3,39.3
23.6,582,588,8.45,1,144.7,39.4
23.63,580,588,8.435,1,144.4,39.3
23.65,577,588,8.505,1,144.1,39.4
23.68,580,585,8.503,1,144.9,39.3
23.7,583,583,8.179,1,145.6,39.4
23.73,588,583,8.114,1,145.6,39.3
23.75,586,583,8.142,1,145.5,39.4
23.78,585,583,8.383,1,145.2,39.3
23.81,582,582,8.377,1,144.8,39.4
23.83,578,582,8.501,1,144.2,39.3
23.86,578,582,8.762,1,144.0,39.4
23.88,580,582,8.598,1,144.3,39.3
23.91,584,583,8.548,1,144.7,39.3
23.93,585,584,8.584,1,144.7,39.3
23.96,585,584,8.757,1,144.5,39.4
23.98,584,584,8.662,1,144.5,39.3
24.01,583,583,8.799,1,144.4,39.4
24.03,582,583,8.809,1,144.4,39.3
24.06,580,583,8.873,1,144.0,39.4
24.09,579,583,8.767,1,144.0,39.3
24.11,581,583,8.778,1,144.2,39.4
24.14,581,582,8.831,1,144.2,39.3
24.16,581,581,8.827,1,144.3,39.4
24.19,583,581,8.762,1,144.7,39.3
24.21,585,581,8.565,1,144.9,39.3
24.24,587,581,8.969,1,144.6,39.3
24.26,588,581,8.765,1,144.7,39.4
24.29,588,583,8.691,1,144.7,39.3
24.31,585,585,8.877,1,144.4,39.3
24.34,583,585,8.793,1,144.1,39.3
24.37,585,585,8.979,1,144.4,39.4
24.39,585,585,9.165,1,144.2,39.3
24.42,584,585,9.126,1,144.1,39.4
24.44,584,585,8.826,1,144.4,39.3
24.47,585,585,8.952,1,144.4,39.4
24.49,584,585,8.742,1,144.3,39.3
24.52,584,584,8.813,1,144.5,39.3
24.54,584,584,8.856,1,144.6,39.3
24.57,582,584,8.8,1,144.3,39.3
24.59,582,584,8.876,1,144.2,39.3
24.62,583,584,8.787,1,144.4,39.4
24.65,583,584,8.904,1,144.4,39.3
24.67,584,584,8.84,1,144.4,39.4
24.7,585,584,8.983,1,144.5,39.3
24.72,587,584,9.018,1,144.6,39.4
24.75,587,584,9.225,1,144.4,39.3
24.77,587,584,9.365,1,144.4,39.3
24.8,587,585,9.419,1,144.3,39.3
24.82,588,587,9.53,1,144.4,39.3
24.85,588,587,9.385,1,144.4,39.3
24.87,588,587,9.267,1,144.4,39.4
24.9,587,587,8.989,1,144.3,39.3
24.92,584,587,9.157,1,144.1,39.4
24.95,582,587,9.169,1,143.8,39.3
24.98,583,587,8.954,1,144.1,39.3
25.0,585,587,9.039,1,144.2,39.3
25.03,586,586,9.083,1,144.2,39.3
25.05,587,586,9.074,1,144.3,39.3
25.08,589,586,9.272,1,144.3,39.4
25.1,589,586,9.202,1,144.3,39.3
25.13,588,586,9.341,1,144.1,39.3
25.15,587,587,9.354,1,144.2,39.3
25.18,587,587,9.391,1,144.2,39.4
25.2,586,587,9.314,1,144.2,39.3
25.23,588,587,9.011,1,144.7,39.3
25.26,589,588,8.98,1,144.7,39.3
25.28,587,588,9.097,1,144.5,39.4
25.31,586,587,9.078,1,144.2,39.3
25.33,585,587,9.227,1,144.1,39.4
25.36,584,587,9.363,1,144.1,39.2
25.38,582,586,9.256,1,143.8,39.4
25.41,580,586,9.591,1,143.5,39.3
25.43,581,585,9.499,1,143.6,39.3
25.46,582,584,9.614,1,143.8,39.3
25.48,582,582,9.504,1,143.9,39.4
25.51,585,582,9.426,1,144.3,39.3
25.54,585,582,9.363,1,144.3,39.3
25.56,585,582,9.345,1,144.3,39.3
25.59,584,582,9.437,1,144.1,39.3
25.61,584,584,9.347,1,144.1,39.3
25.64,586,584,9.327,1,144.3,39.3
25.66,586,585,9.417,1,144.3,39.3
25.69,584,585,9.432,1,143.9,39.3
25.71,585,585,9.394,1,144.2,39.3
25.74,587,585,9.398,1,144.4,39.3
25.76,587,585,9.386,1,144.2,39.3
25.79,585,585,9.437,1,144.1,39.4
25.82,586,586,9.398,1,144.2,39.3
25.84,587,586,9.469,1,144.3,39.4
25.87,585,586,9.559,1,144.0,39.3
25.89,585,585,9.457,1,144.0,39.3
25.92,585,585,9.349,1,144.1,39.3
25.94,585,585,9.526,1,144.1,39.4
25.97,584,585,9.381,1,144.1,39.3
25.99,583,585,9.415,1,144.1,39.4
26.02,582,585,9.451,1,143.9,39.3
26.04,581,585,9.13,1,144.0,39.3
26.07,580,584,9.099,1,144.1,39.3
26.09,576,583,9.133,1,143.8,39.4
26.12,575,582,8.913,1,143.8,39.3
26.15,577,581,8.969,1,144.2,39.4
26.17,575,580,8.93,1,143.9,39.3
26.2,573,577,9.177,1,143.5,39.3
26.22,572,576,9.245,1,143.6,39.3
26.25,573,575,8.971,1,144.0,39.3
26.27,572,575,8.974,1,143.9,39.3
26.3,574,574,8.875,1,144.3,39.4
26.32,577,574,8.411,1,144.9,39.3
26.35,580,574,8.832,1,145.0,39.3
26.38,577,574,8.958,1,144.6,39.3
26.4,577,574,8.963,1,144.6,39.4
26.43,579,577,8.459,1,145.3,39.3
26.45,580,577,8.515,1,145.3,39.4
26.48,580,577,8.494,1,145.5,39.3
26.5,580,579,8.441,1,145.4,39.3
26.53,580,580,8.57,1,145.4,39.2
26.57,579,580,8.384,1,145.3,38.0
26.58,579,579,8.361,1,145.4,40.7
26.6,578,579,8.507,1,145.2,41.0
26.63,576,579,8.351,1,144.8,40.8
26.65,574,579,8.537,1,144.6,40.7
26.68,575,579,8.462,1,144.7,40.5
26.7,578,578,8.297,1,145.3,40.5
26.73,580,578,8.408,1,145.4,40.3
26.75,580,578,8.503,1,145.3,40.3
26.78,581,578,8.552,1,145.4,40.1
26.8,583,578,8.561,1,145.4,40.1
26.83,584,580,8.567,1,145.4,39.9
26.86,583,580,8.764,1,145.0,39.9
26.88,585,581,8.885,1,145.1,39.8
26.91,585,583,9.059,1,145.0,39.8
26.93,586,583,9.069,1,145.0,39.7
26.96,587,584,9.103,1,145.1,39.7
26.98,585,585,9.128,1,144.9,39.6
27.01,586,585,9.141,1,144.8,39.7
27.03,588,585,8.936,1,145.3,39.6
27.06,588,586,8.885,1,145.3,39.6
27.08,587,586,8.951,1,145.2,39.5
27.11,586,586,8.901,1,145.1,39.5
27.14,585,586,8.859,1,145.3,39.5
27.16,582,586,8.951,1,144.9,39.5
27.19,582,586,8.811,1,144.8,39.5
27.21,585,586,8.469,1,145.5,39.5
27.24,586,586,8.719,1,145.4,39.4
27.26,587,586,8.885,1,145.4,39.5
27.29,587,586,8.959,1,145.3,39.4
27.31,587,586,8.914,1,145.2,39.4
27.34,588,586,8.967,1,145.2,39.4
27.36,588,587,8.818,1,145.1,39.4
27.39,588,587,8.85,1,145.2,39.3
27.42,585,587,8.768,1,145.0,39.4
27.44,585,587,8.68,1,145.2,39.3
27.47,585,587,8.869,1,145.0,39.4
27.49,585,587,9.047,1,145.0,39.3
27.52,584,585,8.891,1,144.6,39.4
27.54,584,585,9.012,1,144.7,39.3
27.57,585,585,8.853,1,144.8,39.4
27.59,584,585,8.866,1,144.7,39.3
27.62,585,585,9.155,1,144.7,39.4
27.64,585,585,9.193,1,144.7,39.3
27.67,584,585,9.033,1,144.5,39.4
27.7,583,584,9.022,1,144.3,39.3
27.72,584,584,8.874,1,144.7,39.4
27.75,585,584,8.883,1,144.8,39.3
27.77,585,585,9.141,1,144.7,39.4
27.8,584,584,9.136,1,144.6,39.3
27.82,585,585,9.02,1,144.9,39.4
27.85,585,585,8.902,1,145.0,39.3
27.87,583,584,8.738,1,144.7,39.4
27.9,582,584,8.675,1,144.5,39.3
27.92,580,584,8.685,1,144.4,39.4
27.95,580,584,8.836,1,144.3,39.3
27.97,580,583,8.655,1,144.4,39.4
28.0,582,582,8.75,1,144.5,39.3
28.03,581,582,8.859,1,144.1,39.3
28.05,582,582,8.883,1,144.2,39.3
28.08,583,582,8.929,1,144.4,39.4
28.1,583,582,8.846,1,144.6,39.3
28.13,582,582,9.11,1,144.2,39.4
28.15,582,582,9.002,1,144.2,39.3
28.18,581,582,8.867,1,144.3,39.3
28.2,579,582,8.715,1,144.4,39.3
28.23,580,582,8.69,1,144.6,39.3
28.26,580,582,8.627,1,144.7,39.3
28.28,579,581,8.635,1,144.9,39.3
28.31,579,580,8.608,1,144.8,39.3
28.33,580,580,8.381,1,145.3,39.3
28.36,581,580,8.39,1,145.4,39.3
28.38,582,580,8.421,1,145.4,39.4
28.41,582,580,8.49,1,145.1,39.3
28.43,582,580,8.773,1,145.0,39.4
28.46,580,580,8.799,1,144.6,39.3
28.48,579,580,8.808,1,144.4,39.4
28.51,580,580,8.807,1,144.5,39.3
28.53,581,581,8.646,1,144.8,39.4
28.56,581,581,8.679,1,145.0,39.3
28.59,581,581,8.505,1,145.0,39.3
28.61,580,581,8.551,1,144.9,39.3
28.64,581,581,8.747,1,144.9,39.3
28.66,582,581,8.694,1,144.8,39.3
28.69,582,581,8.707,1,144.9,39.4
28.71,580,581,8.518,1,144.6,39.3
28.74,578,581,8.629,1,144.4,39.3
28.76,577,581,8.76,1,144.3,39.3
28.79,578,580,8.599,1,144.8,39.3
28.81,580,580,8.707,1,145.0,39.3
28.84,580,580,8.636,1,145.0,39.3
28.87,581,580,8.679,1,144.9,39.3
28.89,582,580,8.7,1,145.1,39.3
28.92,581,580,8.775,1,144.9,39.3
28.94,580,580,8.823,1,144.7,39.3
28.97,581,580,8.968,1,144.8,39.3
28.99,582,581,8.882,1,144.8,39.4
29.02,583,581,8.652,1,145.0,39.3
29.04,583,581,8.582,1,145.0,39.3
29.07,582,582,8.661,1,144.9,39.3
29.09,580,582,8.687,1,144.6,39.3
29.12,581,581,8.911,1,144.7,39.3
29.15,582,582,8.871,1,144.9,39.3
29.17,582,582,8.905,1,144.8,39.3
29.2,583,582,8.855,1,145.0,39.4
29.22,581,582,8.657,1,145.0,39.3
29.25,579,582,8.547,1,144.9,39.3
29.27,578,581,8.603,1,144.7,39.3
29.3,578,581,8.567,1,144.9,39.4
29.32,579,581,8.672,1,145.0,39.3
29.35,581,581,8.67,1,145.1,39.3
29.37,581,581,8.592,1,145.1,39.3
29.4,584,581,8.665,1,145.3,39.3
29.43,583,581,8.713,1,145.1,39.3
29.45,583,581,8.901,1,144.9,39.4
29.48,584,581,8.747,1,145.2,39.3
29.5,585,583,8.751,1,145.4,39.4
29.53,584,583,8.793,1,145.1,39.3
29.55,584,584,8.616,1,145.2,39.3
29.58,585,584,8.547,1,145.4,39.3
29.6,585,584,8.545,1,145.4,39.3
29.63,585,584,8.625,1,145.4,39.3
29.65,585,585,8.785,1,145.5,39.3
29.68,584,585,8.565,1,145.5,39.2
29.7,582,585,8.627,1,145.1,39.3
29.73,582,584,8.587,1,145.3,39.3
29.76,583,584,8.555,1,145.5,39.3
29.78,582,584,8.675,1,145.3,39.3
29.81,582,583,8.659,1,145.3,39.3
29.83,584,583,8.556,1,145.6,39.3
29.86,585,583,8.644,1,145.7,39.3
29.88,584,583,8.55,1,145.4,39.3
29.91,584,583,8.63,1,145.2,39.3
29.93,584,584,8.733,1,145.2,39.3
29.96,581,584,8.595,1,144.9,39.3
29.98,579,584,8.928,1,144.4,39.3
30.01,577,584,8.871,1,144.1,39.3
30.04,578,584,8.695,1,144.3,39.3
30.06,581,581,8.477,1,144.7,39.3
30.09,583,581,8.409,1,145.2,39.3
30.11,587,581,8.625,1,145.2,39.3
30.14,589,581,8.542,1,145.6,39.3
30.16,590,581,8.749,1,145.6,39.3
30.19,589,583,8.659,1,145.5,39.3
30.21,590,587,8.646,1,145.6,39.3
30.24,588,588,8.527,1,145.6,39.3
30.26,586,588,8.402,1,145.4,39.3
30.29,585,588,8.41,1,145.3,39.3
30.32,587,588,8.411,1,145.8,39.3
30.34,587,588,8.386,1,145.7,39.3
30.37,585,587,8.312,1,145.7,39.4
30.39,587,587,8.33,1,146.0,39.3
30.42,588,587,8.27,1,146.1,39.4
30.44,588,587,8.225,1,146.0,39.3
30.47,588,587,8.378,1,145.8,39.3
30.49,588,587,8.429,1,145.7,39.3
30.52,588,588,8.505,1,145.7,39.4
30.54,589,588,8.251,1,145.8,39.3
30.57,590,588,8.367,1,145.9,39.4
30.6,590,588,8.375,1,146.0,39.3
30.62,590,588,8.368,1,145.9,39.3
30.65,590,589,8.412,1,146.0,39.3
30.67,591,590,8.129,1,146.4,39.4
30.7,592,590,8.125,1,146.4,39.3
30.72,590,590,7.995,1,146.3,39.3
30.75,592,590,7.955,1,146.5,39.3
30.77,591,590,8.02,1,146.3,39.3
30.8,592,591,8.009,1,146.5,39.3
30.82,593,591,8.194,1,146.4,39.4
30.85,593,592,8.247,1,146.3,39.3
30.87,595,592,8.219,1,146.4,39.4
30.9,597,592,8.075,1,146.4,39.3
30.93,598,593,8.217,1,146.5,39.3
30.95,598,593,8.357,1,146.5,39.3
30.98,598,595,8.18,1,146.5,39.4
31.0,597,597,8.055,1,146.6,39.3
31.03,593,597,8.049,1,146.8,39.3
31.05,591,597,8.004,1,146.6,39.3
31.08,593,597,7.769,1,147.1,39.3
31.1,595,597,7.915,1,147.3,39.3
31.13,595,595,7.939,1,147.3,39.3
31.15,596,595,7.918,1,147.4,39.3
31.18,599,595,7.929,1,147.6,39.4
31.21,603,595,7.902,1,147.5,39.3
31.23,601,595,8.061,1,146.8,39.2
31.26,601,596,8.112,1,146.7,39.3
31.28,602,599,8.144,1,146.5,39.4
31.31,601,601,8.186,1,146.3,39.3
31.33,599,601,8.255,1,146.3,39.4
31.36,600,601,8.054,1,146.6,39.3
31.38,600,601,8.058,1,146.6,39.3
31.41,599,601,7.863,1,146.7,39.3
31.43,600,600,7.889,1,146.9,39.4
31.46,600,600,7.843,1,147.0,39.3
31.49,599,600,7.733,1,147.0,39.4
31.51,600,600,7.747,1,147.0,39.3
31.54,600,600,7.818,1,147.0,39.3
31.56,600,600,7.948,1,146.8,39.3
31.59,600,600,7.915,1,146.6,39.3
31.62,603,600,7.946,1,146.5,39.1
31.64,604,600,8.341,1,146.4,39.2
31.67,605,600,8.284,1,146.3,39.2
31.69,606,600,8.293,1,146.2,39.2
31.72,606,603,8.248,1,146.3,39.2
31.74,605,604,8.27,1,146.3,39.3
31.77,604,604,7.919,1,146.5,39.3
31.79,603,604,7.835,1,146.7,39.3
31.82,598,604,7.673,1,146.9,39.3
31.84,598,604,7.77,1,147.0,39.3
31.87,598,604,7.595,1,147.2,39.3
31.89,598,603,7.523,1,147.3,39.3
31.92,596,598,7.661,1,147.3,39.3
31.95,600,598,7.599,1,147.4,39.3
31.97,600,598,7.689,1,147.3,39.3
32.0,602,598,7.843,1,147.2,39.3
32.02,603,598,7.881,1,146.9,39.3
32.05,603,600,7.951,1,146.7,39.2
32.07,603,600,7.93,1,146.7,39.3
32.1,602,602,7.999,1,146.5,39.4
32.12,603,602,8.119,1,146.5,39.3
32.15,603,603,7.987,1,146.5,39.4
32.17,603,603,7.952,1,146.7,39.3
32.2,602,603,8.029,1,146.5,39.4
32.23,603,603,8.059,1,146.7,39.3
32.25,602,603,7.939,1,146.8,39.4
32.28,600,603,7.83,1,146.7,39.3
32.3,601,602,7.902,1,146.7,39.4
32.33,602,602,7.635,1,147.0,39.3
32.35,602,602,7.723,1,147.1,39.4
32.38,601,602,7.813,1,147.0,39.3
32.4,603,602,7.813,1,147.3,39.4
32.43,604,602,7.817,1,147.4,39.3
32.45,604,602,7.737,1,147.3,39.4
32.48,605,602,7.842,1,147.1,39.3
32.5,604,603,7.746,1,147.2,39.4
32.53,604,604,7.713,1,147.2,39.3
32.56,603,604,7.775,1,147.1,39.4
32.58,599,604,7.781,1,146.8,39.3
32.61,599,604,7.734,1,146.6,39.4
32.63,602,604,7.829,1,146.6,39.3
32.66,601,603,7.784,1,146.7,39.4
32.68,601,602,7.837,1,146.6,39.3
32.71,603,602,8.073,1,146.3,39.4
32.73,605,602,8.036,1,146.2,39.3
32.76,605,602,8.143,1,146.1,39.3
32.79,604,602,8.055,1,146.0,39.3
32.81,603,603,7.959,1,145.9,39.4
32.84,603,603,7.978,1,146.1,39.3
32.86,599,603,7.876,1,146.1,39.4
32.89,600,603,7.993,1,146.0,39.3
32.91,602,603,7.921,1,146.3,39.3
32.94,599,603,7.93,1,146.3,39.3
32.96,602,602,7.897,1,146.3,39.4
32.99,603,602,7.931,1,146.3,39.3
33.01,604,602,7.963,1,146.4,39.4
33.04,604,602,8.107,1,146.2,39.3
33.06,603,602,8.09,1,146.1,39.3
33.09,606,603,8.139,1,146.1,39.3
33.12,606,603,8.035,1,146.0,39.4
33.14,608,604,8.099,1,145.9,39.3
33.17,608,604,8.095,1,145.9,39.4
33.19,607,606,8.251,1,145.9,39.3
33.22,608,606,8.261,1,145.8,39.4
33.24,608,607,8.252,1,145.8,39.3
33.27,607,607,8.119,1,146.0,39.4
33.29,608,608,8.053,1,146.0,39.3
33.32,608,608,8.037,1,146.2,39.3
33.34,608,608,8.223,1,146.1,39.3
33.37,606,608,8.289,1,146.1,39.3
33.4,605,608,8.387,1,146.0,39.3
33.42,603,608,8.232,1,146.3,39.4
33.45,600,607,8.098,1,146.3,39.3
33.47,600,606,7.917,1,146.4,39.4
33.5,602,605,7.898,1,146.4,39.3
33.52,604,604,8.196,1,146.4,39.4
33.55,604,604,8.175,1,146.2,39.3
33.57,604,604,8.376,1,146.0,39.4
33.6,605,604,8.39,1,146.1,39.3
33.62,604,604,8.417,1,146.0,39.4
33.65,604,604,8.385,1,145.9,39.3
33.68,608,604,8.194,1,146.3,39.3
33.7,611,604,8.223,1,146.2,39.3
33.73,611,604,8.354,1,145.8,39.4
33.75,611,605,8.488,1,145.8,39.3
33.78,613,608,8.609,1,145.7,39.4
33.8,613,611,8.701,1,145.5,39.3
33.83,612,611,8.743,1,145.5,39.3
33.85,613,611,8.788,1,145.6,39.3
33.88,612,612,8.72,1,145.7,39.4
33.9,611,612,8.451,1,145.8,39.3
33.93,610,612,8.297,1,146.0,39.4
33.96,609,612,8.236,1,146.1,39.3
33.98,608,612,8.15,1,146.1,39.3
34.01,609,611,8.162,1,146.3,39.3
34.03,610,610,8.088,1,146.4,39.3
34.06,612,610,8.315,1,146.3,39.3
34.08,614,610,8.356,1,146.0,39.3
34.11,614,610,8.505,1,145.9,39.3
34.13,615,610,8.547,1,145.9,39.3
34.16,615,612,8.47,1,145.8,39.3
34.18,614,614,8.474,1,145.8,39.3
34.21,613,614,8.155,1,146.1,39.3
34.24,613,614,8.104,1,146.2,39.3
34.26,611,614,8.131,1,146.3,39.3
34.29,608,614,7.851,1,146.4,39.3
34.31,608,613,7.824,1,146.4,39.3
34.34,610,613,7.99,1,146.3,39.3
34.36,606,611,8.022,1,146.2,39.3
34.39,606,610,8.047,1,146.2,39.3
34.41,610,610,7.983,1,146.1,39.3
34.44,610,610,8.022,1,146.1,39.3
34.46,608,608,8.113,1,146.0,39.3
34.49,608,608,7.971,1,146.2,39.4
34.51,610,608,7.903,1,146.2,39.3
34.54,609,609,7.846,1,146.4,39.3
34.57,610,609,7.901,1,146.6,39.3
34.59,607,609,7.838,1,146.6,39.4
34.62,609,609,7.705,1,146.7,39.3
34.64,607,609,7.736,1,146.6,39.4
34.67,603,608,7.946,1,146.5,39.3
34.69,604,608,7.913,1,146.4,39.4
34.72,604,607,7.925,1,146.3,39.3
34.74,606,607,7.957,1,146.2,39.3
34.77,612,607,7.885,1,146.5,39.3
34.79,612,607,7.969,1,146.2,39.4
34.82,612,607,8.07,1,146.0,39.3
34.85,616,607,8.073,1,146.1,39.4
34.87,614,612,8.036,1,146.1,39.3
34.9,614,612,8.064,1,146.1,39.3
34.92,612,612,7.921,1,146.2,39.3
34.95,611,612,7.858,1,146.4,39.4
34.97,610,612,7.688,1,146.6,39.3
35.0,607,612,7.897,1,146.6,39.3
35.02,607,612,7.879,1,146.6,39.3
35.05,607,611,7.807,1,146.6,39.3
35.07,609,610,7.777,1,146.9,39.3
35.1,612,610,7.731,1,147.0,39.4
35.13,612,610,7.758,1,146.8,39.3
35.15,610,610,7.683,1,146.7,39.4
35.18,610,610,7.851,1,146.8,39.3
35.2,610,610,7.739,1,146.7,39.3
35.23,609,610,7.728,1,146.7,39.2
35.25,608,610,7.721,1,146.8,39.4
35.28,608,610,7.816,1,146.8,39.3
35.3,610,610,7.691,1,146.9,39.4
35.33,610,610,7.792,1,146.9,39.3
35.35,609,610,7.826,1,146.6,39.4
35.38,609,609,7.838,1,146.6,39.3
35.4,609,609,7.791,1,146.7,39.4
35.43,609,609,7.81,1,146.8,39.3
35.47,607,609,7.737,1,146.6,38.0
35.48,606,609,7.757,1,146.8,40.5
35.52,606,609,7.856,1,146.9,40.0
35.54,607,609,7.805,1,146.9,39.8
35.56,611,609,7.774,1,146.8,41.2
35.58,611,609,7.81,1,146.9,40.6
35.61,612,609,7.795,1,146.9,41.2
35.63,611,609,7.863,1,146.6,40.9
35.66,610,610,7.848,1,146.4,40.8
35.68,611,611,7.871,1,146.4,40.6
35.71,609,611,8.044,1,146.1,40.5
35.73,608,611,8.227,1,145.8,40.3
35.76,610,611,8.153,1,145.8,40.3
35.78,610,610,8.247,1,145.7,40.2
35.81,611,610,8.332,1,145.8,40.1
35.84,611,610,8.247,1,145.8,40.0
35.86,612,610,8.158,1,145.9,40.0
35.89,613,611,8.194,1,145.8,39.8
35.91,613,611,8.238,1,145.9,39.9
35.94,615,611,8.097,1,145.9,39.8
35.96,614,612,8.162,1,145.9,39.7
35.99,613,613,8.15,1,145.8,39.7
36.01,612,613,8.203,1,146.0,39.7
36.04,611,613,8.039,1,145.9,39.6
36.06,610,613,8.048,1,146.0,39.6
36.09,611,613,7.923,1,146.2,39.6
36.11,611,612,7.899,1,146.3,39.6
36.14,606,611,7.992,1,146.3,39.5
36.17,605,611,7.922,1,146.3,39.5
36.19,606,611,7.975,1,146.5,39.5
36.22,606,610,8.006,1,146.3,39.5
36.24,604,606,7.941,1,146.2,39.4
36.27,606,606,7.991,1,146.2,39.5
36.29,606,606,7.914,1,146.2,39.4
36.32,610,606,7.973,1,146.1,39.4
36.34,612,606,8.058,1,146.2,39.4
36.37,612,606,8.013,1,146.1,39.4
36.39,612,606,8.098,1,146.0,39.4
36.42,612,610,8.184,1,146.0,39.4
36.45,612,612,8.202,1,146.1,39.3
36.47,612,612,7.979,1,146.0,39.4
36.5,610,612,7.928,1,145.9,39.3
36.52,610,612,7.973,1,146.1,39.4
36.55,606,612,8.015,1,146.0,39.3
36.57,606,612,8.03,1,146.1,39.4
36.6,606,610,7.853,1,146.3,39.3
36.62,611,610,7.863,1,146.5,39.4
36.65,607,610,7.817,1,146.4,39.3
36.67,605,607,7.808,1,146.4,39.4
36.7,600,606,7.921,1,146.1,39.3
36.73,599,606,8.062,1,145.9,39.3
36.75,600,606,8.111,1,145.7,39.3
36.78,600,605,8.017,1,145.7,39.4
36.8,600,600,8.114,1,145.7,39.3
36.83,601,600,8.041,1,145.7,39.4
36.85,603,600,8.227,1,145.8,39.3
36.88,604,600,8.129,1,145.7,39.4
36.9,605,600,8.207,1,145.7,39.3
36.93,607,601,8.209,1,145.8,39.4
36.95,607,603,8.315,1,145.9,39.3
36.98,608,604,8.186,1,145.9,39.4
37.01,609,605,8.144,1,146.1,39.3
37.03,609,607,8.086,1,146.2,39.2
37.06,609,607,8.054,1,146.3,39.3
37.08,607,607,7.836,1,146.6,39.4
37.11,607,607,7.727,1,146.7,39.3
37.13,606,607,7.92,1,146.8,39.4
37.16,605,607,7.763,1,146.7,39.3
37.18,605,607,7.798,1,146.8,39.4
37.21,604,607,7.849,1,146.5,39.3
37.23,603,606,7.904,1,146.0,39.3
37.26,604,605,7.933,1,146.0,39.3
37.28,605,605,8.006,1,146.0,39.4
37.31,606,605,8.065,1,146.0,39.3
37.34,605,605,7.99,1,146.1,39.3
37.36,608,605,7.973,1,146.3,39.3
37.39,608,605,7.914,1,146.4,39.4
37.41,608,605,7.893,1,146.4,39.3
37.44,608,606,7.876,1,146.5,39.3
37.46,605,606,7.713,1,146.7,39.3
37.49,603,606,7.813,1,146.7,39.3
37.51,602,606,7.728,1,146.7,39.3
37.54,602,605,7.783,1,146.9,39.4
37.56,602,605,7.756,1,146.9,39.3
37.59,602,603,7.695,1,146.8,39.4
37.62,605,603,7.835,1,146.9,39.3
37.64,606,603,7.757,1,146.9,39.3
37.67,607,603,7.826,1,146.6,39.3
37.69,607,603,7.9,1,146.7,39.4
37.73,607,605,7.889,1,146.7,38.1
37.74,606,606,7.821,1,146.4,41.4
37.77,605,606,7.893,1,146.4,41.2
37.79,606,606,7.761,1,146.7,41.0
37.82,606,606,7.794,1,146.6,40.8
37.84,604,606,7.931,1,146.6,40.7
37.87,604,606,7.81,1,146.8,40.5
37.91,604,606,7.766,1,146.9,39.6
37.93,603,605,7.68,1,147.0,39.2
37.95,604,604,7.679,1,147.2,40.8
37.98,606,604,7.679,1,147.5,40.0
38.0,606,604,7.685,1,147.6,41.4
38.02,606,604,7.544,1,147.6,41.1
38.05,606,604,7.402,1,147.9,41.0
38.07,608,606,7.34,1,148.0,40.8
38.1,608,606,7.273,1,147.9,40.7
38.12,608,606,7.331,1,148.0,40.5
38.15,608,606,7.465,1,147.9,40.4
38.18,608,608,7.497,1,147.8,40.3
38.2,607,608,7.519,1,147.7,40.2
38.23,607,608,7.663,1,147.6,40.1
38.25,609,608,7.677,1,147.4,40.0
38.28,610,608,7.661,1,147.3,39.9
38.3,611,608,7.584,1,147.4,39.9
38.33,611,608,7.675,1,147.2,39.8
38.35,609,609,7.632,1,147.1,39.8
38.38,609,609,7.643,1,147.3,39.7
38.4,608,609,7.645,1,147.2,39.7
38.43,607,609,7.706,1,147.1,39.6
38.45,606,609,7.591,1,147.1,39.7
38.48,606,609,7.525,1,147.3,39.6
38.51,606,608,7.549,1,147.2,39.6
38.53,606,607,7.657,1,147.1,39.5
38.56,607,607,7.707,1,147.1,39.5
38.58,607,607,7.573,1,147.0,39.5
38.61,606,606,7.683,1,146.9,39.5
38.63,610,606,7.471,1,147.0,39.5
38.66,609,606,7.827,1,146.9,39.5
38.68,611,607,7.886,1,146.8,39.4
38.71,611,607,7.806,1,146.8,39.4
38.74,611,609,7.934,1,146.9,39.4
38.76,611,610,7.809,1,146.8,39.4
38.79,611,611,7.759,1,146.7,39.4
38.81,612,611,7.859,1,146.9,39.4
38.84,611,611,7.83,1,146.8,39.4
38.86,609,611,7.905,1,146.8,39.4
38.89,609,611,7.679,1,146.9,39.3
38.91,611,611,7.81,1,147.1,39.4
38.94,611,611,7.851,1,147.2,39.3
38.96,611,611,7.747,1,147.2,39.4
38.99,612,611,7.519,1,147.4,39.3
39.02,612,611,7.678,1,147.4,39.3
39.04,612,611,7.598,1,147.3,39.3
39.07,611,611,7.691,1,147.4,39.4
39.09,611,611,7.647,1,147.4,39.3
39.12,611,611,7.678,1,147.4,39.4
39.14,611,611,7.544,1,147.5,39.3
39.17,609,611,7.662,1,147.4,39.4
39.19,609,611,7.615,1,147.4,39.3
39.22,609,611,7.49,1,147.5,39.4
39.24,611,611,7.73,1,147.6,39.3
39.27,609,611,7.634,1,147.4,39.3
39.29,609,609,7.63,1,147.3,39.3
39.32,611,609,7.578,1,147.5,39.3
39.35,613,609,7.743,1,147.3,39.3
39.37,612,609,7.758,1,147.1,39.4
39.4,611,611,7.783,1,147.1,39.3
39.42,613,611,7.794,1,147.1,39.4
39.45,614,611,7.891,1,147.0,39.3
39.47,614,612,7.818,1,147.0,39.4
39.5,613,613,7.731,1,147.3,39.3
39.52,611,613,7.731,1,147.5,39.4
39.55,608,613,7.686,1,147.5,39.3
39.57,608,612,7.557,1,147.8,39.4
39.6,608,611,7.631,1,147.8,39.3
39.63,607,611,7.575,1,147.7,39.3
39.65,607,608,7.552,1,147.8,39.3
39.68,610,608,7.446,1,147.9,39.4
39.7,612,608,7.517,1,147.7,39.3
39.73,613,608,7.697,1,147.4,39.3
39.75,613,608,7.78,1,147.3,39.3
39.78,617,610,7.755,1,147.2,39.3
39.8,618,612,7.785,1,147.0,39.3
39.83,616,613,7.637,1,147.1,39.4
39.85,613,613,7.889,1,146.9,39.3
39.88,614,613,7.857,1,146.9,39.4
39.9,616,614,7.738,1,146.9,39.3
39.93,616,616,7.636,1,146.8,39.3
39.96,614,616,7.912,1,146.7,39.3
39.98,614,616,7.911,1,146.8,39.4
40.01,615,615,7.707,1,147.0,39.3
40.03,616,615,7.891,1,146.9,39.2
40.06,614,614,7.888,1,146.6,39.3
40.08,615,615,7.854,1,146.7,39.4
40.11,616,615,7.76,1,146.7,39.3
40.13,616,615,7.919,1,146.6,39.4
40.16,616,615,7.882,1,146.6,39.3
40.18,616,616,7.961,1,146.6,39.4
40.21,617,616,7.822,1,146.6,39.3
40.24,618,616,7.971,1,146.6,39.3
40.26,619,616,7.881,1,146.6,39.3
40.29,617,616,7.963,1,146.5,39.4
40.31,618,617,7.959,1,146.5,39.3
40.34,619,617,7.959,1,146.5,39.4
40.36,617,617,7.919,1,146.2,39.3
40.39,616,617,8.042,1,146.1,39.3
40.41,617,617,7.992,1,146.3,39.3
40.44,617,617,8.086,1,146.3,39.4
40.46,617,617,7.899,1,146.1,39.3
40.49,616,617,7.971,1,146.2,39.4
40.52,616,617,7.978,1,146.2,39.3
40.54,616,617,7.973,1,146.1,39.3
40.57,616,616,8.013,1,146.1,39.1
40.59,617,616,8.078,1,146.4,39.2
40.62,616,616,7.886,1,146.4,39.2
40.64,617,616,7.801,1,146.5,39.3
40.67,617,616,7.792,1,146.6,39.2
40.7,618,616,7.983,1,146.5,39.3
40.72,619,617,7.892,1,146.5,39.2
40.75,617,617,7.927,1,146.5,39.3
40.77,617,617,8.009,1,146.6,39.3
40.8,618,617,7.963,1,146.5,39.3
40.82,617,617,7.854,1,146.0,39.3
40.85,617,617,7.923,1,146.1,39.3
40.87,616,617,7.874,1,146.5,39.3
40.9,617,617,7.924,1,146.5,39.3
40.92,617,617,7.879,1,146.6,39.3
40.95,616,617,7.839,1,146.6,39.3
40.98,617,617,7.65,1,146.7,39.3
41.0,618,617,7.757,1,146.7,39.3
41.03,618,617,7.803,1,146.7,39.3
41.05,618,617,7.707,1,146.7,39.3
41.08,620,617,7.703,1,146.7,39.3
41.1,620,618,7.758,1,146.8,39.3
41.13,619,618,7.833,1,146.7,39.3
41.15,618,618,7.816,1,146.6,39.3
41.18,618,618,7.794,1,146.7,39.2
41.21,618,618,7.855,1,146.6,39.3
41.23,617,618,7.961,1,146.5,39.3
41.26,617,618,7.9,1,146.5,39.4
41.28,618,618,7.779,1,146.8,39.3
41.31,618,618,7.838,1,146.6,39.4
41.33,618,618,7.855,1,146.6,39.2
41.36,618,618,7.839,1,146.6,39.4
41.38,619,618,7.808,1,146.6,39.3
41.41,619,618,7.782,1,146.6,39.4
41.43,619,618,7.709,1,146.8,39.3
41.46,619,618,7.722,1,146.9,39.4
41.48,620,619,7.667,1,147.1,39.3
41.51,620,619,7.546,1,147.2,39.4
41.54,620,619,7.533,1,147.4,39.3
41.56,619,619,7.391,1,147.6,39.4
41.59,618,619,7.419,1,147.7,39.3
41.61,618,619,7.455,1,147.6,39.4
41.64,617,619,7.343,1,147.6,39.3
41.66,615,619,7.471,1,147.4,39.4
41.69,616,618,7.593,1,147.2,39.3
41.71,618,618,7.74,1,146.9,39.4
41.74,618,618,7.769,1,146.8,39.3
41.76,616,618,7.745,1,146.7,39.4
41.79,617,617,7.834,1,146.7,39.3
41.81,618,617,7.885,1,146.6,39.4
41.84,618,617,7.775,1,146.6,39.3
41.87,618,618,7.877,1,146.8,39.4
41.89,616,618,7.819,1,146.9,39.3
41.92,614,618,7.662,1,146.9,39.3
41.94,616,617,7.661,1,147.3,39.3
41.97,617,617,7.557,1,147.5,39.4
41.99,618,617,7.495,1,147.5,39.3
42.02,619,618,7.592,1,147.5,39.4
42.04,622,618,7.337,1,147.8,39.3
42.07,622,618,7.608,1,147.6,39.4
42.1,622,618,7.449,1,147.6,39.3
42.12,622,619,7.385,1,147.7,39.4
42.15,622,622,7.405,1,147.8,39.3
42.17,622,622,7.353,1,147.9,39.4
42.2,620,622,7.374,1,148.0,39.3
42.22,621,622,7.3,1,148.1,39.4
42.25,623,622,7.104,1,148.4,39.3
42.27,624,622,7.163,1,148.4,39.4
42.3,623,622,7.165,1,148.4,39.3
42.32,624,622,7.051,1,148.7,39.4
42.35,625,623,7.2,1,148.6,39.3
42.37,625,623,7.325,1,148.4,39.3
42.4,626,624,7.333,1,148.4,39.3
42.43,626,624,7.331,1,148.3,39.3
42.45,625,625,7.276,1,148.1,39.3
42.48,625,625,7.295,1,148.2,39.4
42.5,625,625,7.286,1,148.2,39.3
42.53,624,625,7.164,1,148.0,39.3
42.55,622,625,7.374,1,147.8,39.3
42.58,622,625,7.354,1,147.8,39.4
42.6,622,625,7.309,1,147.9,39.3
42.63,623,624,7.097,1,147.9,39.4
42.65,626,624,7.293,1,148.2,39.3
42.68,628,624,7.149,1,148.4,39.3
42.71,628,624,7.293,1,148.2,39.3
42.73,628,624,7.388,1,148.2,39.4
42.76,631,626,7.191,1,148.4,39.3
42.78,632,628,7.282,1,148.8,39.4
42.81,632,628,7.259,1,148.8,39.3
42.83,632,628,7.382,1,148.7,39.3
42.86,633,631,7.279,1,148.9,39.2
42.88,633,632,7.325,1,148.8,39.4
42.91,632,632,7.486,1,148.4,39.3
42.93,630,632,7.477,1,148.1,39.4
42.96,630,632,7.537,1,148.2,39.3
42.99,631,632,7.527,1,148.4,39.4
43.01,632,632,7.47,1,148.5,39.2
43.04,632,632,7.571,1,148.5,39.4
43.06,631,632,7.567,1,148.4,39.3
43.09,631,631,7.527,1,148.3,39.4
43.11,631,631,7.432,1,148.3,39.3
43.14,632,631,7.384,1,148.7,39.4
43.16,631,631,7.49,1,148.6,39.3
43.19,630,631,7.277,1,148.3,39.4
43.21,629,631,7.465,1,147.9,39.3
43.24,628,631,7.556,1,147.7,39.4
43.27,628,631,7.575,1,147.7,39.3
43.29,628,630,7.575,1,147.7,39.3
43.32,629,629,7.426,1,147.9,39.3
43.34,632,629,7.363,1,148.4,39.3
43.37,632,629,7.549,1,148.4,39.3
43.39,632,629,7.511,1,148.2,39.3
43.42,632,629,7.631,1,148.2,39.3
43.44,632,632,7.582,1,148.2,39.3
43.47,631,632,7.645,1,147.9,39.3
43.49,630,632,7.546,1,147.7,39.3
43.52,632,632,7.489,1,148.3,39.3
43.54,634,632,7.473,1,148.5,39.3
43.57,632,632,7.478,1,148.3,39.3
43.6,632,632,7.538,1,148.3,39.3
43.62,631,632,7.404,1,148.3,39.3
43.65,627,632,7.267,1,147.9,39.3
43.67,627,631,7.419,1,147.9,39.3
43.7,626,631,7.354,1,148.1,39.3
43.72,626,631,7.231,1,148.1,39.3
43.75,626,627,7.148,1,148.3,39.3
43.77,628,627,7.113,1,148.6,39.3
43.8,629,627,7.253,1,148.6,39.3
43.82,631,627,7.229,1,148.8,39.3
43.85,633,627,7.29,1,149.1,39.3
43.88,635,628,7.099,1,149.5,39.3
43.9,636,629,7.292,1,149.5,39.3
43.93,634,631,7.259,1,149.1,39.3
43.95,634,633,7.278,1,148.9,39.3
43.98,634,634,7.399,1,148.8,39.3
44.0,634,634,7.413,1,148.7,39.3
44.03,635,634,7.543,1,148.8,39.3
44.05,634,634,7.571,1,148.6,39.3
44.08,634,634,7.546,1,148.6,39.3
44.1,634,634,7.474,1,148.7,39.3
44.13,634,634,7.435,1,148.7,39.3
44.16,633,634,7.374,1,148.7,39.3
44.18,632,634,7.483,1,148.5,39.3
44.21,632,634,7.565,1,148.6,39.3
44.23,632,634,7.454,1,148.5,39.3
44.26,632,633,7.586,1,148.4,39.3
44.28,631,632,7.574,1,148.1,39.3
44.31,629,632,7.648,1,147.7,39.4
44.33,629,632,7.569,1,147.9,39.3
44.36,631,632,7.55,1,148.4,39.3
44.38,631,631,7.406,1,148.6,39.3
44.41,631,631,7.393,1,148.5,39.4
44.44,629,631,7.403,1,148.1,39.3
44.46,628,631,7.486,1,147.9,39.4
44.49,628,629,7.476,1,147.6,39.3
44.51,627,629,7.675,1,147.4,39.3
44.54,628,629,7.675,1,147.4,39.3
44.56,629,629,7.71,1,147.6,39.4
44.59,629,629,7.671,1,147.7,39.3
44.61,629,629,7.661,1,147.7,39.4
44.64,629,629,7.534,1,147.9,39.3
44.66,629,629,7.625,1,147.9,39.3
44.69,627,629,7.538,1,147.8,39.3
44.71,627,629,7.523,1,148.0,39.4
44.74,628,629,7.498,1,148.2,39.3
44.77,628,629,7.309,1,148.4,39.4
44.79,628,628,7.289,1,148.4,39.3
44.82,629,628,7.326,1,148.5,39.3
44.84,632,628,7.142,1,149.0,39.3
44.87,633,628,7.254,1,149.1,39.3
44.89,633,628,7.385,1,149.0,39.3
44.92,633,629,7.333,1,149.0,39.4
44.94,634,632,7.266,1,149.2,39.3
44.97,634,633,7.364,1,149.0,39.3
45.0,633,633,7.273,1,149.0,39.3
45.02,631,633,7.274,1,148.6,39.4
45.05,629,633,7.079,1,148.5,39.3
45.07,628,633,7.158,1,148.5,39.4
45.1,627,633,7.243,1,148.4,39.3
45.12,628,631,7.117,1,148.7,39.4
45.15,627,629,7.25,1,148.5,39.3
45.17,627,628,7.237,1,148.4,39.4
45.2,629,628,7.139,1,148.6,39.3
45.22,630,628,7.153,1,148.7,39.4
45.25,629,628,7.366,1,148.5,39.3
45.27,630,628,7.274,1,148.5,39.4
45.3,631,629,7.182,1,148.8,39.3
45.33,630,629,7.174,1,148.8,39.4
45.35,629,629,7.033,1,148.7,39.3
45.38,631,630,7.145,1,149.1,39.4
45.4,631,630,7.143,1,149.2,39.3
45.43,630,630,7.138,1,149.0,39.3
45.45,631,630,7.187,1,149.1,39.3
45.48,633,631,7.158,1,149.3,39.4
45.5,632,631,7.129,1,149.2,39.3
45.53,632,631,7.222,1,149.1,39.4
45.55,634,631,7.007,1,149.4,39.3
45.58,634,632,7.205,1,149.6,39.3
45.61,634,632,7.238,1,149.4,39.3
45.63,634,633,7.122,1,149.4,39.4
45.66,636,634,7.127,1,149.7,39.3
45.68,636,634,7.045,1,149.7,39.4
45.71,635,634,7.168,1,149.5,39.3
45.73,634,634,7.255,1,149.4,39.3
45.76,633,634,7.301,1,149.2,39.3
45.78,632,634,7.189,1,148.8,39.4
45.81,631,634,7.195,1,148.7,39.3
45.83,630,634,7.214,1,148.7,39.3
45.86,631,633,7.199,1,148.7,39.3
45.89,633,633,7.094,1,149.3,39.2
45.91,634,633,7.355,1,149.5,39.3
45.94,634,633,7.213,1,149.7,39.4
45.96,634,633,7.186,1,149.6,39.3
45.99,634,633,7.25,1,149.4,39.4
46.01,634,634,7.17,1,149.5,39.3
46.04,634,634,7.125,1,149.4,39.3
46.06,634,634,7.185,1,149.4,39.3
46.09,634,634,6.948,1,149.7,39.4
46.11,634,634,6.931,1,149.8,39.3
46.14,635,634,7.031,1,149.7,39.4
46.16,637,634,7.241,1,149.7,39.3
46.19,640,634,7.155,1,149.9,39.4
46.22,642,634,7.245,1,149.9,39.3
46.24,641,635,7.449,1,149.5,39.4
46.27,641,637,7.613,1,149.2,39.3
46.29,645,640,7.95,1,149.2,39.4
46.32,645,641,8.243,1,149.2,39.3
46.34,643,641,8.488,1,148.9,39.3
46.37,643,642,8.765,1,148.8,39.3
46.39,643,643,8.801,1,149.0,39.4
46.42,644,643,8.695,1,149.1,39.3
46.44,643,643,8.69,1,149.1,39.3
46.47,641,643,8.698,1,148.7,39.3
46.5,641,643,8.831,1,148.8,39.3
46.52,642,643,8.565,1,149.2,39.3
46.55,642,643,8.457,1,149.4,39.4
46.57,639,642,7.959,1,149.5,39.3
46.6,639,642,7.775,1,149.7,39.4
46.62,637,641,7.861,1,149.4,39.3
46.65,633,641,7.914,1,148.7,39.4
46.67,631,639,7.957,1,148.5,39.3
46.7,634,639,7.833,1,148.8,39.4
46.72,632,637,8.094,1,148.6,39.3
46.75,632,634,8.102,1,148.5,39.4
46.78,634,634,7.921,1,149.5,39.3
46.8,638,634,8.102,1,149.7,39.4
46.83,638,634,8.21,1,149.5,39.3
46.85,637,634,8.286,1,149.2,39.4
46.88,638,634,8.301,1,149.3,39.3
46.9,640,637,8.104,1,149.8,39.4
46.93,641,638,8.107,1,149.8,39.3
46.95,641,638,7.959,1,150.0,39.3
46.98,638,638,7.579,1,150.0,39.3
47.0,633,638,7.575,1,149.4,39.4
47.03,630,638,7.565,1,148.8,39.3
47.05,626,638,7.592,1,148.4,39.4
47.08,625,638,7.729,1,148.1,39.3
47.11,621,633,7.821,1,147.6,39.4
47.13,617,630,7.859,1,147.4,39.3
47.16,621,626,7.678,1,147.9,39.4
47.18,624,625,7.56,1,148.2,39.3
47.21,628,625,7.506,1,148.4,39.4
47.23,628,625,7.577,1,148.9,39.3
47.26,627,625,7.542,1,148.8,39.4
47.28,626,625,7.489,1,148.5,39.3
47.31,624,624,7.597,1,148.2,39.4
47.33,624,624,7.703,1,148.4,39.3
47.36,627,626,7.552,1,148.5,39.4
47.39,626,626,7.472,1,148.9,39.3
47.41,629,627,7.405,1,149.8,39.3
47.44,630,627,7.249,1,150.6,39.3
47.46,629,627,7.01,1,151.2,39.4
47.49,626,626,6.75,1,151.9,39.3
47.51,620,626,6.414,1,152.6,39.4
47.54,615,626,6.294,1,153.0,39.3
47.56,614,626,6.147,1,153.3,39.3
47.59,618,626,5.946,1,153.7,39.3
47.61,624,624,5.538,1,153.9,39.4
47.64,632,624,5.453,1,154.5,39.3
47.67,639,624,5.829,1,154.7,39.3
47.69,639,624,5.908,1,154.4,39.3
47.72,634,624,6.338,1,153.1,39.3
47.74,634,632,6.403,1,152.8,39.3
47.77,637,634,6.491,1,153.2,39.3
47.79,637,634,6.343,1,153.1,39.3
47.82,631,634,6.335,1,152.3,39.4
47.84,626,634,6.089,1,152.7,39.3
47.87,621,634,5.987,1,152.6,39.4
47.89,614,634,6.33,1,152.4,39.3
47.92,609,631,6.453,1,152.4,39.3
47.95,609,626,6.424,1,152.4,39.3
47.97,607,621,6.293,1,152.3,39.4
48.0,607,614,6.379,1,152.2,39.3
48.02,605,609,6.366,1,152.0,39.3
48.05,602,609,6.378,1,151.8,39.1
48.07,599,607,6.516,1,151.2,39.4
48.1,597,607,6.779,1,150.4,39.3
48.12,600,605,6.753,1,150.8,39.4
48.15,604,604,6.825,1,151.0,39.3
48.17,603,603,6.459,1,151.7,39.4
48.2,596,602,6.499,1,151.2,39.3
48.22,595,600,6.271,1,151.6,39.4
48.25,601,600,6.098,1,153.0,39.3
48.28,604,600,6.331,1,152.8,39.4
48.3,603,601,6.235,1,152.7,39.3
48.33,604,603,6.212,1,152.7,39.3
48.35,601,603,6.21,1,152.3,39.3
48.38,597,601,6.603,1,151.0,39.4
48.4,593,601,6.914,1,150.3,39.3
48.43,596,601,6.981,1,150.7,39.3
48.45,598,601,6.638,1,151.4,39.3
48.48,598,598,6.145,1,152.0,39.3
48.51,600,598,6.814,1,151.1,39.3
48.53,599,598,7.05,1,150.6,39.3
48.56,600,598,7.03,1,150.3,39.3
48.58,599,598,7.281,1,149.8,39.4
48.61,599,599,7.25,1,149.6,39.3
48.63,601,599,7.351,1,149.3,39.3
48.66,603,599,7.33,1,149.1,39.3
48.68,603,600,7.579,1,148.8,39.4
48.71,602,600,7.773,1,148.3,39.3
48.73,600,600,7.941,1,148.0,39.4
48.76,600,600,7.975,1,147.6,39.3
48.78,598,600,8.197,1,147.2,39.4
48.81,597,600,8.264,1,147.1,39.3
48.84,596,600,8.302,1,146.9,39.4
48.86,595,600,8.233,1,146.9,39.3
48.89,596,598,8.073,1,147.2,39.3
48.91,598,598,7.829,1,147.8,39.3
48.94,594,597,7.51,1,148.1,39.3
48.96,597,597,7.318,1,148.3,39.2
48.99,593,596,7.149,1,148.4,39.3
49.01,594,596,7.195,1,148.7,39.3
49.04,594,595,7.227,1,148.5,39.4
49.06,594,594,7.28,1,148.3,39.3
49.09,595,594,7.634,1,147.7,39.4
49.12,598,594,7.872,1,147.5,39.3
49.14,600,594,8.122,1,147.5,39.4
49.17,601,595,8.073,1,147.2,39.3
49.19,603,595,8.254,1,147.3,39.4
49.22,607,598,8.574,1,147.1,39.3
49.24,609,600,8.879,1,147.0,39.3
49.27,608,601,9.185,1,146.7,39.3
49.29,606,603,9.335,1,146.4,39.4
49.32,609,606,8.66,1,146.9,39.3
49.34,608,607,8.801,1,146.8,39.4
49.37,607,607,8.792,1,146.6,39.3
49.4,605,607,8.939,1,146.4,39.3
49.42,604,607,8.931,1,146.6,39.3
49.45,599,607,8.397,1,146.7,39.4
49.47,597,606,8.926,1,146.4,39.3
49.5,593,605,8.747,1,146.4,39.4
49.52,591,604,8.753,1,146.2,39.3
49.55,589,599,8.31,1,146.4,39.3
49.57,587,597,8.306,1,146.3,39.3
49.6,589,593,7.869,1,147.3,39.4
49.62,593,593,7.829,1,147.9,39.3
49.65,596,593,7.882,1,148.2,39.4
49.68,593,593,7.845,1,148.2,39.3
49.7,590,591,7.82,1,148.3,39.3
49.73,582,590,7.235,1,148.5,39.3
49.75,577,589,7.529,1,148.6,39.3
49.78,574,589,7.358,1,149.3,39.3
49.8,573,589,7.41,1,149.6,39.4
49.83,570,582,7.387,1,149.7,39.3
49.85,570,577,7.379,1,150.1,39.3
49.88,571,574,7.58,1,150.3,39.3
49.9,570,573,7.474,1,150.4,39.4
49.93,566,571,7.154,1,151.1,39.3
49.95,561,570,7.022,1,151.2,39.4
49.98,560,570,7.71,1,151.3,39.3
50.01,559,570,7.849,1,150.5,39.4
50.03,564,566,6.611,1,151.9,39.3
50.06,566,566,7.793,1,151.1,39.4
50.08,570,566,6.602,1,151.7,39.3
50.11,571,566,6.885,1,151.6,39.3
50.13,575,566,7.547,1,150.8,39.3
50.16,578,566,7.814,1,150.4,39.3
50.18,577,570,7.809,1,150.3,39.3
50.21,578,571,8.501,1,150.2,39.3
50.24,578,575,8.79,1,149.0,39.2
50.26,578,577,9.242,1,148.1,39.4
50.29,578,578,9.023,1,148.4,39.3
50.31,579,578,8.795,1,149.4,39.4
50.34,579,578,8.838,1,149.3,39.3
50.36,578,578,8.838,1,148.6,39.4
50.39,577,578,9.134,1,148.3,39.3
50.41,578,578,8.945,1,148.8,39.4
50.44,576,578,8.949,1,148.9,39.3
50.46,574,578,8.863,1,148.9,39.3
50.49,575,578,8.897,1,149.1,39.3
50.51,574,577,8.978,1,149.0,39.4
50.54,572,576,8.932,1,149.1,39.3
50.57,570,575,9.023,1,149.0,39.4
50.59,568,574,8.786,1,149.4,39.3
50.62,566,574,8.859,1,149.4,39.4
50.64,565,572,8.879,1,149.3,39.3
50.67,568,570,8.685,1,150.0,39.4
50.69,569,569,8.782,1,150.0,39.3
50.72,567,568,8.851,1,149.8,39.4
50.74,568,568,8.679,1,149.9,39.3
50.77,572,568,8.478,1,150.3,39.4
50.79,575,568,8.545,1,150.3,39.3
50.82,579,568,8.07,1,150.8,39.4
50.85,582,569,8.441,1,150.7,39.3
50.87,583,572,8.671,1,150.5,39.4
50.9,582,575,8.689,1,150.4,39.3
50.92,581,579,8.674,1,150.2,39.4
50.95,583,581,8.795,1,150.4,39.3
50.97,582,582,8.823,1,150.1,39.4
51.0,580,582,8.79,1,150.0,39.3
51.02,581,582,8.578,1,150.3,39.2
51.05,582,582,8.773,1,150.0,39.3
51.07,581,582,8.674,1,149.6,39.4
51.1,581,581,8.579,1,149.9,39.3
51.12,580,581,8.549,1,149.7,39.4
51.15,578,581,8.627,1,149.5,39.3
51.18,577,581,8.651,1,149.3,39.4
51.2,577,580,8.637,1,149.4,39.3
51.23,575,580,8.483,1,149.4,39.4
51.25,574,578,8.61,1,149.2,39.3
51.28,577,577,8.442,1,149.5,39.4
51.3,580,577,8.698,1,149.7,39.3
51.33,581,577,8.731,1,149.5,39.4
51.35,580,577,8.915,1,149.5,39.3
51.38,579,577,8.535,1,149.6,39.3
51.4,581,579,8.612,1,150.0,39.3
51.43,582,580,8.579,1,150.2,39.4
51.46,582,580,8.593,1,150.3,39.3
51.48,582,581,8.599,1,150.0,39.4
51.51,583,581,8.625,1,150.1,39.3
51.53,584,582,9.033,1,149.9,39.3
51.56,585,582,8.846,1,150.2,39.3
51.58,585,582,8.849,1,150.4,39.4
51.61,586,583,8.71,1,150.4,39.3
51.63,588,584,8.656,1,150.8,39.4
51.66,590,585,8.71,1,150.9,39.3
51.68,589,585,8.743,1,150.5,39.4
51.71,588,586,8.894,1,149.9,39.3
51.74,588,588,8.995,1,149.9,39.3
51.76,587,588,9.147,1,149.7,39.3
51.79,587,588,8.981,1,149.8,39.4
51.81,587,588,9.031,1,150.0,39.3
51.84,587,588,9.057,1,149.9,39.4
51.86,587,587,8.946,1,149.9,39.3
51.89,587,587,9.013,1,150.0,39.3
51.91,587,587,9.011,1,150.2,39.3
51.94,588,587,8.999,1,150.5,39.4
51.96,590,587,8.925,1,150.6,39.3
51.99,591,587,8.965,1,150.5,39.1
52.02,592,587,8.998,1,150.6,39.3
52.04,595,588,8.786,1,151.0,39.4
52.07,597,590,8.922,1,151.0,39.3
52.09,595,591,8.8,1,150.8,39.4
52.12,595,592,8.953,1,150.6,39.3
52.14,595,595,9.115,1,150.3,39.4
52.17,594,595,9.2,1,150.0,39.3
52.19,593,595,9.329,1,149.8,39.4
52.22,594,595,9.222,1,150.0,39.3
52.24,595,595,9.429,1,149.9,39.4
52.27,595,595,9.447,1,149.9,39.3
52.29,595,595,9.23,1,149.9,39.4
52.32,596,595,9.387,1,149.9,39.3
52.35,598,595,9.258,1,150.2,39.4
52.37,599,595,9.401,1,150.1,39.3
52.4,600,595,9.467,1,150.0,39.4
52.42,600,596,9.367,1,150.3,39.3
52.45,601,598,9.174,1,150.4,39.4
52.47,602,599,9.641,1,149.7,39.3
52.5,602,600,9.587,1,149.5,39.4
52.52,603,600,9.497,1,149.6,39.3
52.55,603,601,9.629,1,149.5,39.4
52.57,604,602,9.366,1,149.7,39.3
52.6,605,602,9.481,1,149.7,39.3
52.63,605,603,9.498,1,149.9,39.3
52.65,605,603,9.347,1,149.9,39.3
52.68,606,604,9.468,1,149.8,39.3
52.7,606,605,9.262,1,149.9,39.3
52.73,608,605,9.027,1,150.2,39.3
52.75,609,605,9.247,1,150.2,39.3
52.78,610,606,9.309,1,150.2,39.3
52.8,611,606,8.991,1,150.5,39.4
52.83,612,608,9.099,1,150.5,39.3
52.85,613,609,9.26,1,150.1,39.3
52.88,613,610,9.204,1,150.0,39.3
52.91,611,611,9.098,1,150.3,39.3
52.93,610,611,9.133,1,150.6,39.3
52.96,611,611,8.972,1,150.8,39.3
52.98,611,611,9.057,1,150.5,39.3
53.01,610,611,9.069,1,150.3,39.3
53.03,610,611,8.983,1,150.4,39.3
53.06,610,611,8.994,1,150.5,39.3
53.08,610,610,8.869,1,150.5,39.3
53.11,609,610,8.92,1,150.6,39.4
53.13,609,610,8.702,1,150.7,39.3
53.16,610,610,8.964,1,150.7,39.4
53.19,611,610,8.785,1,150.9,39.3
53.21,611,610,8.9,1,150.9,39.4
53.24,612,610,8.837,1,150.8,39.2
53.26,613,610,9.004,1,150.7,39.4
53.29,613,611,8.987,1,150.7,39.3
53.31,612,611,8.907,1,151.1,39.4
53.34,612,612,8.825,1,151.1,39.3
53.36,610,612,8.985,1,150.6,39.3
53.39,609,612,8.784,1,150.6,39.3
53.41,608,612,8.816,1,151.0,39.4
53.44,607,612,8.791,1,151.0,39.3
53.46,606,610,9.004,1,150.8,39.4
53.49,606,609,9.039,1,150.8,39.3
53.52,607,608,9.071,1,151.0,39.3
53.54,608,608,8.837,1,151.0,39.3
53.57,610,608,8.927,1,150.8,39.4
53.59,611,608,8.715,1,150.9,39.3
53.62,611,608,8.74,1,151.0,39.4
53.64,611,608,8.698,1,151.0,39.3
53.67,612,610,9.037,1,150.7,39.3
53.69,613,611,8.857,1,150.9,39.3
53.72,613,611,8.867,1,150.9,39.4
53.74,612,611,8.917,1,150.6,39.3
53.77,610,611,8.901,1,150.4,39.4
53.8,608,611,8.999,1,150.5,39.3
53.82,609,611,9.029,1,150.7,39.3
53.85,608,611,8.999,1,150.6,39.3
53.87,607,610,9.061,1,150.4,39.4
53.9,605,609,8.941,1,150.6,39.3
53.92,606,608,8.953,1,150.9,39.4
53.95,607,608,8.884,1,151.0,39.3
53.97,610,608,8.88,1,150.8,39.3
54.0,613,608,8.906,1,150.6,39.3
54.02,615,608,8.88,1,150.7,39.4
54.05,616,608,8.798,1,150.7,39.3
54.08,617,610,8.869,1,150.6,39.4
54.1,616,613,8.579,1,150.7,39.3
54.13,614,614,8.813,1,150.8,39.3
54.15,613,614,8.79,1,150.8,39.3
54.18,612,614,8.865,1,150.7,39.4
54.2,613,614,8.886,1,151.0,39.3
54.23,613,614,8.893,1,150.8,39.4
54.25,615,614,8.705,1,150.7,39.3
54.28,615,614,8.636,1,150.8,39.4
54.3,617,614,8.859,1,150.7,39.3
54.33,617,614,8.826,1,150.7,39.4
54.36,617,615,8.674,1,150.8,39.3
54.38,618,615,8.782,1,150.6,39.4
54.41,618,617,8.871,1,150.3,39.3
54.43,619,617,8.77,1,150.6,39.3
54.46,619,617,8.75,1,150.7,39.3
54.48,619,618,8.855,1,150.6,39.4
54.51,619,618,8.851,1,150.2,39.3
54.53,619,619,9.033,1,149.7,39.4
54.56,620,619,9.098,1,149.8,39.3
54.58,620,619,8.795,1,150.2,39.3
54.61,620,619,8.836,1,150.4,39.3
54.63,618,619,8.885,1,150.2,39.4
54.66,619,619,8.984,1,150.2,39.3
54.69,620,619,8.914,1,150.0,39.3
54.71,620,620,8.873,1,150.3,39.3
54.74,621,620,8.684,1,150.5,39.3
54.76,622,620,8.68,1,150.5,39.2
54.79,623,620,8.569,1,150.5,39.4
54.81,622,620,8.711,1,150.5,39.3
54.84,622,621,8.763,1,150.4,39.4
54.86,623,622,8.669,1,150.5,39.3
54.89,623,622,8.495,1,150.6,39.3
54.92,620,622,8.739,1,150.2,39.3
54.94,618,622,8.707,1,150.4,39.4
54.97,618,622,8.737,1,150.7,39.3
54.99,617,622,8.668,1,150.8,39.4
55.02,619,620,8.733,1,150.7,39.3
55.04,621,620,8.882,1,150.3,39.3
55.07,621,620,8.798,1,150.5,39.3
55.09,622,620,8.684,1,150.8,39.4
55.12,623,620,8.675,1,150.5,39.3
55.14,624,621,8.804,1,150.3,39.4
55.17,625,621,8.665,1,150.2,39.3
55.19,625,622,8.812,1,150.0,39.4
55.22,625,623,8.899,1,150.0,39.3
55.25,624,624,8.784,1,150.2,39.4
55.27,623,624,8.845,1,149.9,39.3
55.3,622,624,8.898,1,149.9,39.4
55.32,622,624,8.846,1,149.9,39.3
55.35,621,624,9.067,1,149.6,39.3
55.37,620,623,9.141,1,149.7,39.3
55.4,620,622,9.223,1,149.6,39.4
55.42,620,622,9.29,1,149.5,39.3
55.45,620,621,8.994,1,149.9,39.4
55.47,620,620,8.857,1,150.4,39.3
55.5,623,620,8.792,1,150.3,39.4
55.53,624,620,8.822,1,150.3,39.3
55.55,624,620,8.791,1,150.4,39.4
55.58,623,620,8.918,1,150.3,39.3
55.6,623,623,8.832,1,150.4,39.4
55.63,623,623,8.814,1,150.4,39.3
55.65,622,623,8.762,1,150.5,39.4
55.68,622,623,8.715,1,150.8,39.3
55.7,621,623,8.763,1,150.8,39.4
55.73,621,623,8.737,1,150.9,39.3
55.75,622,622,8.511,1,151.1,39.4
55.78,624,622,8.468,1,150.9,39.3
55.81,624,622,8.442,1,150.9,39.3
55.83,625,622,8.607,1,151.1,39.3
55.86,625,622,8.598,1,151.0,39.4
55.88,626,624,8.557,1,150.9,39.3
55.91,625,624,8.358,1,151.0,39.4
55.93,627,625,8.545,1,151.1,39.3
55.96,626,625,8.347,1,151.0,39.3
55.98,626,625,8.35,1,151.1,39.3
56.01,626,626,8.378,1,151.1,39.3
56.03,628,626,8.404,1,151.3,39.2
56.06,628,626,8.306,1,151.5,39.3
56.08,628,626,8.353,1,151.4,39.3
56.11,628,627,8.398,1,151.4,39.3
56.14,630,628,8.233,1,152.0,39.3
56.16,630,628,8.18,1,152.3,39.4
56.19,630,628,8.197,1,152.5,39.3
56.21,630,628,8.194,1,152.5,39.4
56.24,630,630,8.154,1,152.5,39.3
56.26,630,630,8.152,1,152.3,39.4
56.29,629,630,8.123,1,152.5,39.3
56.31,629,630,8.245,1,152.5,39.4
56.34,630,630,8.283,1,152.5,39.3
56.36,631,630,8.083,1,152.2,39.4
56.39,630,630,8.055,1,152.0,39.3
56.42,630,630,7.969,1,152.2,39.4
56.44,631,630,8.037,1,151.9,39.3
56.47,631,630,8.105,1,151.4,39.4
56.49,629,630,8.262,1,151.4,39.3
56.52,627,630,8.4,1,151.1,39.4
56.54,627,630,8.462,1,151.0,39.3
56.57,628,630,8.313,1,151.2,39.3
56.59,627,629,8.516,1,151.1,39.3
56.62,627,628,8.511,1,150.9,39.4
56.64,630,628,8.265,1,151.5,39.3
56.67,633,628,8.157,1,151.8,39.4
56.7,633,628,8.165,1,152.1,39.3
56.72,632,628,8.111,1,152.2,39.3
56.75,632,630,8.174,1,152.2,39.3
56.77,633,632,8.203,1,152.0,39.3
56.8,633,632,8.219,1,151.9,39.3
56.82,632,632,8.181,1,151.9,39.4
56.85,635,633,8.271,1,151.7,39.3
56.87,635,633,8.136,1,152.1,39.4
56.9,634,633,8.151,1,152.0,39.3
56.92,633,633,8.127,1,152.0,39.4
56.95,633,633,8.133,1,151.6,39.3
56.97,632,633,8.213,1,151.3,39.4
57.0,630,633,8.373,1,151.1,39.2
57.03,630,633,8.525,1,150.7,39.4
57.05,628,633,8.327,1,150.4,39.3
57.08,627,632,8.409,1,150.3,39.3
57.1,627,630,8.354,1,149.8,39.3
57.13,630,630,8.567,1,149.4,39.4
57.15,629,630,7.891,1,149.8,39.3
57.18,621,629,8.677,1,149.1,39.4
57.2,618,628,8.741,1,148.9,39.3
57.23,617,627,9.051,1,148.8,39.4
57.26,617,627,9.254,1,148.4,39.3
57.28,617,621,9.507,1,147.9,39.4
57.31,618,618,9.579,1,147.6,39.3
57.33,619,618,9.573,1,147.4,39.3
57.36,620,618,9.719,1,147.1,39.3
57.38,620,618,9.89,1,146.9,39.3
57.41,622,618,10.007,1,146.8,39.3
57.43,621,619,9.855,1,146.7,39.4
57.46,620,620,9.937,1,146.6,39.3
57.48,616,620,9.601,1,146.9,39.3
57.51,611,620,9.057,1,147.3,39.3
57.53,608,620,9.464,1,147.4,39.4
57.56,605,620,9.307,1,147.6,39.3
57.59,602,616,8.822,1,147.7,39.3
57.61,597,611,8.746,1,147.6,39.3
57.64,596,608,8.642,1,147.8,39.3
57.66,601,605,8.351,1,148.5,39.3
57.69,607,605,8.409,1,148.6,39.3
57.71,611,605,8.58,1,148.2,39.3
57.74,615,605,8.669,1,147.8,39.3
57.76,617,605,9.093,1,147.0,39.3
57.79,614,607,9.63,1,146.6,39.3
57.81,612,611,9.599,1,146.7,39.3
57.84,609,611,9.444,1,147.0,39.3
57.87,606,611,9.302,1,147.3,39.3
57.89,604,611,9.077,1,147.5,39.3
57.92,602,611,9.083,1,147.5,39.3
57.94,602,609,9.041,1,147.5,39.3
57.97,602,606,8.854,1,147.6,39.3
57.99,600,604,8.911,1,147.6,39.4
58.02,597,602,9.242,1,147.2,39.3
58.04,596,602,9.044,1,146.9,39.4
58.07,589,602,8.903,1,146.4,39.3
58.09,587,600,9.071,1,145.8,39.4
58.12,586,597,8.914,1,145.5,39.3
58.14,586,596,8.683,1,145.5,39.4
58.17,590,590,8.817,1,145.8,39.3
58.2,590,590,8.796,1,145.7,39.4
58.22,589,589,8.653,1,145.5,39.3
58.25,590,589,8.434,1,146.3,39.3
58.27,594,589,8.162,1,147.2,39.3
58.3,597,590,8.213,1,147.5,39.4
58.32,600,590,7.868,1,148.0,39.3
58.35,604,590,7.997,1,148.3,39.4
58.37,605,594,8.265,1,147.9,39.3
58.4,602,597,8.384,1,147.5,39.3
58.43,602,600,8.581,1,147.2,39.3
58.45,602,602,8.831,1,146.6,39.4
58.48,600,602,8.956,1,146.2,39.3
58.5,598,602,9.46,1,145.8,39.4
58.53,598,602,9.757,1,146.0,39.3
58.55,597,602,9.458,1,146.5,39.3
58.58,594,600,9.714,1,147.5,39.3
58.6,594,598,9.558,1,148.9,39.4
58.63,592,598,9.197,1,149.9,39.3
58.65,590,597,9.765,1,150.1,39.4
58.68,592,594,9.598,1,150.8,39.3
58.7,591,594,9.467,1,150.7,39.3
58.73,589,592,9.281,1,150.8,39.3
58.76,588,592,9.348,1,151.2,39.3
58.78,587,591,9.087,1,151.5,39.3
58.81,582,590,7.927,1,151.9,39.4
58.83,580,589,8.866,1,151.3,39.3
58.86,580,588,8.587,1,151.7,39.4
58.88,581,587,8.592,1,152.2,39.3
58.91,578,582,8.325,1,152.0,39.4
58.93,576,581,8.354,1,151.7,39.3
58.96,577,580,8.543,1,152.0,39.3
58.98,577,580,8.311,1,152.0,39.3
59.01,578,578,8.312,1,152.0,39.4
59.04,577,578,8.219,1,151.7,39.2
59.06,573,577,7.742,1,151.5,39.4
59.09,566,577,7.255,1,150.7,39.3
59.11,558,577,7.115,1,150.4,39.4
59.14,551,576,7.625,1,149.9,39.3
59.16,543,576,6.228,1,150.1,39.4
59.19,536,576,7.577,1,149.2,39.3
59.21,532,576,7.814,1,148.7,39.4
59.24,533,576,7.857,1,148.8,39.3
59.26,534,576,7.742,1,148.8,39.4
59.29,536,576,7.438,1,149.0,39.3
59.32,540,576,7.643,1,149.2,39.4
59.34,543,576,7.609,1,149.3,39.3
59.37,545,576,7.693,1,149.6,39.4
59.39,548,573,7.674,1,149.6,39.3
59.42,552,566,7.519,1,150.0,39.1
59.44,555,558,7.821,1,149.8,39.4
59.47,557,557,8.079,1,149.8,39.4
59.49,557,557,8.163,1,149.6,39.3
59.52,561,557,8.057,1,149.9,39.4
59.54,562,557,8.214,1,149.9,39.3
59.57,563,557,8.127,1,150.0,39.4
59.6,567,557,8.094,1,150.2,39.3
59.62,570,561,8.085,1,150.4,39.4
59.65,571,562,8.145,1,150.4,39.3
59.67,571,563,8.251,1,150.2,39.4
59.7,572,567,8.335,1,150.3,39.3
59.72,573,570,8.302,1,150.5,39.4
59.75,574,571,8.586,1,150.1,39.3
59.77,575,571,8.493,1,150.0,39.4
59.8,575,572,8.601,1,149.7,39.3
59.82,575,573,8.917,1,149.2,39.4
59.85,577,574,8.815,1,149.1,39.3
59.87,577,575,9.019,1,149.0,39.4
59.9,577,575,9.054,1,149.1,39.3
59.93,575,575,8.982,1,148.9,39.4
59.95,574,575,8.789,1,148.7,39.3
59.98,574,575,8.816,1,148.8,39.4
60.0,574,575,8.677,1,149.0,39.3
60.03,577,575,8.491,1,149.4,39.4
60.05,575,575,8.591,1,149.4,39.3
60.08,574,575,8.714,1,149.4,39.4
60.1,575,575,8.667,1,149.7,39.3
60.13,576,575,8.364,1,150.3,39.4
60.15,578,575,8.519,1,150.9,39.3
60.18,579,575,8.432,1,151.1,39.4
60.21,579,576,8.354,1,151.1,39.3
60.23,581,577,8.407,1,151.6,39.4
60.26,582,578,8.613,1,151.7,39.3
60.28,579,579,8.566,1,151.0,39.4
60.31,579,579,8.523,1,151.2,39.3
60.33,581,579,8.391,1,151.4,39.4
60.36,582,579,8.315,1,151.7,39.3
60.38,583,581,8.359,1,151.8,39.4
60.41,583,581,8.406,1,151.8,39.3
60.43,582,582,8.389,1,151.8,39.3
60.46,580,582,8.234,1,151.6,39.3
60.48,578,581,8.005,1,151.5,39.4
60.51,576,581,8.221,1,150.9,39.3
60.54,577,581,8.148,1,151.3,39.4
60.56,577,580,8.277,1,151.2,39.3
60.59,577,578,8.218,1,151.1,39.4
60.61,578,578,8.119,1,151.3,39.3
60.64,576,577,8.095,1,151.3,39.4
60.66,577,577,8.074,1,151.8,39.3
60.69,579,577,7.968,1,152.1,39.3
60.71,577,577,8.007,1,151.6,39.3
60.74,576,577,8.05,1,151.1,39.4
60.77,575,577,8.149,1,150.9,39.3
60.79,577,577,8.081,1,151.0,39.4
60.82,578,577,7.995,1,151.5,39.3
60.84,578,577,7.986,1,151.8,39.3
60.87,579,577,7.879,1,152.0,39.3
60.89,580,578,7.853,1,152.3,39.3
60.92,581,578,7.933,1,152.3,39.3
60.94,580,578,7.904,1,152.2,39.4
60.97,580,579,8.002,1,152.1,39.3
60.99,581,580,7.806,1,152.4,39.2
61.02,581,580,7.818,1,152.7,39.3
61.04,581,580,7.718,1,152.5,39.4
61.07,581,581,7.849,1,152.6,39.3
61.1,581,581,7.758,1,152.8,39.4
61.12,580,581,7.707,1,152.8,39.3
61.15,579,581,7.789,1,152.5,39.3
61.17,578,581,7.73,1,152.4,39.3
61.2,578,581,7.733,1,152.4,39.4
61.22,578,580,7.914,1,152.2,39.3
61.25,579,579,7.791,1,152.5,39.4
61.27,579,579,8.014,1,152.6,39.3
61.3,580,579,7.783,1,152.9,39.4
61.32,581,579,7.7,1,153.2,39.3
61.35,582,579,7.811,1,153.7,39.4
61.38,583,579,7.655,1,153.8,39.3
61.4,584,580,7.704,1,153.8,39.3
61.43,585,581,7.725,1,153.8,39.3
61.45,585,582,7.814,1,154.0,39.3
61.48,585,583,7.842,1,154.0,39.3
61.5,585,584,7.916,1,153.8,39.4
61.53,586,585,7.894,1,154.0,39.3
61.55,587,585,7.911,1,154.1,39.4
61.58,587,585,7.843,1,154.1,39.3
61.6,585,585,7.892,1,153.8,39.4
61.63,585,585,8.042,1,153.8,39.3
61.66,587,585,7.923,1,154.0,39.3
61.68,587,586,7.862,1,154.2,39.3
61.71,587,587,7.983,1,154.1,39.4
61.73,588,587,7.933,1,154.0,39.3
61.76,589,587,8.005,1,154.1,39.3
61.78,590,587,8.042,1,154.4,39.3
61.81,591,587,8.073,1,154.3,39.4
61.83,591,588,8.093,1,154.3,39.3
61.86,591,589,8.123,1,154.6,39.4
61.88,591,590,7.894,1,154.5,39.3
61.91,590,590,8.085,1,154.4,39.3
61.94,590,590,8.009,1,154.3,39.3
61.96,589,590,8.026,1,154.4,39.4
61.99,588,590,8.014,1,154.2,39.3
62.01,587,590,8.177,1,153.9,39.4
62.04,586,590,8.045,1,153.8,39.2
62.06,584,589,8.175,1,153.5,39.4
62.09,584,588,8.115,1,153.8,39.3
62.11,582,587,8.03,1,153.6,39.4
62.14,578,586,7.907,1,153.1,39.3
62.16,575,584,7.987,1,152.4,39.3
62.19,573,584,7.877,1,152.6,39.3
62.21,570,582,7.509,1,152.8,39.4
62.24,565,578,6.949,1,152.7,39.3
62.27,557,575,6.701,1,152.8,39.4
62.29,553,573,7.324,1,153.1,39.3
62.32,551,570,7.654,1,153.6,39.3
62.34,552,565,7.295,1,153.8,39.3
62.37,548,557,7.543,1,153.3,39.3
62.39,546,553,7.6,1,152.7,39.3
62.42,547,552,7.507,1,152.5,39.3
62.44,548,551,7.382,1,152.7,39.3
62.47,545,548,7.168,1,152.3,39.3
62.49,544,548,7.625,1,151.3,39.3
62.52,544,547,7.637,1,150.7,39.3
62.55,544,546,7.687,1,150.8,39.3
62.57,543,545,7.637,1,150.9,39.3
62.6,541,544,7.698,1,150.7,39.3
62.62,540,544,7.752,1,150.9,39.3
62.65,538,544,7.691,1,151.1,39.3
62.67,537,543,7.701,1,151.7,39.3
62.7,536,541,7.27,1,153.0,39.3
62.72,532,540,5.799,1,155.4,39.3
62.75,524,538,6.704,1,155.6,39.3
62.77,561,538,6.938,1,156.4,39.4
62.8,560,538,6.978,1,157.3,39.3
62.83,556,538,7.021,1,159.0,39.3
62.85,549,538,6.995,1,162.3,39.3
62.88,545,545,7.914,1,164.2,39.4
62.9,543,545,7.482,1,164.9,39.3
62.93,538,545,6.526,1,165.4,39.3
62.95,636,545,6.933,1,164.5,39.3
62.98,531,545,7.669,1,164.0,39.3
63.0,529,545,7.831,1,164.9,39.3
63.03,529,543,7.71,1,165.2,39.3
63.05,526,538,7.957,1,165.3,39.3
63.08,525,531,8.238,1,165.8,39.4
63.11,523,529,8.542,1,166.9,39.3
63.13,522,529,8.684,1,167.9,39.4
63.16,521,526,8.595,1,168.3,39.3
63.18,520,525,8.877,1,168.9,39.4
63.21,522,523,8.599,1,169.1,39.3
63.23,523,523,8.877,1,169.2,39.4
63.26,523,523,8.716,1,169.5,39.3
63.28,525,523,8.716,1,169.4,39.3
63.31,528,523,8.446,1,169.7,39.3
63.33,531,523,8.827,1,170.4,39.4
63.36,533,523,8.978,1,171.8,39.3
63.38,534,525,9.059,1,172.9,39.4
63.41,534,528,9.04,1,173.5,39.3
63.44,535,531,8.883,1,174.6,39.3
63.46,535,533,8.6,1,176.0,39.3
63.49,535,534,8.433,1,177.1,39.4
63.51,537,534,7.929,1,178.4,39.3
63.54,536,535,7.849,1,180.2,39.4
63.56,530,535,6.835,1,181.6,39.3
63.59,529,535,6.877,1,181.2,39.4
63.61,531,535,6.486,1,182.3,39.3
63.64,532,535,6.393,1,182.8,39.4
63.66,532,532,6.234,1,182.7,39.3
63.69,534,532,6.134,1,182.7,39.4
63.72,538,532,6.129,1,183.7,39.3
63.74,545,532,6.048,1,183.1,39.3
63.77,550,532,7.094,1,181.7,39.3
63.79,551,534,7.12,1,181.0,39.4
63.82,554,538,6.903,1,179.9,39.3
63.84,559,545,7.255,1,178.4,39.4
63.87,563,550,7.472,1,177.7,39.3
63.89,566,551,7.611,1,176.9,39.3
63.92,571,554,8.151,1,175.2,39.3
63.94,575,559,9.795,1,173.3,39.4
63.97,573,563,9.491,1,172.6,39.3
64.0,570,566,10.521,1,171.2,39.4
64.02,573,570,9.89,1,170.2,39.3
64.05,577,571,10.395,1,168.1,39.3
64.07,578,573,10.023,1,166.4,39.3
64.1,579,573,10.008,1,165.6,39.3
64.12,582,575,9.93,1,165.1,39.3
64.15,586,577,8.446,1,165.1,39.4
64.17,590,578,9.919,1,163.6,39.3
64.2,588,579,9.401,1,162.4,39.3
64.22,585,582,9.364,1,161.0,39.3
64.25,583,583,9.258,1,159.9,39.4
64.28,579,583,8.094,1,158.9,39.3
64.3,576,583,8.057,1,156.0,39.4
64.33,527,583,7.206,1,154.5,39.3
64.35,524,583,8.347,1,153.7,39.3
64.38,522,583,8.271,1,153.7,39.3
64.4,521,583,8.785,1,152.8,39.4
64.43,522,583,9.167,1,151.9,39.3
64.45,521,583,9.147,1,151.0,39.4
64.48,520,583,9.703,1,150.3,39.3
64.5,518,583,10.387,1,149.3,39.3
64.53,518,583,10.534,1,149.0,39.3
64.55,517,583,10.846,1,149.3,39.4
64.58,517,583,11.162,1,149.0,39.3
64.61,518,583,11.219,1,148.6,39.4
64.63,517,583,11.215,1,148.3,39.3
64.66,519,583,11.63,1,148.0,39.3
64.68,522,583,11.212,1,147.3,39.3
64.71,524,524,11.468,1,146.3,39.3
64.73,528,526,10.939,1,146.2,39.3
64.76,533,528,11.486,1,145.8,39.4
64.78,534,530,11.264,1,145.6,39.3
64.81,538,533,10.604,1,145.3,39.3
64.84,542,534,11.565,1,145.6,39.3
64.86,545,534,11.548,1,146.1,39.4
64.89,545,536,11.807,1,146.3,39.3
64.91,546,538,11.686,1,146.4,39.4
64.94,545,542,11.355,1,146.7,39.3
64.96,544,544,11.483,1,146.8,39.4
64.99,543,544,11.309,1,146.7,39.3
65.01,541,544,11.123,1,146.7,39.4
65.04,540,544,11.102,1,146.9,39.3
65.06,538,544,11.417,1,146.6,39.4
65.09,538,543,11.296,1,146.5,39.3
65.11,539,541,11.074,1,146.7,39.4
65.14,541,541,10.963,1,146.8,39.3
65.17,541,541,11.157,1,146.8,39.4
65.19,540,540,10.876,1,146.8,39.3
65.22,541,540,10.912,1,146.9,39.4
65.24,543,540,11.238,1,146.4,39.3
65.27,544,541,11.102,1,146.3,39.4
65.29,542,541,11.225,1,146.4,39.3
65.32,542,541,11.273,1,146.4,39.4
65.34,542,542,11.33,1,146.2,39.3
65.37,543,542,11.213,1,146.4,39.4
65.39,544,542,11.174,1,146.7,39.3
65.42,546,543,10.869,1,146.7,39.4
65.45,547,543,10.884,1,146.8,39.3
65.47,549,544,10.997,1,146.8,39.4
65.5,550,544,11.042,1,146.8,39.3
65.52,549,546,11.189,1,146.5,39.4
65.55,547,547,11.041,1,146.4,39.3
65.57,547,547,11.379,1,146.4,39.4
65.6,548,547,10.792,1,146.5,39.3
65.62,550,548,11.285,1,146.4,39.4
65.65,550,549,11.017,1,146.6,39.3
65.67,550,549,11.209,1,146.7,39.4
65.7,550,550,11.181,1,146.3,39.3
65.72,548,549,11.279,1,146.2,39.4
65.75,546,548,10.93,1,146.4,39.3
65.78,546,548,10.988,1,146.5,39.4
65.8,547,548,11.273,1,146.5,39.3
65.83,545,548,11.122,1,146.5,39.4
65.85,544,547,11.149,1,146.4,39.3
65.88,542,546,10.966,1,146.8,39.4
65.9,541,546,10.896,1,146.9,39.3
65.93,540,545,11.125,1,146.8,39.4
65.95,540,544,11.169,1,147.1,39.3
65.98,540,542,11.13,1,147.0,39.4
66.01,540,541,11.203,1,146.9,39.3
66.03,540,540,11.192,1,147.0,39.4
66.06,540,540,11.168,1,147.0,39.3
66.08,540,540,11.043,1,147.1,39.4
66.11,540,540,10.871,1,147.5,39.3
66.13,542,540,11.012,1,147.7,39.4
66.16,541,540,11.011,1,147.5,39.3
66.18,541,540,10.946,1,147.5,39.4
66.21,541,540,10.903,1,147.8,39.3
66.23,540,540,10.895,1,148.0,39.3
66.26,540,540,10.927,1,147.9,39.3
66.28,540,540,10.802,1,148.0,39.4
66.31,542,541,10.945,1,148.1,39.3
66.34,542,541,11.073,1,148.1,39.4
66.36,542,541,10.796,1,147.9,39.3
66.39,544,541,10.642,1,148.2,39.4
66.41,547,542,10.476,1,148.3,39.3
66.44,547,542,10.762,1,148.2,39.4
66.46,547,542,10.665,1,148.3,39.3
66.49,547,544,10.587,1,148.3,39.3
66.51,546,546,10.607,1,148.2,39.3
66.54,545,546,10.796,1,148.1,39.4
66.56,545,546,10.92,1,148.0,39.3
66.59,546,546,10.515,1,148.2,39.4
66.62,547,547,10.547,1,148.3,39.3
66.64,547,547,10.471,1,148.3,39.4
66.67,547,547,10.793,1,148.1,39.3
66.69,547,547,10.761,1,148.3,39.4
66.72,546,546,10.459,1,148.2,39.3
66.74,544,546,10.553,1,148.3,39.4
66.77,544,546,10.57,1,148.4,39.3
66.79,544,546,10.487,1,148.5,39.3
66.82,545,546,10.589,1,148.6,39.3
66.84,546,546,10.717,1,148.6,39.4
66.87,546,546,10.829,1,148.2,39.3
66.89,547,546,10.933,1,148.4,39.4
66.92,548,546,10.477,1,148.7,39.3
66.95,548,546,10.494,1,148.6,39.3
66.97,546,546,10.453,1,148.6,39.3
67.0,546,546,10.289,1,148.8,39.4
67.02,546,546,10.39,1,148.9,39.2
67.05,546,546,10.45,1,148.7,39.4
67.07,547,546,10.511,1,149.0,39.3
67.1,548,547,10.447,1,149.1,39.4
67.12,549,547,10.296,1,148.9,39.3
67.15,549,547,10.415,1,148.9,39.4
67.18,549,547,10.575,1,148.9,39.3
67.2,550,548,10.666,1,148.9,39.4
67.23,550,549,10.686,1,148.7,39.3
67.25,550,549,10.639,1,148.9,39.4
67.28,550,549,10.679,1,148.9,39.3
67.3,551,550,10.432,1,149.0,39.4
67.33,551,550,10.407,1,148.8,39.3
67.35,551,550,10.617,1,148.8,39.4
67.38,552,550,10.76,1,148.7,39.3
67.4,552,551,10.475,1,148.8,39.4
67.43,553,551,10.398,1,149.0,39.3
67.45,554,551,10.251,1,148.9,39.4
67.48,552,552,10.145,1,148.9,39.3
67.51,551,552,10.175,1,148.9,39.3
67.53,551,552,10.359,1,149.0,39.3
67.56,551,552,10.498,1,148.9,39.3
67.58,551,552,10.416,1,148.9,39.2
67.61,551,551,10.528,1,148.8,39.3
67.63,551,551,10.511,1,148.8,39.3
67.66,553,551,10.195,1,149.1,39.3
67.68,554,551,10.24,1,149.2,39.3
67.71,553,551,10.147,1,149.2,39.4
67.73,553,551,10.265,1,149.1,39.3
67.76,552,552,10.343,1,149.3,39.4
67.79,551,552,10.234,1,149.4,39.3
67.81,551,552,10.048,1,149.4,39.4
67.84,551,552,10.246,1,149.4,39.3
67.86,552,552,10.569,1,149.2,39.4
67.89,553,552,10.457,1,149.1,39.2
67.91,555,552,10.182,1,149.2,39.3
67.94,555,552,9.841,1,149.5,39.3
67.96,556,552,10.173,1,149.2,39.3
67.99,557,553,10.304,1,149.1,39.3
68.01,557,555,10.181,1,149.2,39.4
68.04,558,555,10.039,1,149.4,39.2
68.07,559,556,9.972,1,149.4,39.4
68.09,558,557,9.939,1,149.3,39.3
68.12,557,557,10.027,1,149.4,39.4
68.14,556,557,9.877,1,149.4,39.3
68.17,556,557,9.806,1,149.4,39.3
68.19,554,557,9.807,1,149.2,39.3
68.22,554,557,9.911,1,149.4,39.4
68.24,553,556,10.093,1,149.4,39.3
68.27,551,556,10.032,1,149.4,39.4
68.29,550,554,10.173,1,149.4,39.3
68.32,551,554,9.975,1,149.4,39.3
68.35,551,553,9.998,1,149.4,39.3
68.37,552,552,10.154,1,149.5,39.4
68.4,552,552,10.203,1,149.5,39.3
68.42,552,552,10.177,1,149.4,39.4
68.45,552,552,9.964,1,149.6,39.3
68.47,551,551,9.771,1,149.8,39.4
68.5,550,551,9.837,1,149.8,39.3
68.52,550,551,9.846,1,149.8,39.4
68.55,550,551,9.802,1,150.1,39.3
68.57,549,551,9.915,1,150.0,39.4
68.6,549,550,9.941,1,149.9,39.3
68.62,548,550,9.899,1,150.1,39.3
68.65,548,550,9.939,1,150.1,39.3
68.68,548,549,9.809,1,150.1,39.4
68.7,549,549,9.84,1,150.2,39.3
68.73,549,549,9.843,1,150.3,39.4
68.75,547,549,9.897,1,150.0,39.3
68.78,547,548,10.115,1,150.1,39.3
68.8,549,548,9.821,1,150.3,39.3
68.83,549,548,10.056,1,150.1,39.4
68.85,549,549,10.033,1,150.1,39.3
68.88,550,549,10.117,1,150.0,39.4
68.9,550,549,10.265,1,149.8,39.3
68.93,551,549,9.833,1,149.9,39.3
68.96,552,549,10.148,1,149.9,39.3
68.98,552,550,9.947,1,150.0,39.4
69.01,553,550,9.943,1,150.0,39.1
69.03,553,551,9.87,1,149.9,39.4
69.06,553,552,9.807,1,150.0,39.3
69.08,553,552,9.787,1,150.0,39.3
69.11,554,553,9.853,1,150.0,39.3
69.13,554,553,9.849,1,150.1,39.4
69.16,555,553,9.648,1,150.3,39.3
69.18,555,553,9.667,1,150.2,39.4
69.21,555,554,9.635,1,150.1,39.3
69.24,555,554,9.558,1,150.3,39.3
69.26,556,555,9.701,1,150.0,39.3
69.29,554,555,9.599,1,149.7,39.4
69.31,553,555,9.953,1,149.6,39.3
69.34,552,555,9.594,1,149.4,39.4
69.36,549,555,10.202,1,148.9,39.3
69.39,550,554,9.981,1,149.4,39.4
69.41,553,553,5.844,1,151.5,39.3
69.44,545,553,6.809,1,150.6,39.4
69.46,541,552,7.931,1,150.2,39.3
69.49,541,550,9.364,1,149.4,39.4
69.52,542,549,9.316,1,149.1,39.3
69.54,541,545,9.815,1,148.4,39.4
69.57,542,542,10.171,1,148.1,39.3
69.59,543,542,10.08,1,147.8,39.3
69.62,545,542,10.18,1,147.4,39.3
69.64,546,542,10.51,1,147.0,39.4
69.67,547,542,10.71,1,146.6,39.3
69.69,547,543,11.056,1,146.2,39.3
69.72,547,545,11.101,1,145.8,39.3
69.74,547,546,11.491,1,145.6,39.4
69.77,547,547,11.316,1,145.7,39.3
69.79,546,547,11.053,1,145.7,39.4
69.82,544,547,10.608,1,146.1,39.3
69.85,540,547,10.881,1,146.2,39.4
69.87,539,547,10.827,1,146.8,39.3
69.9,539,546,10.605,1,147.3,39.3
69.92,540,544,10.574,1,147.7,39.3
69.95,540,540,10.678,1,147.9,39.4
69.97,543,540,9.843,1,148.5,39.3
70.0,546,540,9.849,1,149.0,39.4
70.02,549,540,10.161,1,149.1,39.3
70.05,551,540,9.615,1,149.2,39.3
70.07,555,543,9.321,1,149.6,39.3
70.1,559,546,9.147,1,150.0,39.4
70.13,562,549,9.737,1,149.9,39.3
70.15,560,551,9.904,1,149.8,39.3
70.18,560,555,9.7,1,149.8,39.3
70.2,558,558,9.594,1,150.0,39.4
70.23,556,558,9.569,1,150.0,39.3
70.25,553,558,9.819,1,149.9,39.4
70.28,552,558,9.963,1,149.9,39.3
70.3,550,558,10.031,1,149.8,39.4
70.33,549,556,9.912,1,149.8,39.3
70.35,548,553,9.859,1,149.6,39.4
70.38,546,552,10.1,1,149.4,39.3
70.4,546,550,9.942,1,149.4,39.4
70.43,547,549,10.196,1,149.4,39.3
70.46,548,548,9.878,1,149.3,39.4
70.48,549,548,10.097,1,149.2,39.3
70.51,548,548,10.017,1,149.2,39.4
70.53,548,548,9.922,1,149.3,39.3
70.56,547,548,9.79,1,149.3,39.4
70.58,545,547,10.004,1,149.2,39.3
70.61,546,547,9.588,1,149.4,39.3
70.63,549,548,9.947,1,149.2,39.3
70.66,550,548,9.743,1,149.2,39.4
70.69,549,548,9.937,1,149.2,39.3
70.71,549,548,9.51,1,149.4,39.4
70.74,550,549,9.547,1,149.6,39.3
70.76,549,549,9.464,1,149.5,39.4
70.79,548,549,9.73,1,149.6,39.3
70.81,547,549,9.822,1,149.5,39.3
70.84,547,549,9.726,1,149.5,39.3
70.86,546,549,9.799,1,149.3,39.3
70.89,546,548,9.923,1,149.0,39.3
70.91,545,547,9.813,1,148.8,39.4
70.94,545,547,9.944,1,148.8,39.3
70.96,544,546,10.015,1,148.7,39.4
70.99,544,546,9.957,1,148.6,39.3
71.02,543,545,9.902,1,148.7,39.4
71.04,542,545,9.934,1,148.8,39.3
71.07,543,544,9.766,1,148.9,39.4
71.09,543,544,9.767,1,149.0,39.3
71.12,542,543,9.818,1,149.1,39.4
71.14,542,543,9.67,1,149.2,39.3
71.17,544,543,9.746,1,149.3,39.4
71.19,545,543,9.726,1,149.4,39.3
71.22,547,543,9.269,1,149.6,39.4
71.25,550,543,9.631,1,149.4,39.3
71.27,552,544,9.749,1,149.3,39.4
71.3,552,545,9.789,1,149.2,39.3
71.32,551,547,9.963,1,149.0,39.4
71.35,550,550,9.857,1,149.3,39.3
71.37,550,550,9.75,1,149.3,39.4
71.4,548,550,9.271,1,149.5,39.3
71.42,546,550,9.948,1,149.4,39.4
71.45,546,550,9.947,1,149.6,39.3
71.47,545,550,9.837,1,149.7,39.4
71.5,543,548,9.677,1,149.7,39.3
71.52,542,546,9.875,1,149.8,39.4
71.55,542,546,9.746,1,149.9,39.3
71.58,541,545,9.587,1,149.9,39.4
71.6,540,543,9.723,1,149.7,39.3
71.63,542,542,9.415,1,150.0,39.4
71.65,542,542,9.498,1,149.9,39.3
71.68,542,542,9.878,1,149.8,39.3
71.7,542,542,9.783,1,150.0,39.3
71.73,543,542,9.635,1,150.1,39.4
71.75,542,542,9.318,1,150.0,39.3
71.78,541,542,9.414,1,150.1,39.4
71.8,539,542,9.644,1,150.1,39.3
71.83,537,542,9.708,1,150.2,39.3
71.86,537,542,9.584,1,150.4,39.3
71.88,536,541,9.486,1,150.5,39.4
71.91,535,539,9.797,1,150.3,39.3
71.93,535,537,9.742,1,150.3,39.4
71.96,536,537,9.697,1,150.4,39.3
71.98,537,537,9.675,1,150.5,39.4
72.01,539,537,9.695,1,150.4,39.3
72.03,539,537,9.645,1,150.4,39.4
72.06,538,537,9.735,1,150.3,39.3
72.08,538,537,9.489,1,150.4,39.3
72.11,537,537,9.658,1,150.3,39.3
72.13,536,537,9.699,1,150.3,39.4
72.16,536,537,9.689,1,150.3,39.3
72.19,537,537,9.77,1,150.4,39.4
72.21,536,537,9.572,1,150.4,39.3
72.24,538,537,9.422,1,150.7,39.3
72.26,540,537,9.535,1,150.6,39.3
72.29,541,537,9.495,1,150.7,39.4
72.31,541,537,9.579,1,150.6,39.3
72.34,541,538,9.522,1,150.6,39.3
72.36,540,540,9.442,1,150.6,39.3
72.39,540,540,9.621,1,150.6,39.4
72.41,540,540,9.555,1,150.5,39.3
72.44,540,540,9.489,1,150.5,39.3
72.47,538,540,9.602,1,150.5,39.3
72.49,537,540,9.585,1,150.4,39.4
72.52,539,540,9.351,1,150.6,39.3
72.54,539,540,9.419,1,150.6,39.4
72.57,537,539,9.438,1,150.5,39.3
72.59,535,539,9.566,1,150.4,39.4
72.62,537,538,9.58,1,150.6,39.3
72.64,537,537,9.495,1,150.5,39.4
72.67,537,537,9.634,1,150.5,39.3
72.69,536,537,9.483,1,150.4,39.4
72.72,537,537,9.656,1,150.6,39.3
72.75,538,537,9.457,1,150.6,39.3
72.77,538,537,9.466,1,150.6,39.3
72.8,538,537,9.411,1,150.6,39.4
72.82,537,537,9.621,1,150.7,39.3
72.85,536,537,9.286,1,150.9,39.4
72.87,535,537,9.591,1,151.0,39.3
72.9,534,537,9.341,1,151.0,39.3
72.92,535,537,9.447,1,151.0,39.3
72.95,536,536,9.628,1,150.9,39.3
72.97,537,536,9.769,1,150.6,39.3
73.0,539,536,9.794,1,150.3,39.3
73.03,541,536,9.726,1,150.2,39.3
73.05,542,536,9.921,1,150.0,39.3
73.08,544,537,9.756,1,149.8,39.3
73.1,544,539,9.708,1,149.8,39.3
73.13,543,541,9.927,1,149.7,39.3
73.15,543,542,9.928,1,149.7,39.3
73.18,543,543,9.898,1,149.7,39.3
73.2,543,543,9.866,1,149.7,39.3
73.23,542,543,9.883,1,149.8,39.3
73.25,541,543,9.78,1,149.7,39.4
73.28,543,543,9.792,1,149.7,39.3
73.3,543,543,9.894,1,149.7,39.4
73.33,542,543,10.154,1,149.6,39.3
73.36,543,543,9.823,1,149.7,39.3
73.38,545,543,9.892,1,149.8,39.3
73.41,544,543,9.809,1,149.7,39.4
73.43,543,543,9.858,1,149.6,39.3
73.46,545,543,9.844,1,149.8,39.4
73.48,547,543,9.691,1,149.8,39.3
73.51,548,544,9.894,1,149.7,39.3
73.53,548,545,10.031,1,149.7,39.3
73.56,548,545,9.881,1,149.7,39.4
73.58,547,547,9.941,1,149.6,39.3
73.61,547,547,9.958,1,149.5,39.4
73.64,548,547,10.14,1,149.5,39.3
73.66,548,548,10.114,1,149.4,39.3
73.69,548,548,9.831,1,149.3,39.3
73.71,550,548,9.944,1,149.3,39.3
73.74,551,548,10.013,1,149.2,39.3
73.76,551,548,10.027,1,149.1,39.4
73.79,552,548,10.093,1,149.1,39.3
73.81,553,550,10.031,1,149.2,39.3
73.84,552,551,10.181,1,149.1,39.3
73.86,551,551,9.899,1,149.2,39.3
73.89,552,551,9.955,1,149.2,39.2
73.92,552,552,10.176,1,149.2,39.4
73.94,552,552,10.091,1,149.2,39.3
73.97,553,552,10.031,1,149.3,39.4
73.99,554,552,9.765,1,149.4,39.3
74.02,555,552,10.142,1,149.3,39.4
74.04,555,552,10.079,1,149.3,39.3
74.07,554,553,9.833,1,149.3,39.4
74.09,554,554,9.996,1,149.2,39.3
74.12,553,554,9.874,1,149.2,39.3
74.14,553,554,9.939,1,149.3,39.3
74.17,552,554,9.968,1,149.2,39.4
74.2,553,554,10.011,1,149.3,39.3
74.22,554,554,9.887,1,149.2,39.4
74.25,554,554,10.062,1,149.1,39.3
74.27,554,554,10.082,1,149.1,39.3
74.3,555,554,10.025,1,149.1,39.3
74.32,555,554,9.971,1,149.0,39.4
74.35,554,554,9.969,1,148.8,39.2
74.37,554,554,10.121,1,148.8,39.4
74.4,554,554,10.19,1,148.7,39.3
74.42,553,554,10.087,1,148.6,39.4
74.45,550,554,10.065,1,148.6,39.3
74.47,549,554,10.329,1,148.5,39.4
74.5,550,554,9.915,1,148.8,39.3
74.53,552,553,10.236,1,148.7,39.4
74.55,553,553,10.278,1,148.7,39.3
74.58,554,553,10.165,1,148.7,39.4
74.6,555,553,10.297,1,148.7,39.3
74.63,555,553,10.389,1,148.6,39.3
74.65,555,553,10.403,1,148.6,39.3
74.68,555,554,10.347,1,148.7,39.3
74.7,555,555,10.126,1,148.7,39.3
74.73,555,555,10.161,1,148.6,39.4
74.75,556,555,10.258,1,148.7,39.3
74.78,557,555,10.276,1,148.7,39.4
74.81,557,555,10.234,1,148.6,39.3
74.83,556,555,10.093,1,148.6,39.4
74.86,557,556,10.1,1,148.6,39.3
74.88,555,556,10.178,1,148.5,39.3
74.91,555,556,10.179,1,148.7,39.3
74.93,555,556,9.966,1,148.7,39.4
74.96,556,556,10.139,1,148.7,39.3
74.98,555,556,10.338,1,148.7,39.4
75.01,556,556,10.045,1,148.9,39.3
75.03,557,556,9.697,1,149.1,39.4
75.06,559,556,9.935,1,149.1,39.3
75.09,560,556,9.875,1,149.2,39.4
75.11,559,556,9.847,1,149.2,39.3
75.14,559,557,9.683,1,149.2,39.4
75.16,559,559,9.726,1,149.4,39.3
75.19,558,559,9.6,1,149.5,39.4
75.21,557,559,9.619,1,149.5,39.3
75.24,558,559,9.562,1,149.7,39.3
75.26,558,559,9.532,1,149.8,39.3
75.29,558,558,9.49,1,149.8,39.4
75.31,558,558,9.404,1,149.7,39.3
75.34,557,558,9.695,1,149.8,39.4
75.37,557,558,9.565,1,149.8,39.3
75.39,557,558,9.622,1,149.8,39.4
75.42,557,557,9.514,1,149.9,39.3
75.44,557,557,9.608,1,149.9,39.4
75.47,557,557,9.597,1,149.7,39.3
75.49,557,557,9.685,1,149.6,39.4
75.52,559,557,9.515,1,149.7,39.3
75.54,559,557,9.556,1,149.6,39.4
75.57,558,557,9.769,1,149.5,39.3
75.59,559,557,9.62,1,149.6,39.4
75.62,562,558,9.481,1,149.7,39.3
75.64,562,559,9.805,1,149.6,39.4
75.67,562,559,9.738,1,149.7,39.3
75.7,563,559,9.465,1,149.9,39.4
75.72,564,562,9.441,1,149.9,39.3
75.75,563,562,9.27,1,149.9,39.4
75.77,562,562,9.65,1,149.9,39.3
75.8,562,562,9.586,1,149.8,39.4
75.82,562,562,9.387,1,149.8,39.3
75.85,562,562,9.69,1,149.8,39.4
75.87,561,562,9.463,1,149.7,39.3
75.9,561,562,9.577,1,149.6,39.4
75.92,560,562,9.565,1,149.8,39.3
75.95,559,562,9.529,1,149.7,39.4
75.98,559,561,9.486,1,149.8,39.3
76.0,558,561,9.421,1,149.8,39.4
76.03,558,560,9.45,1,150.0,39.3
76.05,558,559,9.476,1,150.0,39.3
76.08,559,559,9.615,1,150.1,39.3
76.1,558,559,9.219,1,150.2,39.4
76.13,559,559,9.281,1,150.3,39.3
76.15,557,558,8.968,1,150.4,39.4
76.18,553,558,8.698,1,150.4,39.3
76.2,552,558,9.638,1,150.1,39.4
76.23,552,558,9.81,1,149.9,39.3
76.26,552,557,9.651,1,149.8,39.3
76.28,553,553,9.708,1,149.6,39.3
76.31,554,553,9.704,1,149.5,39.4
76.33,554,553,9.674,1,149.5,39.3
76.36,554,553,9.697,1,149.4,39.4
76.38,555,553,9.953,1,149.4,39.3
76.41,556,554,9.813,1,149.3,39.3
76.43,556,554,9.938,1,149.2,39.3
76.46,556,554,9.952,1,149.0,39.4
76.48,557,555,9.962,1,149.0,39.3
76.51,559,556,9.826,1,148.9,39.4
76.54,560,556,10.041,1,149.1,39.3
76.56,560,556,9.782,1,148.9,39.4
76.59,559,557,9.908,1,148.9,39.3
76.61,559,559,9.796,1,148.9,39.4
76.64,559,559,9.862,1,149.1,39.3
76.66,557,559,9.801,1,149.1,39.4
76.69,556,559,9.6,1,149.1,39.3
76.71,554,559,10.057,1,149.0,39.3
76.74,555,559,9.737,1,149.2,39.3
76.76,558,558,9.551,1,149.3,39.3
76.79,560,558,10.031,1,149.1,39.3
76.81,560,558,9.87,1,148.9,39.4
76.84,561,558,9.818,1,148.8,39.3
76.87,562,558,10.26,1,148.9,39.4
76.89,563,560,10.07,1,148.9,39.2
76.92,562,560,9.923,1,148.8,39.4
76.94,561,561,9.989,1,149.0,39.3
76.97,560,561,9.897,1,149.1,39.4
76.99,559,561,9.778,1,149.2,39.3
77.02,557,561,9.941,1,149.2,39.4
77.04,557,561,10.191,1,149.3,39.3
77.07,557,560,9.871,1,149.4,39.4
77.09,559,559,9.747,1,149.5,39.3
77.12,560,559,9.898,1,149.5,39.4
77.15,562,559,10.024,1,149.3,39.3
77.17,564,559,9.801,1,149.2,39.4
77.2,564,559,9.805,1,149.2,39.3
77.22,563,560,9.918,1,149.2,39.4
77.25,562,562,9.886,1,149.0,39.3
77.27,563,562,9.692,1,149.2,39.4
77.3,563,563,9.817,1,149.2,39.3
77.32,563,563,9.877,1,149.1,39.4
77.35,562,563,9.766,1,148.9,39.3
77.37,561,563,9.907,1,148.9,39.4
77.4,562,563,9.873,1,149.3,39.3
77.43,562,562,9.771,1,149.2,39.4
77.45,561,562,9.57,1,149.1,39.3
77.48,561,562,9.873,1,149.3,39.3
77.5,562,562,9.954,1,149.2,39.3
77.53,562,562,9.918,1,149.1,39.4
77.55,562,562,9.74,1,149.1,39.3
77.58,564,562,10.058,1,149.1,39.3
77.6,565,562,9.893,1,149.0,39.3
77.63,566,562,9.838,1,149.1,39.3
77.65,567,562,10.113,1,149.0,39.3
77.68,567,564,9.855,1,149.0,39.3
77.71,567,565,9.942,1,149.0,39.3
77.73,567,566,10.151,1,149.0,39.3
77.76,567,567,10.124,1,148.9,39.3
77.78,567,567,9.775,1,149.0,39.3
77.81,567,567,9.787,1,149.1,39.3
77.83,567,567,10.007,1,149.2,39.3
77.86,566,567,9.727,1,149.2,39.3
77.88,566,567,9.624,1,149.2,39.3
77.91,567,567,9.959,1,149.3,39.3
77.93,567,567,10.0,1,149.2,39.3
77.96,568,567,9.77,1,149.2,39.3
77.98,567,567,9.749,1,149.2,39.3
78.01,567,567,9.919,1,149.2,39.3
78.04,567,567,9.893,1,149.2,39.3
78.06,566,567,9.727,1,149.0,39.3
78.09,567,567,10.143,1,149.1,39.3
78.11,567,567,10.09,1,149.0,39.3
78.14,567,567,10.003,1,149.0,39.3
78.16,567,567,10.12,1,149.2,39.3
78.19,568,567,9.88,1,149.1,39.3
78.21,567,567,9.914,1,149.1,39.3
78.24,566,567,9.584,1,149.0,39.3
78.26,567,567,9.834,1,149.1,39.3
78.29,568,567,10.15,1,148.8,39.4
78.32,568,567,10.07,1,148.9,39.3
78.34,569,567,10.039,1,149.0,39.4
78.37,571,568,9.945,1,149.2,39.3
78.39,572,568,10.199,1,149.1,39.3
78.42,572,568,10.022,1,149.1,39.2
78.44,571,569,10.085,1,149.0,39.4
78.47,572,571,10.171,1,149.0,39.3
78.49,572,571,10.217,1,149.1,39.4
78.52,570,571,9.749,1,149.0,39.3
78.54,569,571,9.866,1,148.8,39.4
78.57,568,571,9.867,1,148.7,39.3
78.6,567,571,9.939,1,148.7,39.4
78.62,567,570,10.014,1,148.7,39.3
78.65,567,569,10.026,1,148.8,39.4
78.67,568,568,9.691,1,149.1,39.3
78.7,570,568,9.854,1,149.1,39.4
78.72,569,568,9.764,1,149.1,39.3
78.75,569,568,9.987,1,149.0,39.4
78.77,569,568,9.908,1,149.2,39.3
78.8,567,568,9.644,1,149.1,39.4
78.82,567,568,9.88,1,149.0,39.3
78.85,567,568,9.889,1,149.1,39.4
78.88,567,568,9.936,1,149.0,39.3
78.9,567,567,9.932,1,148.8,39.4
78.93,568,567,10.013,1,148.8,39.3
78.95,567,567,10.031,1,148.8,39.4
78.98,566,567,9.923,1,148.5,39.3
79.0,566,567,9.943,1,148.5,39.3
79.03,565,567,10.005,1,148.6,39.3
79.05,564,567,9.736,1,148.7,39.4
79.08,562,566,10.046,1,148.9,39.3
79.1,562,566,9.696,1,149.1,39.4
79.13,562,565,9.911,1,149.2,39.3
79.15,561,564,9.841,1,149.2,39.3
79.18,561,562,9.782,1,149.4,39.3
79.21,563,562,9.71,1,149.6,39.4
79.23,563,562,9.547,1,149.5,39.3
79.26,562,562,9.549,1,149.4,39.3
79.28,560,562,9.762,1,149.4,39.3
79.31,559,562,9.578,1,149.3,39.3
79.33,557,561,9.732,1,149.2,39.3
79.36,556,561,9.89,1,149.1,39.4
79.38,556,560,9.838,1,149.1,39.3
79.41,555,559,9.702,1,148.8,39.4
79.43,556,557,9.957,1,148.7,39.3
79.46,556,556,9.942,1,148.7,39.4
79.49,555,556,10.057,1,148.7,39.3
79.51,555,556,9.891,1,148.8,39.4
79.54,554,556,9.613,1,149.0,39.3
79.56,552,555,9.699,1,149.2,39.4
79.59,552,555,9.727,1,149.4,39.3
79.61,552,555,9.761,1,149.5,39.3
79.64,552,554,9.763,1,149.5,39.3
79.66,552,552,9.694,1,149.6,39.4
79.69,552,552,9.626,1,149.6,39.3
79.71,551,552,9.347,1,149.8,39.4
79.74,552,552,9.605,1,149.9,39.3
79.77,551,552,9.411,1,149.7,39.3
79.79,553,552,8.467,1,150.3,39.3
79.82,557,552,9.33,1,150.0,39.4
79.84,557,552,9.643,1,149.7,39.3
79.87,557,552,9.649,1,149.6,39.4
79.89,557,553,9.6,1,149.6,39.3
79.92,556,556,9.321,1,149.6,39.4
79.94,555,556,9.409,1,149.3,39.3
79.97,555,556,9.533,1,149.4,39.4
80.0,555,556,9.773,1,149.3,39.2
80.02,555,556,9.641,1,149.2,39.4
80.05,554,555,9.532,1,149.2,39.3
80.07,553,555,9.586,1,149.3,39.4
80.1,550,555,9.234,1,149.5,39.3
80.12,547,555,9.251,1,149.5,39.4
80.15,547,554,9.567,1,149.6,39.3
80.17,549,553,9.109,1,149.8,39.4
80.2,550,550,9.627,1,149.7,39.3
80.22,549,550,9.408,1,149.7,39.3
80.25,549,549,9.282,1,149.7,39.3
80.27,549,549,9.378,1,149.7,39.4
80.3,548,549,9.262,1,149.7,39.3
80.32,546,549,9.426,1,149.8,39.4
80.35,546,549,9.392,1,149.8,39.3
80.38,548,549,9.264,1,149.9,39.4
80.4,550,549,9.466,1,150.0,39.3
80.43,549,549,9.418,1,149.7,39.4
80.45,547,548,9.47,1,149.6,39.3
80.48,547,548,9.552,1,149.8,39.4
80.5,547,547,9.513,1,149.7,39.3
80.53,546,547,9.492,1,149.6,39.4
80.55,545,547,9.443,1,149.8,39.3
80.58,544,547,9.36,1,149.8,39.4
80.6,543,547,9.371,1,149.7,39.3
80.63,544,546,9.614,1,149.7,39.4
80.66,545,545,9.565,1,149.7,39.3
80.68,545,545,9.604,1,149.6,39.4
80.71,545,545,9.672,1,149.6,39.3
80.73,547,545,8.478,1,150.1,39.4
80.76,550,545,9.48,1,149.6,39.3
80.78,551,545,9.479,1,149.5,39.4
80.81,552,545,9.392,1,149.6,39.3
80.83,552,547,9.801,1,149.4,39.3
80.86,552,550,9.773,1,149.2,39.3
80.88,552,551,9.77,1,149.2,39.4
80.91,552,552,9.997,1,149.1,39.3
80.94,552,552,10.039,1,149.0,39.4
80.96,552,552,10.095,1,148.9,39.3
80.99,554,552,9.697,1,149.0,39.3
81.01,555,552,9.862,1,148.9,39.3
81.04,554,552,9.726,1,148.8,39.3
81.06,553,552,9.671,1,148.9,39.3
81.09,554,553,9.813,1,149.0,39.3
81.11,552,553,9.607,1,148.9,39.3
81.14,550,553,9.612,1,148.9,39.4
81.17,550,553,9.742,1,149.0,39.3
81.19,551,553,9.738,1,148.9,39.3
81.22,552,552,9.9,1,148.9,39.3
81.24,553,552,9.806,1,149.0,39.3
81.27,553,552,9.87,1,148.8,39.3
81.29,554,552,9.892,1,148.6,39.3
81.32,555,552,10.024,1,148.5,39.3
81.34,555,553,9.902,1,148.3,39.4
81.37,554,553,10.009,1,148.2,39.3
81.39,553,553,10.287,1,148.2,39.4
81.42,554,554,10.057,1,148.2,39.3
81.44,556,554,9.834,1,148.4,39.3
81.47,555,554,10.136,1,148.3,39.3
81.5,554,554,10.022,1,148.4,39.3
81.52,556,555,9.934,1,148.5,39.3
81.55,556,555,9.979,1,148.6,39.4
81.57,555,555,10.043,1,148.7,39.3
81.6,555,555,9.769,1,148.6,39.3
81.62,554,555,10.067,1,148.6,39.3
81.65,554,555,10.053,1,148.8,39.4
81.67,554,555,9.837,1,148.7,39.3
81.7,553,554,9.922,1,148.7,39.3
81.72,553,554,9.933,1,148.8,39.3
81.75,552,554,10.03,1,148.7,39.3
81.78,552,554,10.031,1,148.7,39.3
81.8,552,553,10.091,1,148.6,39.4
81.83,551,553,10.14,1,148.6,39.3
81.85,552,552,10.211,1,148.6,39.4
81.88,553,552,9.913,1,148.6,39.3
81.9,555,552,10.189,1,148.6,39.3
81.93,555,552,10.301,1,148.4,39.3
81.95,556,552,10.073,1,148.5,39.4
81.98,558,553,9.918,1,148.6,39.3
82.0,559,555,9.866,1,148.7,39.4
82.03,559,555,9.859,1,148.6,39.3
82.05,558,556,10.051,1,148.5,39.4
82.08,559,558,9.991,1,148.7,39.3
82.11,559,558,9.919,1,148.6,39.4
82.13,559,559,9.954,1,148.6,39.3
82.16,559,559,9.917,1,148.6,39.4
82.18,559,559,9.958,1,148.7,39.3
82.21,560,559,9.901,1,148.6,39.3
82.23,562,559,10.079,1,148.8,39.3
82.26,563,559,9.937,1,148.7,39.3
82.28,563,559,9.862,1,148.7,39.3
82.31,562,560,9.909,1,148.6,39.4
82.33,562,562,9.895,1,148.8,39.3
82.36,562,562,9.981,1,148.8,39.3
82.39,562,562,10.019,1,148.8,39.3
82.41,563,562,9.746,1,149.0,39.3
82.44,564,562,9.966,1,148.8,39.3
82.46,565,563,9.917,1,148.8,39.4
82.49,566,563,10.063,1,148.8,39.3
82.51,566,563,10.065,1,148.7,39.3
82.54,567,564,10.161,1,148.6,39.3
82.56,569,565,9.778,1,148.9,39.3
82.59,569,566,9.778,1,148.9,39.3
82.61,567,566,9.982,1,148.6,39.4
82.64,567,567,9.862,1,148.6,39.3
82.67,566,567,9.913,1,148.7,39.3
82.69,565,567,9.967,1,148.7,39.3
82.72,565,567,10.002,1,148.6,39.3
82.74,566,567,9.866,1,148.8,39.3
82.77,566,566,9.894,1,148.6,39.4
82.79,564,566,10.042,1,148.3,39.3
82.82,563,566,9.899,1,148.3,39.4
82.84,564,565,10.037,1,148.5,39.3
82.87,563,565,10.017,1,148.4,39.4
82.89,563,564,10.085,1,148.3,39.3
82.92,565,564,9.879,1,148.6,39.4
82.94,567,564,10.113,1,148.5,39.3
82.97,567,564,10.076,1,148.5,39.4
83.0,567,564,9.899,1,148.5,39.1
83.02,567,565,9.943,1,148.7,39.4
83.05,569,567,10.133,1,148.6,39.3
83.07,568,567,10.115,1,148.6,39.4
83.1,567,567,10.302,1,148.6,39.3
83.12,567,567,10.239,1,148.6,39.4
83.15,567,567,10.098,1,148.7,39.3
83.17,568,567,10.13,1,148.8,39.4
83.2,569,567,10.031,1,148.8,39.3
83.22,568,568,10.06,1,148.7,39.4
83.25,569,568,10.066,1,148.9,39.3
83.28,568,568,9.989,1,148.7,39.4
83.3,568,568,10.035,1,148.7,39.3
83.33,568,568,10.168,1,148.6,39.4
83.35,567,568,10.162,1,148.6,39.3
83.38,567,568,10.146,1,148.5,39.4
83.4,568,568,10.259,1,148.5,39.3
83.43,569,568,9.869,1,148.7,39.4
83.45,571,568,10.066,1,148.8,39.3
83.48,571,568,9.85,1,148.9,39.4
83.5,572,568,10.154,1,149.0,39.3
83.53,573,569,9.993,1,149.2,39.4
83.56,573,571,10.054,1,149.1,39.3
83.58,572,571,10.117,1,148.9,39.4
83.61,572,572,10.14,1,148.9,39.3
83.63,572,572,10.125,1,148.9,39.4
83.66,572,572,10.085,1,148.9,39.3
83.68,571,572,10.032,1,148.6,39.4
83.71,570,572,10.097,1,148.5,39.3
83.73,568,572,9.835,1,148.4,39.3
83.76,566,572,9.943,1,148.5,39.3
83.78,564,571,9.881,1,148.7,39.3
83.81,563,570,9.663,1,148.8,39.3
83.83,562,568,9.747,1,148.8,39.4
83.86,563,566,9.878,1,149.0,39.3
83.89,564,564,9.807,1,148.9,39.3
83.91,565,564,9.773,1,149.0,39.3
83.94,566,564,9.761,1,149.1,39.4
83.96,567,564,9.871,1,149.3,39.3
83.99,568,564,9.68,1,149.4,39.4
84.01,569,565,9.759,1,149.4,39.3
84.04,570,566,9.614,1,149.7,39.3
84.06,571,567,9.763,1,149.6,39.3
84.09,572,568,9.763,1,149.6,39.4
84.12,571,569,9.697,1,149.6,39.3
84.14,570,570,9.59,1,149.6,39.4
84.17,570,570,9.569,1,149.6,39.3
84.19,569,570,9.592,1,149.7,39.3
84.22,568,570,9.416,1,149.7,39.3
84.24,567,570,9.46,1,149.6,39.3
84.27,566,570,9.481,1,149.7,39.3
84.29,564,569,9.75,1,149.7,39.4
84.32,567,568,9.106,1,150.1,39.3
84.34,568,568,9.475,1,150.1,39.4
84.37,568,568,9.467,1,150.3,39.3
84.39,569,568,9.498,1,150.2,39.4
84.42,570,568,9.51,1,150.2,39.3
84.45,571,568,9.613,1,150.2,39.4
84.47,571,568,9.79,1,149.9,39.3
84.5,571,569,9.661,1,149.8,39.4
84.52,571,570,9.569,1,149.8,39.3
84.55,571,571,9.674,1,149.7,39.4
84.57,569,571,9.939,1,149.4,39.3
84.6,569,571,9.829,1,149.3,39.4
84.62,570,571,10.034,1,149.4,39.3
84.65,569,571,9.693,1,149.3,39.4
84.68,568,570,9.78,1,149.4,39.3
84.7,569,569,9.586,1,149.7,39.4
84.73,570,569,9.655,1,149.9,39.3
84.75,570,569,9.628,1,149.7,39.4
84.78,569,569,9.76,1,149.6,39.3
84.8,570,569,9.663,1,149.8,39.4
84.83,571,570,9.497,1,149.9,39.3
84.85,570,570,9.468,1,149.7,39.4
84.88,570,570,9.503,1,149.8,39.3
84.9,572,570,9.897,1,149.8,39.4
84.93,573,570,9.806,1,149.7,39.3
84.95,573,570,9.788,1,149.7,39.4
84.98,574,571,9.562,1,149.8,39.3
85.0,575,572,9.59,1,149.8,39.4
85.03,574,573,9.555,1,149.7,39.3
85.06,575,573,9.457,1,149.8,39.4
85.08,577,574,9.642,1,150.0,39.3
85.11,579,574,9.36,1,150.5,39.4
85.13,579,575,9.472,1,150.4,39.3
85.16,580,575,9.348,1,150.6,39.4
85.18,579,577,9.366,1,150.4,39.3
85.21,579,579,9.606,1,150.2,39.4
85.23,579,579,9.493,1,150.1,39.3
85.26,580,579,9.659,1,150.2,39.4
85.29,580,579,9.747,1,150.4,39.3
85.31,579,579,9.521,1,150.4,39.4
85.34,578,579,9.389,1,150.4,39.3
85.36,577,579,9.361,1,150.3,39.4
85.39,576,579,9.229,1,150.2,39.3
85.41,575,579,9.338,1,150.2,39.4
85.44,575,578,9.588,1,149.9,39.3
85.46,575,577,9.66,1,149.9,39.4
85.49,576,576,9.617,1,150.1,39.3
85.51,577,576,9.31,1,150.2,39.4
85.54,577,576,9.462,1,150.0,39.3
85.56,577,576,9.722,1,150.1,39.3
85.59,579,576,9.414,1,150.3,39.3
85.62,578,577,9.547,1,150.1,39.4
85.64,578,577,9.39,1,150.2,39.3
85.67,577,577,9.589,1,150.2,39.4
85.69,577,577,9.433,1,150.4,39.3
85.72,577,577,9.415,1,150.3,39.3
85.74,577,577,9.575,1,150.3,39.3
85.77,578,577,9.544,1,150.4,39.4
85.79,579,578,9.549,1,150.6,39.3
85.82,580,578,9.501,1,150.8,39.4
85.84,581,578,9.679,1,150.9,39.3
85.87,581,578,9.576,1,150.8,39.4
85.9,582,579,9.575,1,150.9,39.3
85.92,580,580,9.431,1,150.7,39.4
85.95,579,580,9.555,1,150.2,39.3
85.97,579,580,9.552,1,150.3,39.3
86.0,579,580,9.603,1,150.3,39.3
86.02,579,580,9.574,1,150.1,39.4
86.05,580,580,9.612,1,150.1,39.3
86.07,580,580,9.694,1,150.1,39.3
86.1,580,580,9.759,1,150.0,39.3
86.12,579,579,9.63,1,149.6,39.4
86.15,580,579,9.825,1,149.9,39.3
86.18,580,580,9.659,1,150.0,39.3
86.2,580,580,9.649,1,149.9,39.3
86.23,580,580,9.663,1,149.9,39.4
86.25,581,580,9.65,1,150.2,39.3
86.28,582,580,9.794,1,150.3,39.4
86.3,582,580,9.757,1,150.3,39.3
86.33,583,580,9.541,1,150.7,39.4
86.35,584,581,9.67,1,150.9,39.3
86.38,584,582,9.613,1,150.8,39.3
86.4,584,582,9.466,1,150.7,39.3
86.43,583,583,9.453,1,150.8,39.4
86.45,580,583,9.046,1,150.4,39.3
86.48,578,583,9.553,1,149.7,39.4
86.51,580,583,9.553,1,150.0,39.3
86.53,581,583,9.529,1,150.2,39.4
86.56,581,581,9.665,1,150.2,39.3
86.58,581,581,9.621,1,150.0,39.4
86.61,582,581,9.665,1,150.3,39.3
86.63,582,581,9.846,1,150.2,39.4
86.66,582,581,9.801,1,150.2,39.3
86.68,581,581,9.71,1,150.0,39.4
86.71,582,581,9.674,1,150.3,39.3
86.73,582,582,9.653,1,150.3,39.4
86.76,582,582,9.769,1,150.3,39.3
86.79,582,582,9.89,1,150.4,39.3
86.81,583,582,9.641,1,150.5,39.3
86.84,582,582,9.655,1,150.4,39.4
86.86,584,582,9.76,1,150.5,39.3
86.89,585,582,9.772,1,150.5,39.3
86.91,585,582,9.789,1,150.5,39.3
86.94,583,583,9.777,1,150.2,39.4
86.96,583,583,9.855,1,150.1,39.3
86.99,582,583,9.843,1,150.0,39.4
87.01,582,583,9.727,1,150.2,39.3
87.04,582,583,9.762,1,150.2,39.2
87.07,583,583,9.705,1,150.3,39.3
87.09,583,583,9.695,1,150.3,39.3
87.12,584,583,9.799,1,150.4,39.3
87.14,584,583,9.852,1,150.4,39.3
87.17,585,583,9.745,1,150.5,39.3
87.19,584,583,9.716,1,150.6,39.3
87.22,584,584,9.792,1,150.3,39.3
87.24,585,584,9.634,1,150.6,39.3
87.27,585,584,9.69,1,150.7,39.3
87.29,584,584,9.614,1,150.6,39.3
87.32,584,584,9.558,1,150.6,39.3
87.35,586,584,9.603,1,151.0,39.4
87.37,586,585,9.622,1,151.1,39.3
87.4,585,585,9.487,1,150.8,39.3
87.42,585,585,9.221,1,150.8,39.3
87.45,586,585,9.502,1,151.0,39.4
87.47,585,585,9.589,1,150.8,39.3
87.5,583,585,9.637,1,150.2,39.4
87.52,582,585,9.543,1,150.2,39.3
87.55,583,585,9.573,1,150.4,39.3
87.57,582,585,9.517,1,150.2,39.3
87.6,582,583,9.661,1,150.0,39.3
87.63,582,583,9.854,1,150.3,39.3
87.65,583,583,9.492,1,150.6,39.4
87.68,583,583,9.393,1,150.5,39.3
87.7,583,583,9.463,1,150.6,39.3
87.73,583,583,9.364,1,150.7,39.3
87.75,582,583,9.629,1,150.5,39.4
87.78,583,583,9.342,1,150.8,39.3
87.8,584,583,9.471,1,151.0,39.3
87.83,583,583,9.289,1,150.9,39.3
87.85,583,583,9.419,1,150.8,39.3
87.88,583,583,9.442,1,150.9,39.3
87.9,583,583,9.421,1,150.9,39.3
87.93,583,583,9.413,1,150.8,39.3
87.96,583,583,9.427,1,150.8,39.4
87.98,584,583,9.581,1,150.8,39.3
88.01,583,583,9.533,1,150.5,39.4
88.03,582,583,9.646,1,150.3,39.3
88.06,582,583,9.517,1,150.4,39.4
88.08,584,583,9.306,1,150.8,39.3
88.11,584,583,9.282,1,150.7,39.4
88.13,584,583,9.317,1,150.7,39.3
88.16,584,584,9.402,1,150.8,39.3
88.18,585,584,9.479,1,151.0,39.3
88.21,584,584,9.153,1,151.1,39.4
88.24,582,584,9.343,1,150.8,39.3
88.26,581,584,9.158,1,150.6,39.4
88.29,580,584,9.031,1,150.7,39.3
88.31,580,584,8.936,1,150.8,39.4
88.34,579,582,9.094,1,150.7,39.3
88.36,579,581,9.012,1,150.7,39.4
88.39,580,580,9.198,1,150.9,39.3
88.41,580,580,9.13,1,150.9,39.4
88.44,581,580,9.054,1,151.0,39.3
88.46,582,580,9.044,1,151.0,39.4
88.49,583,580,8.974,1,151.3,39.3
88.51,583,580,9.118,1,151.1,39.4
88.54,584,581,9.112,1,151.3,39.3
88.57,585,582,9.243,1,151.5,39.4
88.59,585,583,9.234,1,151.4,39.3
88.62,584,583,9.139,1,151.1,39.3
88.64,583,583,9.099,1,151.1,39.3
88.67,582,583,8.882,1,151.0,39.4
88.69,580,583,8.84,1,150.4,39.3
88.72,576,583,8.991,1,149.8,39.4
88.74,575,583,9.515,1,149.5,39.3
88.77,575,582,9.329,1,149.6,39.3
88.8,573,580,9.342,1,149.3,39.3
88.82,573,576,9.475,1,149.4,39.3
88.85,572,575,9.274,1,149.4,39.3
88.87,573,575,9.405,1,149.5,39.4
88.9,573,573,9.405,1,149.6,39.3
88.92,575,573,9.554,1,149.6,39.3
88.95,575,573,9.569,1,149.7,39.2
88.97,576,573,9.179,1,149.7,39.3
89.0,576,573,9.224,1,150.0,39.3
89.02,576,575,9.219,1,149.9,39.4
89.05,576,575,9.226,1,149.9,39.3
89.07,577,576,9.338,1,150.1,39.4
89.1,578,576,9.177,1,150.2,39.3
89.13,580,576,9.133,1,150.3,39.4
89.15,580,576,9.521,1,150.3,39.3
89.18,581,577,9.284,1,150.5,39.4
89.2,580,578,9.381,1,150.3,39.3
89.23,580,580,9.316,1,150.1,39.3
89.25,579,580,9.329,1,150.0,39.3
89.28,579,580,9.294,1,149.9,39.4
89.3,577,580,9.306,1,149.7,39.3
89.33,577,580,9.446,1,149.9,39.3
89.36,578,579,9.202,1,150.2,39.3
89.38,580,579,9.139,1,150.6,39.3
89.41,581,579,9.155,1,150.8,39.2
89.43,581,579,9.171,1,150.7,39.4
89.46,582,579,8.868,1,151.1,39.3
89.48,584,580,9.434,1,151.2,39.4
89.51,584,581,9.455,1,151.2,39.3
89.53,583,581,9.284,1,150.9,39.4
89.56,583,582,9.097,1,150.9,39.3
89.58,582,582,9.314,1,150.7,39.4
89.61,582,582,9.286,1,150.6,39.3
89.63,582,582,9.171,1,150.8,39.4
89.66,583,583,9.357,1,150.9,39.2
89.69,583,583,9.31,1,150.9,39.3
89.71,583,583,9.417,1,150.7,39.3
89.74,583,583,9.43,1,150.9,39.4
89.76,583,583,9.416,1,150.9,39.3
89.79,582,583,9.229,1,150.7,39.4
89.81,580,583,9.134,1,150.5,39.3
89.84,579,583,9.094,1,150.5,39.4
89.86,578,583,9.148,1,150.1,39.3
89.89,577,582,9.374,1,149.9,39.4
89.91,578,580,9.013,1,150.5,39.3
89.94,580,580,9.258,1,150.6,39.4
89.97,581,580,9.305,1,150.6,39.3
89.99,581,580,9.254,1,150.5,39.3
90.02,582,580,9.234,1,150.7,39.3
90.04,582,580,9.261,1,150.6,39.3
90.07,581,581,9.241,1,150.3,39.3
90.09,582,581,9.383,1,150.5,39.4
90.12,583,581,9.463,1,150.5,39.3
90.14,583,582,9.473,1,150.5,39.4
90.17,582,582,9.504,1,150.3,39.3
90.19,582,582,9.462,1,150.2,39.4
90.22,581,582,9.149,1,150.2,39.3
90.24,580,582,9.124,1,150.1,39.4
90.27,578,582,9.321,1,149.8,39.3
90.3,579,582,9.235,1,150.1,39.4
90.32,579,581,9.228,1,150.1,39.3
90.35,579,580,9.194,1,150.2,39.4
90.37,578,579,9.181,1,149.9,39.3
90.4,580,579,9.186,1,150.3,39.4
90.42,580,579,9.308,1,150.3,39.3
90.45,580,579,9.403,1,150.4,39.4
90.47,580,579,9.424,1,150.2,39.3
90.5,582,580,9.312,1,150.4,39.4
90.52,582,580,9.905,1,150.2,39.3
90.55,582,580,9.957,1,150.0,39.4
90.58,583,580,9.628,1,150.3,39.3
90.6,584,582,9.855,1,150.3,39.4
90.63,584,582,9.846,1,150.2,39.3
90.65,584,582,9.645,1,150.1,39.4
90.68,583,583,9.717,1,150.1,39.3
90.7,582,583,9.726,1,150.0,39.4
90.73,581,583,9.633,1,149.8,39.3
90.75,580,583,9.553,1,149.8,39.4
90.78,580,583,9.741,1,149.6,39.3
90.8,581,582,9.699,1,149.8,39.4
90.83,582,582,9.827,1,150.0,39.3
90.85,583,582,9.949,1,150.1,39.4
90.88,584,582,9.802,1,150.1,39.3
90.91,585,582,9.946,1,150.4,39.3
90.93,586,582,9.997,1,150.4,39.3
90.96,585,583,9.82,1,150.4,39.4
90.98,585,584,9.88,1,150.3,39.3
91.01,586,585,9.783,1,150.5,39.4
91.03,587,585,10.103,1,150.5,39.3
91.06,587,585,9.987,1,150.4,39.4
91.08,586,586,9.889,1,150.3,39.3
91.11,586,586,9.9,1,150.3,39.4
91.14,586,586,9.867,1,150.3,39.3
91.16,585,586,9.765,1,150.3,39.4
91.19,585,586,10.006,1,150.1,39.3
91.21,585,586,9.923,1,150.2,39.3
91.24,585,586,9.883,1,150.2,39.3
91.26,585,585,9.879,1,150.3,39.4
91.29,585,585,9.995,1,150.4,39.3
91.31,586,585,9.741,1,150.6,39.4
91.34,586,585,9.851,1,150.6,39.3
91.36,586,585,9.842,1,150.6,39.4
91.39,587,585,9.973,1,150.6,39.3
91.41,587,586,10.054,1,150.7,39.4
91.44,587,586,10.075,1,150.6,39.3
91.47,587,586,10.002,1,150.7,39.4
91.49,586,586,9.891,1,150.4,39.3
91.52,586,586,9.986,1,150.5,39.4
91.54,587,587,9.943,1,150.8,39.3
91.57,588,587,9.874,1,150.7,39.4
91.59,587,587,9.789,1,150.7,39.3
91.62,586,587,10.041,1,150.3,39.4
91.64,587,587,9.849,1,150.4,39.3
91.67,587,587,9.944,1,150.5,39.4
91.7,585,587,9.753,1,150.4,39.3
91.72,583,587,10.0,1,149.9,39.4
91.75,584,587,9.63,1,150.5,39.3
91.77,587,587,9.523,1,151.2,39.4
91.8,588,587,9.675,1,151.1,39.3
91.82,587,587,9.647,1,151.0,39.4
91.85,588,587,9.554,1,151.1,39.3
91.87,588,587,9.608,1,151.0,39.4
91.9,587,587,9.883,1,150.5,39.3
91.92,587,587,9.786,1,150.2,39.3
91.95,586,587,9.913,1,150.0,39.3
91.97,585,587,9.807,1,149.9,39.4
92.0,585,587,9.726,1,149.9,39.3
92.02,585,587,9.672,1,149.7,39.4
92.05,583,586,9.646,1,149.6,39.3
92.08,581,585,9.638,1,149.3,39.4
92.1,580,585,9.637,1,149.3,39.3
92.13,582,585,9.639,1,149.8,39.3
92.15,584,584,9.342,1,150.3,39.3
92.18,586,584,9.531,1,150.5,39.4
92.2,587,584,9.804,1,150.6,39.3
92.23,588,584,9.677,1,150.6,39.4
92.25,589,584,9.762,1,150.7,39.3
92.28,589,586,9.689,1,150.7,39.4
92.31,589,587,9.889,1,150.5,39.3
92.33,590,588,9.742,1,150.7,39.4
92.36,591,589,9.669,1,150.9,39.3
92.38,591,589,9.729,1,150.9,39.4
92.41,590,589,9.811,1,150.5,39.3
92.43,590,590,9.883,1,150.6,39.3
92.46,591,590,9.91,1,150.8,39.3
92.48,591,590,9.787,1,150.7,39.4
92.51,590,590,9.889,1,150.5,39.3
92.53,590,590,9.897,1,150.5,39.4
92.56,590,590,9.869,1,150.6,39.3
92.58,592,590,9.923,1,150.6,39.4
92.61,592,590,10.039,1,150.7,39.3
92.64,592,591,9.844,1,150.7,39.4
92.66,592,591,9.961,1,150.6,39.3
92.69,592,592,9.866,1,150.5,39.4
92.71,591,592,9.711,1,150.5,39.3
92.74,589,592,9.767,1,150.5,39.4
92.76,587,592,9.811,1,150.4,39.3
92.79,587,592,9.737,1,150.5,39.4
92.81,587,591,9.691,1,150.8,39.3
92.84,588,589,9.753,1,150.8,39.4
92.86,589,589,9.658,1,150.9,39.3
92.89,590,589,9.618,1,151.1,39.4
92.92,592,589,9.703,1,151.2,39.3
92.94,593,589,9.834,1,151.2,39.4
92.97,593,589,9.838,1,151.4,39.3
92.99,594,590,9.763,1,151.3,39.3
93.02,595,592,9.476,1,151.5,39.3
93.04,595,593,9.782,1,151.5,39.3
93.07,595,593,9.727,1,151.6,39.3
93.09,594,594,9.515,1,151.6,39.3
93.12,594,594,9.609,1,151.6,39.3
93.14,595,594,9.463,1,151.9,39.3
93.17,595,595,9.388,1,151.9,39.3
93.2,594,595,9.289,1,152.0,39.3
93.22,594,595,9.561,1,151.9,39.3
93.25,595,595,9.591,1,152.0,39.3
93.27,594,594,9.583,1,151.7,39.3
93.3,594,594,9.705,1,151.5,39.4
93.32,594,594,9.663,1,151.4,39.3
93.35,596,594,9.455,1,151.5,39.3
93.37,596,594,9.603,1,151.5,39.3
93.4,596,594,9.718,1,151.4,39.3
93.42,597,595,9.775,1,151.4,39.3
93.45,598,596,9.681,1,151.5,39.3
93.48,597,596,9.657,1,151.5,39.3
93.5,597,596,9.795,1,151.5,39.3
93.53,597,597,9.607,1,151.7,39.3
93.55,597,597,9.657,1,151.8,39.3
93.58,597,597,9.475,1,151.8,39.3
93.6,595,597,9.61,1,151.5,39.4
93.63,595,597,9.774,1,151.4,39.3
93.65,595,597,9.749,1,151.5,39.3
93.68,594,597,9.773,1,151.3,39.3
93.7,593,595,9.585,1,151.4,39.3
93.73,594,595,9.753,1,151.5,39.3
93.75,594,595,9.722,1,151.5,39.4
93.78,593,594,9.781,1,151.3,39.3
93.81,592,594,9.809,1,151.3,39.3
93.83,591,594,9.727,1,151.4,39.3
93.86,591,593,9.518,1,151.4,39.4
93.88,592,593,9.514,1,151.6,39.3
93.91,591,592,9.483,1,151.6,39.3
93.93,591,592,9.509,1,151.6,39.3
93.96,593,592,9.524,1,151.9,39.3
93.98,593,592,9.518,1,151.8,39.3
94.01,593,592,9.599,1,151.8,39.3
94.03,594,592,9.527,1,152.0,39.3
94.06,595,593,9.545,1,152.1,39.3
94.09,593,593,9.451,1,152.0,39.3
94.11,592,593,9.692,1,151.6,39.3
94.14,592,593,9.702,1,151.6,39.3
94.16,592,593,9.527,1,151.6,39.3
94.19,590,593,9.682,1,151.5,39.3
94.21,590,592,9.625,1,151.5,39.3
94.24,590,592,9.53,1,151.7,39.3
94.26,592,592,9.718,1,151.9,39.3
94.29,592,592,9.797,1,151.8,39.3
94.31,592,592,9.713,1,151.7,39.4
94.34,592,592,9.67,1,151.8,39.3
94.37,592,592,9.715,1,151.6,39.4
94.39,592,592,9.715,1,151.8,39.3
94.42,592,592,9.734,1,151.8,39.3
94.44,592,592,9.653,1,151.8,39.3
94.47,591,592,9.504,1,151.7,39.3
94.49,592,592,9.625,1,151.9,39.3
94.52,592,592,9.578,1,152.0,39.4
94.54,591,592,9.428,1,151.9,39.3
94.57,590,592,9.571,1,151.8,39.3
94.59,590,592,9.537,1,152.0,39.3
94.62,589,591,9.497,1,151.8,39.3
94.65,588,591,9.351,1,151.7,39.3
94.67,587,590,9.558,1,151.5,39.3
94.7,588,590,9.675,1,151.6,39.3
94.72,587,589,9.609,1,151.4,39.3
94.75,589,589,9.504,1,151.6,39.3
94.77,590,589,9.555,1,151.8,39.3
94.8,591,589,9.503,1,151.8,39.3
94.82,590,589,9.632,1,151.5,39.4
94.85,589,589,9.603,1,151.5,39.3
94.87,589,589,9.366,1,151.4,39.4
94.9,587,589,9.653,1,151.2,39.3
94.92,587,589,9.639,1,151.3,39.4
94.95,588,589,9.382,1,151.6,39.3
94.98,588,589,9.489,1,151.6,39.4
95.0,589,589,9.495,1,151.7,39.3
95.03,590,589,9.539,1,151.9,39.3
95.05,591,589,9.497,1,152.0,39.3
95.08,591,589,9.355,1,151.9,39.4
95.1,590,589,9.531,1,151.8,39.3
95.13,591,590,9.585,1,152.0,39.4
95.15,590,590,9.504,1,151.8,39.3
95.18,589,590,9.518,1,151.6,39.4
95.2,589,590,9.5,1,151.6,39.3
95.23,589,590,9.67,1,151.6,39.4
95.26,589,590,9.69,1,151.6,39.3
95.28,590,590,9.726,1,151.8,39.4
95.31,590,590,9.725,1,151.8,39.3
95.33,590,590,9.676,1,151.8,39.4
95.36,591,590,9.414,1,151.9,39.3
95.38,591,590,9.423,1,151.9,39.4
95.41,591,590,9.525,1,151.7,39.3
95.43,591,590,9.474,1,151.7,39.4
95.46,591,591,9.702,1,151.7,39.3
95.48,589,591,9.592,1,151.4,39.3
95.51,588,591,9.871,1,151.0,39.3
95.54,587,591,9.851,1,150.9,39.3
95.56,584,591,9.669,1,150.5,39.3
95.59,582,589,10.05,1,150.0,39.4
95.61,583,588,9.726,1,150.3,39.3
95.64,585,587,9.958,1,150.8,39.3
95.66,586,586,10.233,1,150.7,39.3
95.69,587,586,10.166,1,150.8,39.4
95.71,589,586,10.127,1,151.0,39.3
95.74,589,586,10.154,1,150.9,39.4
95.76,589,586,10.162,1,150.8,39.3
95.79,589,587,10.185,1,150.9,39.4
95.82,590,589,10.174,1,151.2,39.3
95.84,587,589,9.81,1,151.1,39.4
95.87,586,589,10.088,1,150.9,39.3
95.89,588,589,9.975,1,151.4,39.3
95.92,590,589,10.067,1,151.6,39.3
95.94,588,589,9.777,1,151.5,39.4
95.97,587,588,10.293,1,151.1,39.3
95.99,589,588,10.149,1,151.4,39.4
96.02,590,588,10.133,1,151.4,39.3
96.04,590,588,10.234,1,151.3,39.3
96.07,590,589,10.143,1,151.3,39.3
96.09,592,590,9.949,1,151.4,39.4
96.12,593,590,10.021,1,151.3,39.3
96.15,591,590,10.07,1,151.0,39.4
96.17,590,590,10.335,1,150.8,39.3
96.2,591,590,10.316,1,150.8,39.4
96.22,590,590,10.062,1,150.7,39.3
96.25,589,590,10.391,1,150.6,39.3
96.27,588,590,10.198,1,150.3,39.3
96.3,588,590,9.639,1,150.6,39.4
96.32,590,590,10.414,1,150.7,39.3
96.35,591,590,10.067,1,150.7,39.4
96.37,592,590,10.423,1,150.8,39.3
96.4,593,590,10.165,1,151.1,39.3
96.43,594,590,10.194,1,151.0,39.3
96.45,595,591,10.214,1,151.0,39.4
96.48,595,592,10.298,1,151.0,39.3
96.5,595,593,10.113,1,151.3,39.4
96.53,595,594,10.001,1,151.3,39.3
96.55,593,594,9.925,1,151.4,39.4
96.58,593,594,9.748,1,151.5,39.3
96.6,594,594,9.905,1,151.8,39.4
96.63,596,595,9.524,1,152.0,39.3
96.65,597,595,9.755,1,152.0,39.4
96.68,600,595,9.852,1,151.9,39.3
96.71,601,595,9.834,1,151.6,39.4
96.73,601,596,9.857,1,151.6,39.3
96.76,600,597,10.155,1,151.4,39.4
96.78,600,600,9.969,1,151.4,39.2
96.81,600,600,9.926,1,151.5,39.4
96.83,599,600,9.57,1,151.7,39.3
96.86,596,600,9.882,1,151.5,39.4
96.88,597,600,9.741,1,151.7,39.3
96.91,597,600,9.956,1,151.9,39.4
96.93,597,599,9.562,1,152.0,39.3
96.96,595,597,9.876,1,151.8,39.4
96.99,596,597,9.421,1,152.1,39.3
97.01,599,597,9.681,1,152.1,39.4
97.04,601,597,9.778,1,152.0,39.3
97.06,602,597,9.946,1,151.7,39.4
97.09,602,597,9.818,1,151.7,39.3
97.11,604,599,9.816,1,151.6,39.4
97.14,605,601,9.79,1,151.7,39.3
97.16,603,602,9.879,1,151.6,39.4
97.19,602,602,10.153,1,151.6,39.3
97.21,602,602,10.15,1,151.7,39.4
97.24,602,602,9.775,1,151.8,39.3
97.26,601,602,9.784,1,151.8,39.4
97.29,601,602,9.576,1,151.9,39.3
97.32,601,602,9.614,1,152.1,39.4
97.34,601,602,9.679,1,152.1,39.3
97.37,601,601,9.67,1,152.2,39.4
97.39,599,601,9.798,1,152.2,39.3
97.42,599,601,9.63,1,152.3,39.4
97.44,598,601,9.65,1,152.2,39.3
97.47,599,601,9.525,1,152.5,39.4
97.49,600,600,9.712,1,152.5,39.3
97.52,599,599,9.752,1,152.5,39.3
97.54,600,599,9.862,1,152.5,39.3
97.57,601,599,9.628,1,152.5,39.4
97.6,599,599,9.541,1,152.5,39.3
97.62,598,599,9.73,1,152.2,39.4
97.65,598,599,9.666,1,152.4,39.3
97.67,598,599,9.682,1,152.4,39.4
97.7,598,599,9.691,1,152.3,39.3
97.72,598,598,9.735,1,152.2,39.4
97.75,599,598,9.749,1,152.4,39.3
97.77,599,598,9.728,1,152.2,39.4
97.8,600,598,9.556,1,152.2,39.3
97.82,600,598,9.615,1,152.3,39.4
97.85,600,599,9.671,1,152.3,39.3
97.88,600,599,9.651,1,152.2,39.3
97.9,599,599,9.695,1,152.2,39.3
97.93,599,599,9.618,1,152.4,39.3
97.95,598,599,9.572,1,152.2,39.3
97.98,598,599,9.625,1,152.2,39.4
98.0,599,599,9.691,1,152.3,39.3
98.03,599,599,9.79,1,152.3,39.4
98.05,600,599,9.9,1,152.3,39.3
98.08,601,599,9.549,1,152.3,39.4
98.1,601,599,9.716,1,152.2,39.3
98.13,600,599,9.582,1,152.1,39.4
98.16,598,599,9.546,1,152.0,39.3
98.18,598,599,9.805,1,152.0,39.4
98.21,598,599,9.646,1,152.0,39.3
98.23,598,599,9.69,1,152.0,39.4
98.26,598,598,9.775,1,152.2,39.3
98.28,599,598,9.71,1,152.1,39.3
98.31,599,598,9.837,1,152.0,39.3
98.33,599,598,9.79,1,152.0,39.4
98.36,599,598,9.941,1,152.1,39.3
98.38,599,599,9.891,1,152.0,39.4
98.41,599,599,9.838,1,151.9,39.3
98.43,599,599,9.891,1,152.1,39.4
98.46,599,599,9.662,1,152.0,39.3
98.49,598,599,9.806,1,151.9,39.4
98.51,597,599,9.981,1,151.8,39.3
98.54,598,599,9.987,1,151.9,39.3
98.56,598,599,9.951,1,151.9,39.3
98.59,598,598,9.87,1,151.9,39.3
98.61,598,598,9.996,1,151.9,39.3
98.64,599,598,9.737,1,152.0,39.4
98.66,599,598,9.966,1,151.9,39.3
98.69,599,598,9.911,1,151.9,39.4
98.71,599,598,9.863,1,151.8,39.3
98.74,598,598,9.801,1,151.7,39.4
98.77,598,598,9.793,1,151.7,39.3
98.79,598,598,9.928,1,151.6,39.4
98.82,598,598,9.915,1,151.5,39.3
98.84,599,599,9.933,1,151.5,39.4
98.87,599,599,9.996,1,151.3,39.3
98.89,599,599,10.124,1,151.1,39.3
98.92,599,599,10.119,1,150.7,39.3
98.94,599,599,10.374,1,150.5,39.4
98.97,598,599,10.438,1,150.2,39.3
98.99,597,599,10.229,1,150.2,39.3
99.02,598,599,10.331,1,150.2,39.3
99.05,598,599,10.271,1,150.3,39.3
99.07,597,598,10.327,1,150.3,39.3
99.1,596,598,10.407,1,150.4,39.3
99.12,595,598,10.338,1,150.2,39.3
99.15,597,597,10.273,1,150.3,39.3
99.17,598,597,10.371,1,150.1,39.3
99.2,598,597,10.266,1,150.1,39.4
99.22,597,597,10.415,1,150.0,39.3
99.25,597,597,10.427,1,150.0,39.3
99.27,598,597,10.329,1,150.2,39.3
99.3,598,597,10.286,1,150.3,39.3
99.33,598,598,10.234,1,150.3,39.3
99.35,597,598,10.437,1,150.2,39.4
99.38,598,598,10.23,1,150.3,39.3
99.4,598,598,10.247,1,150.4,39.3
99.43,597,598,10.315,1,150.5,39.3
99.45,595,598,10.139,1,150.7,39.3
99.48,595,598,10.079,1,150.7,39.3
99.5,594,597,9.811,1,150.7,39.4
99.53,593,597,10.245,1,150.6,39.3
99.55,593,595,10.235,1,150.5,39.3
99.58,594,595,10.258,1,150.4,39.3
99.6,593,594,10.385,1,150.3,39.3
99.63,593,594,10.374,1,150.3,39.3
99.66,594,594,10.192,1,150.5,39.3
99.68,595,594,10.274,1,150.5,39.3
99.71,596,594,10.266,1,150.5,39.3
99.73,595,594,10.261,1,150.5,39.3
99.76,595,594,10.249,1,150.5,39.3
99.78,594,594,10.371,1,150.6,39.3
99.81,594,594,10.131,1,150.7,39.3
99.83,595,595,10.061,1,150.7,39.3
99.86,595,595,10.073,1,150.8,39.3
99.89,596,595,10.19,1,150.7,39.2
99.91,596,595,10.24,1,150.5,39.4
99.94,595,595,10.257,1,150.5,39.3
99.96,595,595,10.21,1,150.5,39.4
99.99,595,595,10.132,1,150.4,39.3
100.01,596,595,10.113,1,150.5,39.4
100.04,595,595,9.995,1,150.5,39.3
100.06,594,595,10.121,1,150.3,39.4
100.09,593,595,10.183,1,150.2,39.3
100.11,593,595,10.198,1,150.4,39.4
100.14,593,595,10.146,1,150.5,39.3
100.16,593,594,10.129,1,150.5,39.4
100.19,595,594,9.704,1,151.0,39.3
100.22,597,594,10.063,1,151.2,39.4
100.24,597,594,10.303,1,151.1,39.2
100.27,597,594,10.111,1,151.2,39.4
100.29,596,595,10.015,1,151.3,39.3
100.32,595,595,9.873,1,151.2,39.4
100.34,595,595,9.701,1,151.2,39.3
100.37,594,595,9.813,1,151.3,39.4
100.39,593,595,9.946,1,151.2,39.3
100.42,593,595,9.93,1,151.3,39.4
100.44,594,595,9.893,1,151.4,39.3
100.47,595,595,9.895,1,151.4,39.4
100.5,594,594,9.892,1,151.1,39.3
100.52,593,594,9.766,1,151.1,39.4
100.55,594,594,9.954,1,151.3,39.3
100.57,594,594,9.913,1,151.3,39.4
100.6,593,594,9.967,1,151.2,39.3
100.62,593,594,10.025,1,151.3,39.4
100.65,594,594,9.692,1,151.4,39.3
100.67,594,594,9.999,1,151.4,39.3
100.7,595,594,10.037,1,151.5,39.3
100.72,595,594,10.098,1,151.6,39.4
100.75,597,594,9.806,1,151.6,39.3
100.77,597,594,10.069,1,151.6,39.4
100.8,596,595,9.775,1,151.5,39.3
100.83,596,595,9.898,1,151.3,39.3
100.85,596,596,9.953,1,151.3,39.3
100.88,597,596,10.115,1,151.5,39.4
100.9,598,596,9.907,1,151.5,39.3
100.93,597,597,10.159,1,151.4,39.4
100.95,597,597,10.249,1,151.3,39.3
100.98,597,597,9.784,1,151.6,39.4
101.0,598,597,9.842,1,151.7,39.3
101.03,598,597,9.681,1,151.8,39.4
101.05,596,597,9.745,1,151.9,39.3
101.08,595,597,9.908,1,151.9,39.4
101.11,595,597,9.672,1,152.2,39.3
101.13,595,597,9.591,1,152.3,39.4
101.16,594,596,9.622,1,152.2,39.3
101.18,593,595,9.671,1,152.0,39.4
101.21,594,595,9.783,1,152.2,39.3
101.23,594,595,9.781,1,152.3,39.3
101.26,595,595,9.65,1,152.1,39.3
101.28,596,595,9.503,1,152.3,39.3
101.31,596,595,9.657,1,152.0,39.3
101.33,597,595,9.962,1,151.8,39.4
101.36,596,595,9.575,1,151.7,39.3
101.39,596,596,9.567,1,151.7,39.4
101.41,595,596,9.799,1,151.6,39.3
101.44,594,596,9.693,1,151.5,39.4
101.46,594,596,9.724,1,151.5,39.3
101.49,594,596,9.787,1,151.6,39.4
101.51,594,595,9.741,1,151.5,39.3
101.54,595,595,9.579,1,151.6,39.4
101.56,595,595,9.616,1,151.8,39.3
101.59,597,595,9.702,1,151.9,39.4
101.61,596,595,9.539,1,151.8,39.3
101.64,595,595,9.794,1,151.8,39.4
101.67,595,595,9.691,1,151.9,39.3
101.69,596,595,9.408,1,151.9,39.4
101.72,595,595,9.679,1,151.9,39.3
101.74,594,595,9.757,1,151.9,39.4
101.77,593,595,9.635,1,151.8,39.2
101.79,594,595,9.689,1,151.9,39.4
101.82,593,595,9.787,1,151.7,39.3
101.84,593,594,9.718,1,151.6,39.4
101.87,592,594,9.708,1,151.6,39.3
101.89,592,593,9.771,1,151.5,39.3
101.92,592,593,9.711,1,151.5,39.3
101.94,592,593,9.733,1,151.7,39.4
101.97,593,593,9.709,1,151.8,39.3
102.0,593,593,9.733,1,151.8,39.4
102.02,594,593,9.887,1,151.8,39.3
102.05,595,593,9.711,1,152.0,39.4
102.07,595,593,9.785,1,152.0,39.3
102.1,594,593,9.637,1,151.9,39.4
102.12,595,594,9.637,1,152.0,39.3
102.15,593,594,9.618,1,151.9,39.4
102.17,592,594,9.782,1,151.6,39.3
102.2,591,594,9.643,1,151.4,39.4
102.23,590,594,9.698,1,151.3,39.3
102.25,590,593,9.695,1,151.5,39.4
102.28,589,592,9.749,1,151.2,39.3
102.3,589,591,9.597,1,151.4,39.4
102.33,591,591,9.623,1,151.5,39.3
102.35,592,591,9.708,1,151.7,39.4
102.38,591,591,9.495,1,151.5,39.3
102.4,591,591,9.548,1,151.5,39.4
102.43,591,591,9.731,1,151.5,39.3
102.45,592,591,9.805,1,151.7,39.4
102.48,592,591,9.838,1,151.6,39.3
102.5,591,591,9.642,1,151.6,39.4
102.53,591,591,9.635,1,151.4,39.3
102.56,592,591,9.732,1,151.6,39.4
102.58,592,591,9.746,1,151.7,39.3
102.61,590,591,9.635,1,151.4,39.4
102.63,590,591,9.674,1,151.4,39.3
102.66,591,591,9.589,1,151.6,39.4
102.68,592,591,9.683,1,151.6,39.3
102.71,591,591,9.6,1,151.4,39.4
102.73,590,591,9.714,1,151.3,39.3
102.76,591,591,9.515,1,151.5,39.4
102.78,592,591,9.694,1,151.7,39.3
102.81,593,591,9.731,1,151.8,39.4
102.84,592,591,9.701,1,151.6,39.3
102.86,592,592,9.671,1,151.7,39.4
102.89,594,592,9.563,1,151.7,39.3
102.91,594,592,9.547,1,151.7,39.4
102.94,592,592,9.638,1,151.6,39.3
102.96,591,592,9.648,1,151.3,39.4
102.99,591,592,9.701,1,151.4,39.3
103.01,591,592,9.665,1,151.4,39.4
103.04,592,592,9.651,1,151.5,39.3
103.06,592,592,9.912,1,151.3,39.4
103.09,592,592,9.911,1,151.4,39.3
103.11,592,592,9.844,1,151.4,39.3
103.14,593,592,9.802,1,151.5,39.3
103.17,593,592,9.673,1,151.5,39.4
103.19,592,592,9.833,1,151.3,39.3
103.22,592,592,9.77,1,151.3,39.4
103.24,591,592,9.517,1,151.4,39.2
103.27,590,592,9.601,1,151.4,39.4
103.29,590,592,9.809,1,151.2,39.3
103.32,590,592,9.69,1,151.4,39.4
103.34,591,591,9.651,1,151.6,39.3
103.37,592,591,9.707,1,151.6,39.4
103.39,592,591,9.753,1,151.6,39.3
103.42,592,591,9.78,1,151.6,39.3
103.45,592,591,9.739,1,151.6,39.3
103.47,592,592,9.871,1,151.5,39.4
103.5,592,592,9.687,1,151.3,39.3
103.52,591,592,9.633,1,151.2,39.4
103.55,591,592,9.783,1,151.1,39.3
103.57,592,592,10.069,1,151.0,39.4
103.6,591,592,9.806,1,151.0,39.3
103.62,590,592,10.055,1,150.9,39.3
103.65,591,591,9.889,1,150.9,39.3
103.67,592,591,9.978,1,151.0,39.4
103.7,592,591,9.891,1,151.1,39.3
103.73,592,591,10.147,1,151.0,39.4
103.75,591,591,9.932,1,151.0,39.3
103.78,590,591,9.685,1,151.2,39.4
103.8,585,591,8.121,1,151.4,39.3
103.83,579,591,8.974,1,150.2,39.4
103.85,579,591,9.05,1,150.4,39.3
103.88,583,590,8.594,1,151.3,39.3
103.9,585,585,9.921,1,151.2,39.2
103.93,586,585,10.165,1,151.1,39.3
103.95,587,585,10.477,1,151.2,39.3
103.98,588,585,10.334,1,151.3,39.3
104.01,587,585,10.255,1,150.8,39.2
104.03,584,585,10.407,1,149.6,39.4
104.06,582,585,10.87,1,148.1,39.3
104.08,581,585,10.37,1,147.6,39.4
104.11,579,585,10.61,1,147.1,39.3
104.13,577,584,10.473,1,147.2,39.4
104.16,576,582,10.865,1,147.6,39.3
104.18,577,581,10.854,1,148.0,39.4
104.21,579,579,10.147,1,148.5,39.3
104.23,582,579,10.59,1,148.7,39.4
104.26,585,579,10.368,1,149.0,39.3
104.28,588,579,9.142,1,149.5,39.4
104.31,591,579,10.327,1,149.6,39.3
104.34,593,582,10.518,1,149.3,39.4
104.36,593,585,10.518,1,149.2,39.3
104.39,592,588,10.22,1,148.7,39.4
104.41,590,590,10.276,1,148.0,39.3
104.44,590,590,9.708,1,148.0,39.4
104.46,592,591,9.838,1,148.3,39.3
104.49,590,591,10.328,1,148.1,39.3
104.51,589,591,10.142,1,148.1,39.3
104.54,588,590,10.264,1,147.9,39.3
104.56,589,590,10.168,1,148.1,39.3
104.59,589,590,10.437,1,148.4,39.4
104.62,586,589,9.179,1,148.4,39.3
104.64,583,589,10.191,1,147.7,39.3
104.67,585,589,9.89,1,148.3,39.3
104.69,586,588,10.256,1,148.3,39.3
104.72,580,586,8.477,1,147.5,39.3
104.74,583,586,9.007,1,147.6,39.3
104.77,583,585,9.73,1,147.4,39.3
104.79,584,584,10.034,1,147.4,39.3
104.82,584,584,10.252,1,147.2,39.3
104.84,583,583,10.455,1,146.9,39.4
104.87,583,583,10.509,1,147.0,39.3
104.9,583,583,10.573,1,147.0,39.3
104.92,583,583,10.671,1,146.7,39.3
104.95,582,583,10.661,1,146.7,39.3
104.97,584,583,10.338,1,147.1,39.3
105.0,584,583,10.458,1,147.2,39.4
105.02,584,583,10.557,1,147.4,39.3
105.05,584,583,10.551,1,147.6,39.4
105.07,587,584,8.179,1,148.6,39.3
105.1,594,584,9.926,1,148.7,39.3
105.12,596,584,10.337,1,148.8,39.3
105.15,599,584,8.863,1,149.1,39.4
105.18,598,587,8.551,1,148.8,39.3
105.2,604,594,9.849,1,148.5,39.4
105.23,606,596,9.754,1,148.5,39.3
105.25,606,598,9.532,1,148.3,39.3
105.28,605,599,6.689,1,149.1,39.3
105.3,614,604,7.255,1,148.9,39.4
105.33,625,605,9.322,1,148.1,39.3
105.35,632,606,8.756,1,149.0,39.4
105.38,632,606,8.991,1,148.9,39.3
105.4,629,614,7.601,1,149.0,39.3
105.43,625,625,8.691,1,148.3,39.3
105.45,620,625,8.491,1,148.4,39.4
105.48,623,625,6.708,1,149.0,39.3
105.51,631,625,4.391,1,152.8,39.4
105.53,634,629,7.137,1,151.4,39.3
105.56,646,631,5.398,1,155.4,39.4
105.58,653,631,8.99,1,155.4,39.3
105.61,652,631,7.541,1,159.0,39.3
105.63,462,631,3.866,1,167.5,39.3
105.66,466,631,4.831,1,168.0,39.4
105.68,478,631,5.497,1,167.8,39.3
105.71,389,631,6.378,1,167.7,39.4
105.73,459,631,5.359,1,170.3,39.3
105.76,467,631,5.181,1,176.0,39.3
105.79,435,631,4.03,1,178.3,39.3
105.81,647,634,6.093,1,174.7,39.4
105.84,648,646,6.514,1,174.0,39.3
105.86,652,647,7.037,1,173.3,39.3
105.89,651,648,6.845,1,173.8,39.3
105.91,426,648,5.722,1,174.0,39.4
105.94,640,648,7.793,1,171.1,39.3
105.96,415,648,4.992,1,171.5,39.4
105.99,648,648,7.225,1,170.2,39.3
106.01,648,648,7.107,1,166.7,39.3
106.04,644,648,7.017,1,163.1,39.2
106.07,641,648,7.849,1,161.6,39.4
106.09,643,648,7.371,1,160.7,39.3
106.12,640,644,5.513,1,160.9,39.4
106.14,625,643,4.714,1,162.4,39.3
106.17,629,641,5.791,1,167.2,39.4
106.19,613,641,7.899,1,166.0,39.3
106.22,580,641,4.922,1,161.4,39.3
106.24,548,641,4.005,1,162.8,39.3
106.27,642,641,4.558,1,168.1,39.4
106.29,595,641,4.679,1,177.7,39.3
106.32,585,641,8.755,1,172.4,39.4
106.35,585,641,9.077,1,172.1,39.3
106.37,592,641,10.714,1,168.7,39.4
106.4,597,641,7.907,1,167.7,39.3
106.42,603,641,8.247,1,166.2,39.4
106.45,597,641,9.091,1,166.3,39.3
106.47,479,641,6.415,1,166.8,39.3
106.5,625,640,7.978,1,164.8,39.3
106.52,638,638,8.654,1,160.8,39.3
106.55,648,638,7.792,1,156.9,39.3
106.57,647,638,9.327,1,156.3,39.4
106.6,518,638,7.85,1,153.8,39.3
106.62,519,638,9.077,1,150.7,39.3
106.65,525,638,10.321,1,149.0,39.2
106.68,530,638,10.145,1,148.2,39.4
106.7,538,638,9.42,1,147.8,39.3
106.73,547,638,6.884,1,147.9,39.4
106.75,564,638,7.677,1,147.5,39.3
106.78,571,638,8.83,1,146.8,39.4
106.8,573,638,10.209,1,146.5,39.3
106.83,573,638,10.163,1,146.4,39.4
106.85,585,638,6.05,1,147.7,39.3
106.88,593,638,6.852,1,148.2,39.4
106.91,610,629,6.255,1,150.1,39.3
106.93,618,629,8.338,1,149.8,39.4
106.96,618,625,9.245,1,149.0,39.3
106.98,618,625,8.774,1,148.9,39.4
107.01,628,625,9.635,1,149.5,39.3
107.03,618,618,6.278,1,150.4,39.4
107.06,638,618,3.585,1,155.7,39.3
107.08,649,618,6.849,1,157.6,39.4
107.11,653,618,4.487,1,163.9,39.3
107.13,654,618,2.517,0,161.9,39.4
107.16,576,618,3.702,1,148.6,39.3
107.18,606,618,2.633,0,151.3,39.4
107.21,625,618,5.579,1,150.6,39.3
107.24,593,618,2.905,0,148.3,39.4
107.26,589,618,3.105,1,147.7,39.3
107.29,620,618,6.195,1,149.6,39.4
107.31,609,618,3.672,1,149.4,39.3
107.34,586,618,5.255,1,145.9,39.4
107.36,621,620,5.728,1,149.5,39.3
107.39,612,620,4.235,1,149.3,39.3
107.41,589,620,8.245,1,144.6,39.3
107.44,616,618,5.117,1,149.0,39.4
107.46,616,616,4.898,1,148.6,39.3
107.49,587,616,8.865,1,144.8,39.4
107.52,611,612,4.789,1,148.6,39.3
107.54,617,616,7.35,1,147.2,39.4
107.57,589,612,5.639,1,146.8,39.3
107.59,597,612,5.391,1,147.6,39.4
107.62,608,611,9.284,1,146.3,39.3
107.64,592,608,6.49,1,147.2,39.4
107.67,598,598,5.587,1,148.0,39.3
107.69,609,598,9.702,1,146.6,39.4
107.72,593,598,6.321,1,147.8,39.3
107.74,593,597,5.46,1,148.0,39.4
107.77,617,597,8.196,1,148.1,39.3
107.79,610,598,5.417,1,149.5,39.4
107.82,596,598,8.885,1,147.6,39.3
107.85,610,598,8.201,1,148.6,39.4
107.87,606,606,6.659,1,149.1,39.3
107.9,599,606,9.131,1,148.2,39.4
107.92,612,606,8.279,1,148.6,39.3
107.95,610,610,5.946,1,149.4,39.3
107.97,593,610,9.801,1,148.0,39.3
108.0,605,606,7.031,1,149.5,39.3
108.02,606,606,8.129,1,148.6,39.3
108.05,594,606,9.07,1,148.8,39.4
108.07,604,605,5.865,1,150.4,39.3
108.1,611,605,9.455,1,148.2,39.4
108.13,603,605,8.882,1,148.7,39.3
108.15,605,605,8.335,1,149.2,39.4
108.18,609,605,9.419,1,148.5,39.3
108.2,604,605,9.398,1,149.0,39.4
108.23,606,605,7.522,1,149.9,39.3
108.25,615,605,8.852,1,149.0,39.4
108.28,611,606,7.679,1,149.6,39.3
108.3,608,608,8.664,1,149.5,39.4
108.33,614,608,8.943,1,149.4,39.3
108.35,607,608,7.433,1,151.0,39.4
108.38,608,608,6.81,1,151.6,39.3
108.41,617,608,8.998,1,149.6,39.4
108.43,612,611,8.162,1,150.5,39.3
108.46,611,611,8.139,1,150.7,39.3
108.48,617,611,8.838,1,149.7,39.3
108.51,615,612,8.459,1,150.3,39.4
108.53,614,614,8.14,1,150.8,39.3
108.56,621,614,8.641,1,150.1,39.4
108.58,619,615,8.705,1,150.4,39.3
108.61,620,617,8.403,1,150.9,39.4
108.63,623,617,8.666,1,150.3,39.3
108.66,623,619,8.772,1,150.0,39.4
108.69,630,620,7.257,1,151.0,39.3
108.71,635,621,8.687,1,150.7,39.4
108.74,631,623,8.585,1,150.2,39.3
108.76,630,623,8.786,1,149.9,39.4
108.79,630,630,8.411,1,150.3,39.3
108.81,624,630,8.13,1,150.8,39.4
108.84,627,630,7.284,1,151.4,39.3
108.86,630,630,7.901,1,150.9,39.4
108.89,622,630,7.31,1,151.7,39.3
108.91,624,630,6.754,1,152.0,39.3
108.94,632,630,8.209,1,150.7,39.3
108.97,625,627,7.691,1,150.7,39.3
108.99,627,627,7.377,1,150.6,39.3
109.02,630,627,8.021,1,150.4,39.3
109.04,623,627,7.841,1,150.9,39.3
109.07,625,625,7.577,1,151.3,39.3
109.09,628,625,7.851,1,150.8,39.3
109.12,622,625,8.091,1,150.8,39.3
109.14,625,625,7.742,1,151.3,39.3
109.17,626,625,7.649,1,151.4,39.4
109.19,622,625,7.809,1,151.6,39.3
109.22,631,625,6.023,1,153.1,39.3
109.25,634,625,6.883,1,152.8,39.3
109.27,622,625,6.928,1,152.8,39.3
109.3,628,626,6.374,1,153.5,39.3
109.32,629,626,7.017,1,152.4,39.4
109.35,619,626,7.042,1,153.0,39.3
109.37,622,626,6.242,1,153.7,39.3
109.4,627,627,7.266,1,152.1,39.3
109.42,623,627,7.431,1,152.0,39.4
109.45,628,627,6.62,1,152.9,39.3
109.47,631,627,7.257,1,152.2,39.4
109.5,628,628,7.258,1,151.7,39.3
109.52,628,628,7.33,1,151.6,39.3
109.55,629,628,7.262,1,151.8,39.3
109.58,630,628,7.499,1,151.8,39.4
109.6,630,628,7.334,1,151.7,39.3
109.63,631,629,7.277,1,151.9,39.4
109.65,632,630,7.251,1,152.0,39.3
109.68,629,630,7.185,1,151.7,39.3
109.7,629,629,7.21,1,151.9,39.3
109.73,631,630,7.274,1,152.0,39.4
109.75,634,630,7.269,1,152.2,39.3
109.78,633,631,7.239,1,152.2,39.4
109.8,631,631,7.087,1,152.4,39.3
109.83,630,631,7.249,1,152.1,39.3
109.86,629,631,7.265,1,151.7,39.3
109.88,632,631,7.057,1,152.3,39.4
109.91,634,631,7.036,1,152.6,39.3
109.93,631,631,7.197,1,152.3,39.4
109.96,633,632,7.055,1,152.6,39.3
109.98,633,632,7.023,1,152.7,39.3
110.01,632,632,7.154,1,152.0,39.3
110.03,634,632,7.137,1,152.3,39.4
110.06,632,632,7.053,1,152.3,39.2
110.08,631,632,7.225,1,152.1,39.4
110.11,634,633,7.247,1,152.0,39.3
110.13,629,632,7.118,1,152.2,39.3
110.16,629,632,6.868,1,152.4,39.3
110.19,633,632,7.019,1,152.2,39.4
110.21,630,632,6.943,1,152.2,39.3
110.24,629,631,6.75,1,152.5,39.4
110.26,634,631,6.815,1,153.1,39.3
110.29,629,630,5.923,1,153.5,39.4
110.31,624,629,6.899,1,152.6,39.3
110.34,634,629,6.121,1,154.0,39.4
110.36,635,630,6.469,1,153.2,39.3
110.39,625,630,6.795,1,152.4,39.4
110.41,628,629,5.975,1,153.2,39.3
110.44,635,629,6.901,1,152.6,39.4
110.47,630,630,7.073,1,152.1,39.3
110.49,633,630,6.342,1,153.1,39.4
110.52,637,633,6.914,1,153.4,39.3
110.54,632,633,6.584,1,153.0,39.3
110.57,631,632,6.591,1,152.5,39.3
110.59,637,632,6.74,1,153.3,39.4
110.62,634,633,6.757,1,152.9,39.3
110.64,631,633,6.947,1,151.8,39.4
110.67,632,632,6.841,1,152.1,39.3
110.69,627,632,6.128,1,152.8,39.4
110.72,624,632,6.802,1,152.2,39.3
110.75,631,631,7.066,1,152.0,39.4
110.77,629,631,6.929,1,152.1,39.1
110.8,628,631,6.975,1,152.0,39.4
110.82,633,631,6.827,1,152.4,39.4
110.85,631,631,6.953,1,152.2,39.4
110.87,635,631,6.656,1,152.9,39.4
110.9,638,631,6.857,1,153.4,39.4
110.92,632,631,6.343,1,153.4,39.3
110.95,631,631,6.089,1,153.4,39.4
110.97,641,632,6.655,1,154.5,39.3
111.0,635,633,5.285,1,154.6,39.4
111.03,629,633,6.572,1,152.9,39.3
111.05,638,635,6.482,1,154.4,39.3
111.08,635,635,5.832,1,154.6,39.3
111.1,627,635,6.554,1,153.0,39.4
111.13,635,635,6.461,1,154.3,39.3
111.15,633,635,6.281,1,154.0,39.4
111.18,631,635,6.477,1,153.3,39.3
111.2,637,635,6.607,1,154.3,39.4
111.23,634,634,6.042,1,154.5,39.3
111.25,631,634,6.227,1,154.0,39.4
111.28,638,634,6.58,1,154.5,39.3
111.31,631,633,5.812,1,154.4,39.3
111.33,632,633,5.449,1,154.6,39.3
111.36,642,633,6.715,1,154.7,39.4
111.38,632,632,5.554,1,154.5,39.3
111.41,632,632,4.863,1,154.9,39.4
111.43,645,632,6.745,1,155.4,39.3
111.46,636,632,4.886,1,155.5,39.4
111.48,631,632,6.076,1,153.7,39.3
111.51,642,632,6.506,1,155.2,39.4
111.53,638,636,6.098,1,154.8,39.3
111.56,636,636,6.654,1,153.7,39.4
111.58,638,636,6.725,1,154.1,39.3
111.61,634,636,6.583,1,153.5,39.4
111.64,639,638,6.222,1,155.1,39.3
111.66,641,638,6.556,1,154.7,39.4
111.69,634,638,6.642,1,153.6,39.3
111.71,637,638,6.494,1,154.3,39.4
111.74,637,637,6.427,1,154.4,39.3
111.76,630,637,6.534,1,153.0,39.4
111.79,637,637,6.213,1,154.5,39.3
111.81,633,637,5.557,1,155.3,39.3
111.84,623,637,6.371,1,154.3,39.3
111.86,631,634,5.508,1,155.6,39.4
111.89,632,633,5.991,1,154.9,39.3
111.92,624,632,6.449,1,153.8,39.4
111.94,636,632,5.12,1,155.8,39.3
111.97,640,632,6.374,1,154.8,39.4
111.99,634,633,6.537,1,153.8,39.3
112.02,639,633,5.786,1,155.5,39.4
112.04,646,634,6.663,1,155.1,39.2
112.07,639,636,6.577,1,154.6,39.4
112.09,643,639,5.718,1,155.7,39.3
112.12,651,639,6.497,1,156.3,39.4
112.14,643,640,5.543,1,156.6,39.3
112.17,641,641,5.523,1,156.2,39.4
112.2,650,643,6.21,1,157.2,39.3
112.22,643,643,5.171,1,157.5,39.4
112.25,638,643,5.956,1,155.5,39.3
112.27,643,643,6.021,1,156.7,39.4
112.3,638,643,5.197,1,156.7,39.3
112.32,635,643,5.134,1,156.3,39.4
112.35,647,643,6.284,1,157.0,39.3
112.37,642,642,5.422,1,156.4,39.4
112.4,640,642,5.651,1,155.8,39.3
112.42,648,642,6.555,1,155.8,39.4
112.45,640,640,5.69,1,155.7,39.3
112.47,641,641,5.719,1,155.6,39.4
112.5,645,641,6.291,1,156.1,39.3
112.53,634,641,5.782,1,155.4,39.4
112.55,637,641,5.391,1,156.2,39.3
112.58,644,641,6.179,1,156.1,39.4
112.6,638,640,5.969,1,155.9,39.3
112.63,637,640,5.791,1,155.8,39.4
112.65,644,640,6.088,1,156.6,39.3
112.68,641,641,5.879,1,156.4,39.4
112.7,638,638,6.108,1,155.6,39.3
112.73,641,638,6.197,1,156.1,39.4
112.76,639,639,6.243,1,155.7,39.3
112.78,638,639,6.402,1,155.3,39.4
112.81,640,639,6.241,1,155.7,39.3
112.83,639,639,6.249,1,155.7,39.4
112.86,637,639,6.295,1,155.1,39.3
112.88,640,639,6.173,1,155.8,39.4
112.91,642,639,6.165,1,156.0,39.3
112.93,638,639,6.286,1,155.2,39.4
112.96,641,639,6.242,1,156.0,39.3
112.98,641,640,6.23,1,156.1,39.4
113.01,638,640,6.24,1,155.4,39.3
113.04,638,639,6.23,1,155.6,39.3
113.06,638,638,6.161,1,155.5,39.3
113.09,635,638,6.261,1,155.0,39.4
113.11,639,638,6.155,1,155.8,39.3
113.14,640,638,6.279,1,155.8,39.4
113.16,637,638,6.163,1,155.4,39.3
113.19,635,638,6.031,1,155.3,39.4
113.21,636,638,6.165,1,155.4,39.3
113.24,634,637,6.127,1,155.4,39.4
113.26,638,637,6.172,1,156.1,39.3
113.29,637,637,6.138,1,156.0,39.4
113.31,632,637,6.141,1,155.3,39.3
113.34,635,636,6.007,1,155.8,39.3
113.37,637,636,6.138,1,156.0,39.2
113.39,635,635,5.997,1,155.8,39.4
113.42,633,635,6.072,1,155.3,39.3
113.44,635,635,6.155,1,155.6,39.4
113.47,634,635,5.99,1,155.5,39.3
113.49,632,635,6.101,1,155.1,39.3
113.52,635,635,6.197,1,155.5,39.3
113.54,633,635,6.007,1,155.2,39.3
113.57,634,634,5.953,1,155.6,39.3
113.59,637,634,6.081,1,155.9,39.4
113.62,629,634,5.639,1,156.0,39.3
113.64,629,634,5.473,1,156.1,39.3
113.67,639,634,6.011,1,156.7,39.3
113.7,637,634,5.619,1,156.4,39.3
113.72,630,634,6.038,1,154.9,39.3
113.75,640,634,5.64,1,157.1,39.4
113.77,638,637,5.289,1,157.0,39.3
113.8,632,637,5.986,1,155.2,39.3
113.82,638,637,5.759,1,156.6,39.3
113.85,633,637,4.999,1,157.0,39.3
113.87,630,637,5.425,1,156.1,39.3
113.9,638,637,5.791,1,156.5,39.3
113.92,636,636,5.636,1,156.2,39.3
113.95,633,636,5.646,1,155.7,39.3
113.98,636,636,5.762,1,156.2,39.3
114.0,633,633,5.778,1,156.1,39.4
114.03,638,636,5.63,1,157.6,39.3
114.05,637,636,5.461,1,157.8,39.4
114.08,631,636,5.722,1,157.0,39.3
114.1,637,636,5.448,1,158.5,39.3
114.13,632,636,4.563,1,159.5,39.3
114.15,650,636,6.123,1,158.8,39.3
114.18,630,636,5.088,1,159.3,39.3
114.2,631,633,5.375,1,158.8,39.4
114.23,654,637,6.019,1,158.7,39.3
114.26,631,632,5.313,1,159.2,39.3
114.28,400,632,5.402,1,158.9,39.3
114.31,398,632,5.529,1,158.8,39.4
114.33,632,632,5.39,1,159.3,39.3
114.36,634,632,5.446,1,159.4,39.3
114.38,398,632,5.51,1,159.2,39.3
114.41,399,632,5.268,1,159.8,39.4
114.43,422,632,5.524,1,159.9,39.3
114.46,399,632,5.589,1,159.4,39.4
114.48,404,632,4.981,1,160.9,39.3
114.51,408,632,5.433,1,160.6,39.4
114.54,636,632,5.481,1,159.6,39.3
114.56,641,634,5.258,1,160.7,39.3
114.59,641,634,5.507,1,160.4,39.3
114.61,641,636,5.545,1,160.0,39.3
114.64,642,641,5.676,1,160.3,39.3
114.66,641,641,5.755,1,159.8,39.4
114.69,644,641,5.597,1,160.6,39.3
114.71,646,641,5.771,1,160.4,39.3
114.74,648,641,5.639,1,160.7,39.3
114.76,648,642,5.521,1,161.2,39.4
114.79,642,642,5.821,1,159.8,39.3
114.81,644,644,5.864,1,160.3,39.4
114.84,645,644,5.933,1,160.2,39.3
114.87,641,644,5.729,1,160.0,39.4
114.89,637,644,5.806,1,159.3,39.3
114.92,638,644,5.742,1,159.7,39.4
114.94,636,642,5.751,1,159.3,39.3
114.97,633,641,6.261,1,158.7,39.4
114.99,630,638,5.845,1,159.3,39.3
115.02,653,638,6.792,1,160.3,39.3
115.04,650,638,7.595,1,160.6,39.2
115.07,640,638,4.9,1,163.3,39.4
115.09,633,637,8.337,1,163.8,39.3
115.12,633,636,9.077,1,165.8,39.4
115.15,624,633,6.175,1,168.8,39.3
115.17,618,633,9.464,1,167.9,39.4
115.2,618,633,9.574,1,169.3,39.3
115.22,615,633,9.49,1,170.2,39.4
115.25,614,624,9.601,1,169.5,39.3
115.27,602,618,6.35,1,171.4,39.4
115.3,598,618,9.574,1,171.8,39.3
115.32,601,615,9.065,1,172.3,39.3
115.35,589,614,7.034,1,175.6,39.3
115.37,587,602,8.638,1,176.7,39.4
115.4,585,601,7.46,1,177.8,39.3
115.43,577,598,7.145,1,179.1,39.4
115.45,574,589,7.635,1,178.4,39.3
115.48,572,587,7.445,1,178.4,39.3
115.5,567,585,7.947,1,178.2,39.3
115.53,563,577,7.426,1,178.4,39.4
115.55,558,574,7.685,1,177.8,39.3
115.58,557,572,8.005,1,177.3,39.3
115.6,551,567,6.018,1,181.0,39.3
115.63,542,563,7.181,1,182.0,39.3
115.65,541,558,7.882,1,180.4,39.3
115.68,534,557,6.686,1,181.4,39.4
115.71,530,551,7.675,1,180.7,39.3
115.73,527,542,6.559,1,182.1,39.4
115.76,516,541,6.585,1,184.7,39.3
115.78,516,534,7.209,1,183.9,39.4
115.81,509,530,5.767,1,184.8,39.2
115.83,503,527,7.752,1,182.1,39.3
115.86,505,516,7.993,1,181.6,39.3
115.88,499,516,6.407,1,181.0,39.4
115.91,489,509,7.399,1,178.5,39.3
115.93,489,505,8.086,1,176.7,39.4
115.96,490,503,7.54,1,175.6,39.3
115.98,483,499,7.639,1,173.3,39.4
116.01,482,490,7.61,1,171.6,39.3
116.04,489,489,7.258,1,168.7,39.4
116.06,592,489,7.153,1,165.6,39.3
116.09,594,489,7.441,1,164.3,39.4
116.11,604,489,7.926,1,163.5,39.3
116.14,610,489,8.47,1,161.3,39.4
116.16,471,489,8.774,1,159.6,39.3
116.19,475,489,8.879,1,159.1,39.4
116.21,478,483,9.989,1,157.5,39.3
116.24,476,482,9.401,1,156.7,39.3
116.27,483,482,8.617,1,156.3,39.3
116.29,622,482,8.358,1,157.0,39.4
116.32,477,478,9.929,1,156.6,39.3
116.34,479,478,10.093,1,156.5,39.4
116.37,478,478,9.621,1,156.5,39.3
116.39,620,478,9.531,1,156.0,39.4
116.42,620,478,9.674,1,155.7,39.3
116.44,623,478,9.273,1,155.9,39.4
116.47,482,478,9.351,1,155.6,39.3
116.49,481,478,9.268,1,155.8,39.4
116.52,482,479,9.09,1,155.8,39.3
116.54,485,481,9.529,1,155.5,39.4
116.57,485,482,9.464,1,155.4,39.3
116.6,485,482,9.255,1,155.5,39.4
116.62,489,482,9.274,1,154.9,39.3
116.65,488,485,8.983,1,155.2,39.4
116.67,485,485,9.899,1,155.5,39.3
116.7,489,485,9.238,1,155.2,39.3
116.72,487,485,8.05,1,156.0,39.3
116.75,482,485,9.875,1,155.8,39.4
116.77,489,487,8.901,1,155.6,39.3
116.8,487,487,8.975,1,156.0,39.4
116.82,485,487,9.88,1,155.8,39.3
116.85,490,487,9.925,1,155.1,39.4
116.88,489,487,9.988,1,155.0,39.3
116.9,491,489,9.118,1,155.1,39.4
116.93,492,489,8.667,1,155.0,39.3
116.95,485,489,9.734,1,155.3,39.4
116.98,490,489,8.923,1,155.2,39.3
117.0,488,489,8.31,1,155.8,39.3
117.03,484,489,9.698,1,155.6,39.3
117.05,489,489,9.947,1,155.3,39.3
117.08,486,489,9.439,1,155.7,39.3
117.1,484,488,10.205,1,155.6,39.3
117.13,484,486,10.468,1,155.9,39.3
117.15,483,485,10.533,1,156.0,39.4
117.18,487,486,10.047,1,156.0,39.3
117.21,486,486,9.953,1,156.1,39.4
117.23,484,484,10.194,1,156.2,39.3
117.26,488,486,10.331,1,155.8,39.4
117.28,486,486,9.726,1,156.1,39.3
117.31,483,484,10.508,1,156.1,39.4
117.33,484,484,10.66,1,156.1,39.3
117.36,482,484,10.468,1,156.5,39.4
117.38,480,484,10.782,1,156.8,39.3
117.41,482,484,10.657,1,156.8,39.4
117.43,482,483,10.944,1,156.4,39.3
117.46,480,482,10.689,1,156.6,39.4
117.49,481,482,10.482,1,156.8,39.3
117.51,484,482,10.649,1,156.4,39.4
117.54,484,482,10.837,1,156.2,39.3
117.56,486,482,10.09,1,156.3,39.4
117.59,488,482,10.459,1,156.3,39.3
117.61,485,484,10.891,1,156.5,39.3
117.64,489,484,9.18,1,156.7,39.3
117.66,492,485,10.005,1,155.8,39.4
117.69,485,485,10.239,1,156.3,39.3
117.71,489,486,8.683,1,156.6,39.4
117.74,493,488,10.651,1,155.5,39.3
117.77,490,489,10.635,1,155.7,39.4
117.79,491,489,10.761,1,155.7,39.3
117.82,490,490,10.441,1,155.9,39.4
117.84,491,490,9.551,1,156.1,39.3
117.87,494,491,9.998,1,155.8,39.3
117.89,486,490,9.384,1,156.7,39.3
117.92,629,490,7.775,1,157.3,39.4
117.94,496,491,10.378,1,155.3,39.3
117.97,492,491,10.505,1,156.0,39.4
117.99,494,491,9.183,1,155.9,39.3
118.02,499,492,10.592,1,154.3,39.4
118.05,495,494,10.002,1,155.6,39.2
118.07,495,494,9.739,1,156.0,39.4
118.1,499,495,10.4,1,154.9,39.3
118.12,495,495,9.607,1,155.8,39.3
118.15,494,495,10.029,1,155.7,39.3
118.17,497,495,10.694,1,155.1,39.4
118.2,495,495,10.683,1,155.3,39.3
118.22,495,495,10.477,1,155.6,39.3
118.25,496,495,10.594,1,155.5,39.3
118.27,497,495,10.757,1,155.2,39.4
118.3,499,496,10.631,1,154.5,39.3
118.32,498,496,10.511,1,154.7,39.4
118.35,498,497,10.629,1,154.9,39.3
118.38,500,497,10.471,1,154.4,39.3
118.4,500,498,10.444,1,154.3,39.3
118.43,495,498,9.951,1,155.6,39.3
118.45,493,498,10.75,1,155.8,39.3
118.48,496,498,10.532,1,155.5,39.4
118.5,496,498,10.692,1,155.5,39.3
118.53,496,496,10.697,1,155.3,39.3
118.55,496,496,10.499,1,155.6,39.3
118.58,496,496,10.455,1,155.6,39.3
118.6,499,496,10.538,1,154.8,39.3
118.63,497,496,10.314,1,155.6,39.3
118.66,497,496,10.121,1,155.7,39.3
118.68,498,496,10.371,1,155.3,39.3
118.71,496,496,10.661,1,155.4,39.2
118.73,498,497,9.953,1,155.1,39.3
118.76,500,497,10.651,1,154.7,39.3
118.78,497,497,10.645,1,155.2,39.4
118.81,498,498,10.075,1,155.1,39.4
118.83,501,498,10.426,1,154.3,39.4
118.86,500,498,10.506,1,154.5,39.4
118.88,499,498,10.545,1,154.7,39.4
118.91,500,499,10.549,1,154.5,39.4
118.93,495,499,9.36,1,155.7,39.4
118.96,493,499,10.497,1,155.6,39.4
118.98,497,498,10.651,1,155.2,39.4
119.01,495,498,10.451,1,155.5,39.4
119.03,496,497,10.018,1,155.5,39.4
119.06,499,497,10.504,1,154.8,39.4
119.09,495,496,10.401,1,155.5,39.4
119.11,497,496,9.432,1,155.5,39.3
119.14,502,496,10.515,1,154.2,39.4
119.16,497,497,9.965,1,155.3,39.3
119.19,497,497,10.126,1,155.2,39.4
119.21,500,497,10.581,1,154.5,39.3
119.24,497,497,10.422,1,155.3,39.4
119.26,496,497,10.615,1,155.2,39.3
119.29,498,497,10.83,1,155.1,39.3
119.31,495,497,10.389,1,155.5,39.3
119.34,495,497,10.754,1,155.6,39.4
119.37,497,497,10.527,1,155.1,39.3
119.39,497,497,10.597,1,155.3,39.4
119.42,495,497,10.799,1,155.6,39.2
119.44,498,497,10.443,1,155.0,39.3
119.47,497,497,10.311,1,155.2,39.3
119.49,495,497,10.814,1,155.5,39.4
119.52,495,495,10.562,1,155.6,39.3
119.54,497,497,10.552,1,155.1,39.4
119.57,499,497,10.582,1,154.6,39.3
119.59,499,497,10.544,1,154.4,39.4
119.62,497,497,10.631,1,155.0,39.3
119.65,500,497,9.663,1,154.6,39.4
119.67,501,497,9.785,1,154.5,39.3
119.7,497,497,10.663,1,155.0,39.3
119.72,500,499,10.415,1,154.5,39.3
119.75,498,499,10.181,1,155.2,39.4
119.77,498,499,10.054,1,155.0,39.3
119.8,500,499,10.476,1,154.6,39.4
119.82,496,498,10.327,1,155.3,39.3
119.85,499,499,9.003,1,155.1,39.4
119.87,504,499,10.345,1,153.4,39.3
119.9,501,499,9.294,1,154.6,39.3
119.93,498,499,10.291,1,154.7,39.3
119.95,505,499,9.015,1,153.3,39.4
119.98,505,500,8.971,1,153.2,39.3
120.0,497,500,9.533,1,154.7,39.4
120.03,497,499,10.234,1,154.7,39.3
120.05,497,499,10.261,1,154.8,39.3
120.08,496,498,10.151,1,154.7,39.3
120.1,501,498,10.014,1,153.8,39.3
120.13,499,498,9.697,1,154.7,39.3
120.15,497,497,10.363,1,154.9,39.4
120.18,501,497,9.427,1,153.9,39.3
120.2,502,497,10.398,1,153.8,39.3
120.23,501,499,10.297,1,153.9,39.3
120.26,503,501,10.552,1,153.5,39.4
120.28,502,501,10.243,1,153.7,39.3
120.31,501,501,10.358,1,154.0,39.4
120.33,502,501,10.422,1,153.9,39.3
120.36,501,501,10.358,1,154.0,39.3
120.38,501,501,10.427,1,154.1,39.3
120.41,504,502,10.34,1,153.4,39.4
120.43,504,502,10.345,1,153.3,39.3
120.46,503,502,10.429,1,153.5,39.4
120.48,507,502,9.681,1,152.6,39.3
120.51,508,503,9.697,1,152.2,39.3
120.54,502,503,9.949,1,153.6,39.3
120.56,505,504,9.062,1,152.9,39.4
120.59,507,504,10.035,1,152.2,39.3
120.61,503,504,10.215,1,153.6,39.4
120.64,504,504,9.773,1,153.3,39.3
120.66,506,505,9.955,1,152.5,39.3
120.69,504,505,10.235,1,152.8,39.3
120.71,507,505,10.048,1,152.2,39.4
120.74,506,505,10.234,1,152.7,39.3
120.76,507,506,9.982,1,152.5,39.4
120.79,508,506,10.069,1,152.1,39.3
120.82,505,506,10.091,1,153.2,39.3
120.84,506,506,9.982,1,153.0,39.3
120.87,507,506,10.301,1,152.7,39.3
120.89,505,506,10.344,1,152.9,39.3
120.92,509,507,10.021,1,152.0,39.4
120.94,510,507,10.385,1,151.7,39.3
120.97,507,507,9.997,1,152.6,39.3
120.99,504,507,10.477,1,153.2,39.3
121.02,507,507,9.436,1,152.5,39.4
121.04,509,507,9.961,1,151.4,39.3
121.07,506,507,10.058,1,152.4,39.4
121.1,508,507,9.791,1,152.1,39.3
121.12,508,508,10.313,1,152.3,39.4
121.15,509,508,10.027,1,152.2,39.3
121.17,512,508,10.43,1,151.0,39.4
121.2,510,508,10.383,1,151.6,39.3
121.22,510,509,10.37,1,151.5,39.3
121.25,510,509,10.076,1,151.8,39.3
121.27,508,509,10.422,1,152.2,39.4
121.3,510,510,10.473,1,151.5,39.3
121.32,508,510,9.499,1,152.5,39.4
121.35,507,510,10.042,1,152.7,39.3
121.37,511,510,10.397,1,151.4,39.4
121.4,508,510,10.018,1,152.4,39.3
121.43,508,508,9.578,1,152.5,39.3
121.45,513,508,10.249,1,150.9,39.3
121.48,510,508,9.508,1,152.4,39.4
121.5,509,509,9.331,1,152.4,39.3
121.53,515,509,10.054,1,150.9,39.4
121.55,511,510,9.114,1,152.6,39.3
121.58,510,510,9.421,1,152.5,39.4
121.6,513,510,9.782,1,151.7,39.3
121.63,508,510,10.039,1,153.0,39.4
121.65,511,511,9.018,1,152.4,39.3
121.68,515,511,10.039,1,151.1,39.4
121.71,512,511,10.194,1,151.6,39.3
121.73,511,511,10.546,1,151.7,39.4
121.76,513,511,10.256,1,151.2,39.3
121.78,515,512,10.455,1,150.9,39.4
121.81,514,513,10.16,1,151.1,39.3
121.83,514,513,10.397,1,151.1,39.4
121.86,513,513,10.542,1,151.3,39.3
121.88,513,513,10.183,1,150.9,39.3
121.91,516,513,10.336,1,150.1,39.3
121.93,515,514,10.419,1,150.4,39.3
121.96,514,514,10.511,1,150.7,39.3
121.99,517,514,10.453,1,150.2,39.4
122.01,517,514,10.48,1,150.0,39.3
122.04,517,515,10.421,1,150.0,39.3
122.06,519,516,10.485,1,149.5,39.3
122.09,518,517,10.299,1,149.5,39.3
122.11,519,517,10.186,1,149.2,39.3
122.14,517,517,9.738,1,150.0,39.4
122.16,515,517,10.623,1,150.5,39.3
122.19,519,517,9.203,1,149.9,39.3
122.21,521,518,10.091,1,149.2,39.3
122.24,518,518,10.467,1,149.5,39.3
122.27,520,519,10.446,1,149.5,39.3
122.29,519,519,10.421,1,149.8,39.4
122.32,519,519,10.422,1,149.8,39.3
122.34,522,519,10.626,1,149.4,39.3
122.37,520,519,10.595,1,149.5,39.3
122.39,523,520,9.906,1,149.4,39.4
122.42,522,520,9.444,1,149.5,39.3
122.44,519,520,10.21,1,149.5,39.4
122.47,524,520,10.018,1,149.1,39.3
122.49,524,522,10.061,1,149.1,39.3
122.52,523,522,10.467,1,149.0,39.3
122.54,526,523,10.153,1,149.0,39.4
122.57,526,523,10.453,1,148.9,39.3
122.6,525,524,10.421,1,148.8,39.4
122.62,525,524,10.307,1,148.9,39.3
122.65,527,525,10.474,1,148.8,39.3
122.67,522,525,9.469,1,149.3,39.3
122.7,521,525,10.258,1,149.2,39.4
122.72,524,525,10.352,1,149.1,39.3
122.75,522,525,10.396,1,149.3,39.4
122.77,523,524,9.261,1,149.2,39.3
122.8,526,524,10.137,1,148.7,39.3
122.82,523,523,10.585,1,149.1,39.3
122.85,525,523,10.28,1,149.0,39.4
122.88,525,523,10.218,1,149.1,39.3
122.9,523,523,10.671,1,149.2,39.4
122.93,524,524,10.628,1,149.2,39.3
122.95,522,523,10.309,1,149.4,39.3
122.98,522,523,10.573,1,149.4,39.3
123.0,525,524,10.342,1,149.2,39.4
123.03,524,524,9.908,1,149.3,39.3
123.05,522,524,10.826,1,149.4,39.4
123.08,525,524,10.417,1,149.2,39.3
123.1,525,524,10.566,1,149.3,39.3
123.13,523,524,10.5,1,149.5,39.3
123.16,524,524,10.138,1,149.5,39.4
123.18,526,524,10.294,1,148.9,39.3
123.21,523,524,10.469,1,149.4,39.3
123.23,524,524,10.15,1,149.4,39.3
123.26,525,524,10.529,1,149.2,39.3
123.28,524,524,10.532,1,149.1,39.3
123.31,527,524,10.222,1,149.0,39.4
123.33,525,524,10.149,1,149.2,39.3
123.36,524,524,10.217,1,149.3,39.4
123.38,527,525,10.523,1,149.0,39.3
123.41,525,525,10.63,1,148.8,39.3
123.44,526,525,10.574,1,149.0,39.3
123.46,524,525,10.041,1,149.4,39.3
123.49,523,525,10.358,1,149.2,39.3
123.51,526,525,10.359,1,149.2,39.3
123.54,525,525,10.082,1,149.5,39.3
123.56,523,525,10.574,1,149.5,39.3
123.59,524,525,10.554,1,149.2,39.3
123.61,522,524,10.69,1,149.5,39.3
123.64,524,524,10.111,1,149.5,39.3
123.66,525,524,10.608,1,149.2,39.3
123.69,524,524,10.574,1,149.3,39.3
123.71,525,524,10.579,1,149.2,39.3
123.74,525,524,10.419,1,149.1,39.3
123.77,526,524,9.965,1,149.2,39.3
123.79,529,525,10.488,1,148.8,39.2
123.82,527,525,10.646,1,148.9,39.2
123.85,529,525,9.911,1,148.8,39.2
123.87,530,526,10.048,1,148.7,39.2
123.9,527,527,10.476,1,148.8,39.2
123.92,533,527,9.139,1,148.8,39.3
123.95,531,529,8.607,1,149.0,39.3
123.97,526,529,10.514,1,149.0,39.3
124.0,529,529,10.286,1,148.8,39.3
124.02,523,529,7.672,1,149.9,39.3
124.05,523,529,7.852,1,149.9,39.2
124.07,529,529,10.259,1,148.8,39.3
124.1,523,527,9.757,1,149.4,39.3
124.12,527,527,8.847,1,149.5,39.3
124.15,528,527,9.877,1,149.0,39.3
124.17,526,526,10.492,1,149.0,39.3
124.2,531,527,9.687,1,148.9,39.3
124.23,531,527,10.317,1,148.6,39.3
124.25,531,528,10.269,1,148.7,39.3
124.28,533,529,10.327,1,148.3,39.4
124.3,532,531,10.75,1,148.3,39.3
124.33,534,531,10.435,1,148.4,39.3
124.35,532,531,10.462,1,148.3,39.3
124.38,531,531,10.453,1,148.3,39.4
124.4,533,532,10.391,1,148.4,39.3
124.43,533,532,10.569,1,148.4,39.3
124.45,535,533,10.391,1,148.3,39.3
124.48,534,533,10.516,1,148.4,39.3
124.51,534,533,10.487,1,148.4,39.3
124.53,534,534,10.458,1,148.3,39.4
124.56,534,534,10.405,1,148.2,39.3
124.58,537,534,10.398,1,148.3,39.4
124.61,534,534,10.018,1,148.4,39.3
124.63,533,534,10.403,1,148.2,39.3
124.66,535,534,10.449,1,148.2,39.3
124.68,536,534,10.331,1,148.3,39.4
124.71,537,534,10.269,1,148.4,39.3
124.73,537,535,10.375,1,148.2,39.4
124.76,537,536,10.566,1,148.2,39.3
124.79,536,536,10.351,1,148.2,39.3
124.81,535,536,10.493,1,148.4,39.2
124.84,535,536,10.422,1,148.5,39.4
124.86,534,536,10.427,1,148.5,39.3
124.89,534,536,10.608,1,148.4,39.3
124.91,534,535,10.631,1,148.4,39.3
124.94,533,535,10.407,1,148.4,39.4
124.96,531,534,10.684,1,148.6,39.3
124.99,533,534,10.158,1,148.8,39.4
125.01,535,534,10.372,1,148.6,39.3
125.04,532,534,10.522,1,148.6,39.4
125.07,535,534,9.947,1,148.6,39.3
125.09,534,534,9.698,1,148.7,39.3
125.12,532,533,10.674,1,148.6,39.3
125.14,534,533,10.129,1,148.7,39.4
125.17,532,533,9.694,1,148.9,39.3
125.19,532,533,9.737,1,148.9,39.4
125.22,537,534,10.215,1,148.7,39.3
125.24,533,533,9.374,1,148.9,39.2
125.27,531,533,10.413,1,148.7,39.3
125.29,535,533,10.195,1,148.6,39.3
125.32,536,533,10.446,1,148.6,39.3
125.35,535,534,10.674,1,148.3,39.3
125.37,536,535,10.358,1,148.3,39.3
125.4,537,535,10.415,1,148.4,39.3
125.42,537,536,10.509,1,148.5,39.3
125.45,536,536,10.445,1,148.5,39.4
125.47,536,536,10.58,1,148.2,39.3
125.5,538,536,10.098,1,148.5,39.4
125.52,540,536,10.443,1,148.4,39.3
125.55,538,537,10.163,1,148.5,39.4
125.57,537,537,10.253,1,148.7,39.3
125.6,537,537,10.345,1,148.8,39.4
125.63,537,537,10.219,1,148.6,39.3
125.65,535,537,10.433,1,148.5,39.4
125.68,537,537,9.951,1,148.7,39.3
125.7,537,537,9.866,1,148.7,39.4
125.73,536,537,10.058,1,148.6,39.3
125.75,540,537,9.818,1,148.5,39.4
125.78,540,537,10.29,1,148.3,39.3
125.8,541,537,10.293,1,148.2,39.4
125.83,545,537,10.378,1,148.1,39.3
125.85,545,540,10.619,1,148.0,39.4
125.88,546,540,10.531,1,148.0,39.3
125.9,543,541,9.822,1,148.2,39.4
125.93,541,541,10.456,1,148.2,39.3
125.96,543,543,10.154,1,148.4,39.4
125.98,545,543,10.242,1,148.2,39.3
126.01,547,545,10.529,1,147.9,39.4
126.03,545,545,9.993,1,148.0,39.3
126.06,543,545,10.365,1,148.2,39.4
126.08,547,545,10.05,1,148.3,39.3
126.11,544,544,9.187,1,148.4,39.4
126.13,541,544,10.384,1,148.2,39.3
126.16,543,544,10.265,1,148.1,39.4
126.18,544,544,10.576,1,147.9,39.3
126.21,544,544,10.275,1,148.0,39.4
126.24,547,544,10.391,1,148.1,39.3
126.26,545,544,10.11,1,148.1,39.3
126.29,545,544,9.789,1,148.3,39.3
126.31,549,544,10.216,1,148.0,39.4
126.34,549,545,10.221,1,147.7,39.3
126.36,549,545,10.294,1,148.0,39.4
126.39,551,547,10.126,1,147.9,39.3
126.41,548,548,9.447,1,147.7,39.4
126.44,545,548,10.486,1,147.9,39.3
126.46,547,548,10.126,1,148.2,39.4
126.49,548,548,10.281,1,148.0,39.3
126.51,548,548,10.222,1,147.9,39.4
126.54,550,548,10.47,1,147.9,39.3
126.57,549,548,10.309,1,148.0,39.4
126.59,550,548,10.221,1,148.1,39.3
126.62,553,548,10.126,1,148.2,39.4
126.64,554,549,10.012,1,148.1,39.3
126.67,551,550,9.947,1,148.1,39.4
126.69,549,550,10.5,1,148.0,39.3
126.72,550,550,10.431,1,148.0,39.4
126.74,550,550,10.153,1,148.0,39.3
126.77,549,550,10.237,1,147.9,39.3
126.8,550,550,10.383,1,148.1,39.3
126.82,550,550,10.345,1,147.9,39.4
126.85,549,550,10.259,1,147.9,39.3
126.87,552,550,10.168,1,148.1,39.4
126.9,553,550,10.349,1,148.0,39.3
126.92,552,550,10.219,1,147.8,39.4
126.95,550,550,10.137,1,147.7,39.3
126.97,549,550,10.003,1,148.0,39.4
127.0,546,550,10.274,1,148.0,39.3
127.02,547,550,10.042,1,148.2,39.3
127.05,550,550,10.393,1,147.9,39.3
127.07,549,550,10.425,1,147.7,39.4
127.1,549,549,10.319,1,147.8,39.3
127.13,550,549,10.418,1,147.9,39.4
127.15,550,549,10.254,1,148.1,39.3
127.18,548,549,9.647,1,148.0,39.4
127.2,546,549,10.544,1,148.1,39.3
127.23,548,549,10.139,1,148.2,39.4
127.25,547,549,10.365,1,148.1,39.3
127.28,547,548,10.301,1,148.0,39.4
127.3,550,548,10.031,1,148.3,39.3
127.33,550,548,10.174,1,148.2,39.4
127.35,552,548,9.985,1,148.3,39.3
127.38,552,548,10.159,1,148.0,39.4
127.41,550,550,10.423,1,148.1,39.3
127.43,552,550,9.879,1,148.3,39.4
127.46,553,550,9.99,1,148.0,39.3
127.48,549,550,10.094,1,148.0,39.4
127.51,549,550,10.002,1,148.2,39.3
127.53,550,550,10.281,1,148.0,39.3
127.56,546,550,9.846,1,148.0,39.3
127.58,547,550,9.964,1,148.1,39.4
127.61,548,549,10.043,1,148.0,39.3
127.63,547,549,10.071,1,148.1,39.4
127.66,551,549,9.643,1,148.4,39.3
127.68,552,549,10.068,1,148.1,39.4
127.71,552,549,10.22,1,148.1,39.3
127.74,553,550,10.188,1,148.3,39.4
127.76,553,551,10.014,1,148.3,39.3
127.79,554,552,9.883,1,148.3,39.4
127.81,553,552,9.826,1,148.3,39.3
127.84,552,552,10.026,1,148.2,39.3
127.86,555,553,10.025,1,148.3,39.3
127.89,553,553,9.711,1,148.2,39.3
127.91,553,553,9.773,1,148.3,39.3
127.94,555,553,9.878,1,148.3,39.3
127.96,554,553,9.862,1,148.1,39.3
127.99,556,554,9.844,1,148.3,39.3
128.02,553,553,9.254,1,148.1,39.3
128.04,552,553,10.122,1,148.1,39.3
128.07,555,554,10.147,1,148.3,39.3
128.09,553,553,9.962,1,148.0,39.3
128.12,554,554,9.287,1,148.3,39.3
128.14,557,554,9.798,1,148.3,39.3
128.17,553,554,9.952,1,148.0,39.3
128.19,555,554,9.499,1,148.1,39.3
128.22,557,554,10.194,1,148.2,39.3
128.25,555,555,10.142,1,148.2,39.3
128.27,555,555,10.196,1,148.2,39.3
128.3,556,555,10.262,1,148.0,39.3
128.32,555,555,9.926,1,148.2,39.3
128.35,555,555,10.064,1,148.3,39.3
128.37,556,555,9.89,1,148.3,39.3
128.4,555,555,9.917,1,148.1,39.4
128.42,555,555,9.746,1,148.2,39.3
128.45,557,555,10.081,1,148.2,39.3
128.47,554,555,9.777,1,147.9,39.3
128.5,554,555,9.866,1,148.0,39.4
128.52,555,555,9.514,1,147.7,39.3
128.55,551,555,9.801,1,148.0,39.4
128.58,551,555,9.874,1,148.2,39.3
128.6,551,554,9.783,1,148.2,39.3
128.63,549,554,10.045,1,148.0,39.3
128.65,555,554,9.157,1,148.4,39.3
128.68,554,554,8.682,1,148.3,39.3
128.7,550,551,9.671,1,148.1,39.4
128.73,556,551,9.719,1,148.4,39.3
128.75,552,551,8.677,1,148.5,39.3
128.78,550,551,9.879,1,148.3,39.3
128.8,554,552,9.823,1,148.4,39.3
128.83,553,553,10.066,1,148.4,39.3
128.85,555,554,10.031,1,147.8,39.4
128.88,554,554,9.994,1,147.5,39.3
128.91,559,554,7.943,1,148.3,39.3
128.93,563,554,9.71,1,147.8,39.3
128.96,558,554,9.538,1,148.1,39.4
128.98,559,555,9.473,1,148.4,39.3
129.01,560,558,9.464,1,148.4,39.3
129.03,556,558,9.813,1,148.2,39.3
129.06,557,558,9.744,1,148.5,39.3
129.08,554,558,8.681,1,148.7,39.3
129.11,551,558,9.08,1,148.7,39.3
129.13,560,558,8.025,1,149.4,39.3
129.16,560,558,9.37,1,148.7,39.4
129.19,559,559,9.793,1,148.3,39.3
129.21,562,559,9.624,1,148.7,39.3
129.24,563,559,9.697,1,148.7,39.3
129.26,561,560,9.483,1,148.5,39.3
129.29,561,560,9.356,1,148.7,39.3
129.31,562,561,9.359,1,148.8,39.3
129.34,560,561,9.255,1,148.7,39.3
129.36,559,561,9.771,1,148.4,39.3
129.39,562,561,9.735,1,148.5,39.3
129.41,560,561,9.354,1,148.4,39.4
129.44,558,561,9.873,1,148.4,39.3
129.47,562,561,9.398,1,148.8,39.4
129.49,562,561,9.771,1,148.7,39.3
129.52,560,560,9.902,1,148.5,39.4
129.54,564,560,9.038,1,148.8,39.3
129.57,565,562,9.527,1,148.3,39.4
129.59,560,562,9.67,1,148.4,39.3
129.62,561,561,9.618,1,148.6,39.4
129.64,562,562,9.763,1,148.6,39.3
129.67,560,562,10.012,1,148.3,39.3
129.69,562,562,9.837,1,148.5,39.3
129.72,560,561,9.317,1,148.6,39.4
129.75,558,561,9.654,1,148.6,39.3
129.77,562,561,9.467,1,148.8,39.4
129.8,560,560,9.051,1,148.9,39.3
129.82,558,560,8.932,1,149.2,39.3
129.85,563,560,8.919,1,149.4,39.3
129.87,562,560,9.138,1,149.1,39.4
129.9,564,562,8.971,1,149.3,39.3
129.92,564,562,8.387,1,149.9,39.4
129.95,559,562,8.195,1,150.2,39.3
129.97,561,562,7.886,1,150.6,39.3
130.0,559,561,7.643,1,150.8,39.2
130.02,556,561,7.633,1,150.8,39.4
130.05,558,561,7.035,1,151.7,39.3
130.08,557,559,7.248,1,151.6,39.4
130.1,557,559,7.639,1,150.9,39.3
130.13,555,558,7.597,1,150.7,39.4
130.15,554,557,7.124,1,151.1,39.3
130.18,554,557,7.096,1,151.2,39.4
130.2,558,557,7.235,1,150.7,39.3
130.23,557,557,7.138,1,150.7,39.4
130.25,557,557,6.889,1,151.2,39.3
130.28,553,557,6.885,1,151.3,39.3
130.31,553,555,6.874,1,151.0,39.3
130.33,553,554,6.886,1,150.8,39.4
130.36,552,554,6.99,1,151.0,39.3
130.38,553,553,6.903,1,150.8,39.3
130.41,552,553,7.091,1,150.5,39.3
130.43,553,553,6.903,1,150.6,39.3
130.46,556,553,6.963,1,150.4,39.3
130.48,552,553,6.967,1,150.8,39.4
130.51,556,553,6.821,1,151.0,39.3
130.53,556,553,7.1,1,150.1,39.4
130.56,558,553,7.267,1,149.9,39.3
130.58,561,556,7.131,1,150.1,39.3
130.61,561,556,7.267,1,149.6,39.3
130.64,556,556,7.715,1,149.1,39.3
130.66,558,556,7.332,1,149.6,39.3
130.69,565,558,7.739,1,149.0,39.4
130.71,560,558,8.039,1,148.7,39.3
130.74,560,560,7.81,1,149.0,39.3
130.76,563,560,8.077,1,148.6,39.3
130.79,558,560,8.334,1,148.5,39.4
130.81,559,560,7.737,1,148.9,39.3
130.84,566,560,8.064,1,148.7,39.4
130.86,561,560,7.889,1,148.8,39.3
130.89,559,560,8.239,1,148.6,39.3
130.92,565,560,8.238,1,148.7,39.3
130.94,557,560,7.072,1,149.2,39.4
130.97,555,559,7.445,1,149.1,39.3
130.99,563,559,7.943,1,148.8,39.4
131.02,556,559,7.977,1,148.9,39.3
131.04,558,559,7.351,1,149.3,39.3
131.07,563,559,7.87,1,148.8,39.3
131.09,556,558,7.759,1,149.0,39.4
131.12,556,557,7.817,1,149.0,39.3
131.14,559,557,7.962,1,148.5,39.3
131.17,554,556,8.111,1,147.9,39.3
131.19,558,558,7.382,1,147.9,39.4
131.22,561,558,8.006,1,146.4,39.3
131.25,558,558,8.5,1,145.3,39.3
131.27,558,558,8.301,1,144.8,39.3
131.3,553,558,8.51,1,143.9,39.4
131.32,554,558,8.125,1,143.8,39.3
131.35,555,558,8.113,1,143.7,39.4
131.37,554,555,7.837,1,144.2,39.3
131.4,557,557,7.363,1,145.5,39.4
131.42,561,557,7.357,1,146.1,39.3
131.45,554,555,7.065,1,146.9,39.4
131.48,559,555,6.826,1,147.5,39.3
131.5,564,555,6.878,1,147.6,39.3
131.53,565,557,6.828,1,147.5,39.3
131.55,564,559,6.614,1,147.9,39.4
131.58,557,559,6.717,1,147.6,39.3
131.6,563,561,6.949,1,147.9,39.4
131.63,564,563,7.023,1,147.2,39.3
131.65,558,563,7.029,1,147.1,39.4
131.68,554,563,7.264,1,146.8,39.3
131.7,558,563,7.522,1,146.4,39.4
131.73,552,558,7.895,1,146.0,39.3
131.75,552,558,8.335,1,145.8,39.4
131.78,553,557,8.381,1,145.7,39.3
131.81,553,554,8.493,1,145.8,39.4
131.83,550,553,8.166,1,146.0,39.3
131.86,553,553,7.551,1,146.8,39.4
131.88,557,553,7.806,1,146.6,39.3
131.91,555,553,7.853,1,146.8,39.4
131.93,558,553,7.379,1,147.6,39.3
131.96,563,553,7.591,1,147.2,39.4
131.98,559,555,7.445,1,147.6,39.3
132.01,560,557,7.175,1,148.2,39.4
132.03,567,558,7.145,1,148.0,39.3
132.06,564,559,7.158,1,148.1,39.4
132.09,563,560,7.299,1,148.2,39.3
132.11,567,563,7.138,1,148.3,39.3
132.14,568,563,7.256,1,148.4,39.3
132.16,566,564,7.13,1,148.5,39.4
132.19,567,566,6.923,1,148.9,39.3
132.21,563,566,6.901,1,149.2,39.4
132.24,559,566,7.182,1,149.1,39.3
132.26,563,564,6.84,1,149.7,39.3
132.29,567,566,6.934,1,149.3,39.3
132.31,563,566,6.506,1,149.9,39.4
132.34,560,563,6.919,1,149.7,39.3
132.36,569,563,6.38,1,150.6,39.3
132.39,569,563,6.699,1,150.1,39.3
132.42,564,563,6.995,1,149.7,39.4
132.44,570,564,6.718,1,150.2,39.3
132.47,570,567,6.816,1,150.1,39.4
132.49,566,567,6.804,1,149.9,39.3
132.52,570,569,6.649,1,150.5,39.4
132.54,571,569,6.707,1,150.4,39.3
132.57,572,570,6.651,1,150.6,39.4
132.59,574,570,6.714,1,150.8,39.3
132.62,574,570,6.643,1,150.7,39.3
132.64,573,571,6.742,1,150.6,39.3
132.67,575,572,6.559,1,150.9,39.4
132.7,574,573,6.645,1,151.2,39.3
132.72,570,573,6.545,1,151.4,39.3
132.75,568,573,6.54,1,151.2,39.3
132.77,575,574,6.296,1,151.8,39.4
132.8,576,574,6.589,1,151.2,39.3
132.82,572,574,6.725,1,151.3,39.4
132.85,574,574,6.23,1,151.9,39.3
132.87,578,574,6.529,1,151.3,39.3
132.9,574,574,6.365,1,151.6,39.2
132.92,574,574,6.402,1,151.8,39.4
132.95,578,574,6.519,1,151.6,39.3
132.98,573,574,6.216,1,152.0,39.4
133.0,572,574,6.103,1,152.1,39.3
133.03,581,574,6.341,1,152.1,39.4
133.05,574,574,5.143,1,153.3,39.3
133.08,571,574,5.525,1,153.0,39.4
133.1,582,574,6.021,1,152.7,39.3
133.13,576,574,5.023,1,153.4,39.4
133.15,572,574,5.383,1,153.1,39.3
133.18,583,574,6.071,1,152.5,39.4
133.2,578,576,5.114,1,153.1,39.3
133.23,570,576,6.365,1,152.4,39.4
133.26,573,574,6.266,1,152.6,39.3
133.28,573,573,6.373,1,152.2,39.4
133.31,574,574,6.364,1,151.9,39.3
133.33,575,574,6.342,1,151.9,39.3
133.36,572,573,6.354,1,152.2,39.3
133.38,569,573,6.573,1,151.8,39.3
133.41,574,573,6.193,1,151.9,39.3
133.43,573,573,6.209,1,152.1,39.3
133.46,572,573,6.246,1,151.9,39.3
133.48,579,573,6.576,1,151.2,39.3
133.51,574,574,5.587,1,151.8,39.3
133.53,569,573,6.507,1,151.4,39.3
133.56,577,573,6.193,1,151.8,39.3
133.59,573,573,5.674,1,152.3,39.3
133.61,569,573,6.138,1,152.3,39.3
133.64,577,573,6.115,1,152.6,39.3
133.66,571,573,5.407,1,153.1,39.3
133.69,568,573,5.999,1,152.7,39.3
133.71,576,573,6.1,1,153.2,39.3
133.74,570,571,5.086,1,153.7,39.4
133.76,565,571,6.135,1,152.6,39.3
133.79,574,571,5.838,1,153.0,39.4
133.81,573,571,5.906,1,152.5,39.3
133.84,566,571,6.307,1,152.0,39.3
133.87,569,570,6.314,1,152.4,39.3
133.89,569,569,6.222,1,152.7,39.3
133.92,564,569,6.407,1,152.5,39.3
133.94,569,569,5.925,1,153.0,39.4
133.97,572,569,6.295,1,152.3,39.3
133.99,569,569,6.045,1,152.2,39.4
134.02,567,569,6.161,1,152.1,39.3
134.04,571,569,6.331,1,152.0,39.3
134.07,570,569,6.134,1,152.2,39.3
134.09,566,569,6.455,1,152.0,39.4
134.12,568,569,6.289,1,152.3,39.3
134.15,567,569,6.351,1,152.2,39.4
134.17,568,568,6.255,1,152.3,39.3
134.2,567,568,6.37,1,152.2,39.4
134.22,570,568,6.041,1,152.6,39.3
134.25,573,568,6.213,1,152.4,39.3
134.27,570,568,6.09,1,152.4,39.3
134.3,569,568,6.144,1,152.1,39.4
134.32,572,569,6.363,1,152.1,39.3
134.35,571,570,6.281,1,152.2,39.4
134.37,570,570,6.249,1,152.2,39.3
134.4,570,570,6.239,1,152.3,39.3
134.43,565,570,6.141,1,152.4,39.3
134.45,567,570,5.805,1,152.7,39.4
134.48,573,570,6.334,1,152.2,39.3
134.5,571,570,6.145,1,151.9,39.4
134.53,570,570,6.201,1,151.9,39.3
134.55,572,570,6.27,1,152.1,39.4
134.58,570,570,6.068,1,152.5,39.3
134.6,566,570,6.266,1,152.4,39.4
134.63,568,570,6.023,1,152.6,39.3
134.65,569,570,6.146,1,152.4,39.4
134.68,570,570,6.25,1,152.2,39.3
134.7,572,570,6.263,1,152.0,39.3
134.73,570,570,6.247,1,151.8,39.3
134.76,572,570,5.879,1,152.2,39.4
134.78,578,570,6.098,1,151.8,39.3
134.81,572,570,5.226,1,152.4,39.4
134.83,568,570,6.082,1,151.9,39.3
134.86,575,572,5.82,1,152.3,39.4
134.88,573,572,5.867,1,151.9,39.3
134.91,573,572,5.502,1,152.3,39.4
134.93,581,573,6.082,1,151.9,39.3
134.96,574,573,4.809,1,153.0,39.4
134.98,569,573,5.741,1,152.3,39.3
135.01,576,573,5.982,1,152.3,39.4
135.04,569,573,5.258,1,152.7,39.1
135.06,567,573,5.825,1,152.1,39.4
135.09,574,573,6.054,1,152.1,39.3
135.11,570,573,5.713,1,152.3,39.3
135.14,570,570,5.887,1,152.3,39.3
135.16,572,570,6.009,1,152.4,39.4
135.19,568,570,6.021,1,152.3,39.3
135.21,572,570,6.033,1,152.7,39.4
135.24,571,570,5.96,1,152.9,39.3
135.26,566,570,5.968,1,152.8,39.4
135.29,570,570,5.647,1,153.3,39.3
135.32,572,570,5.823,1,153.1,39.4
135.34,567,570,5.951,1,152.9,39.3
135.37,568,570,5.996,1,152.8,39.4
135.39,570,570,6.054,1,152.6,39.3
135.42,569,570,6.163,1,152.3,39.4
135.44,568,569,6.223,1,152.1,39.3
135.47,570,569,6.042,1,152.2,39.3
135.49,566,569,5.818,1,152.6,39.3
135.52,562,568,6.241,1,152.1,39.4
135.54,569,568,6.088,1,152.4,39.3
135.57,567,568,5.693,1,152.2,39.4
135.6,564,568,6.276,1,151.6,39.3
135.62,572,568,5.935,1,151.8,39.4
135.65,573,568,6.361,1,151.1,39.3
135.67,568,568,6.433,1,150.7,39.4
135.7,572,568,6.417,1,150.9,39.3
135.72,573,569,6.388,1,151.0,39.4
135.75,568,569,6.429,1,150.7,39.3
135.77,572,572,6.341,1,150.9,39.4
135.8,574,572,6.686,1,149.9,39.3
135.82,574,572,6.714,1,149.3,39.4
135.85,577,573,6.163,1,149.4,39.3
135.87,584,573,6.723,1,148.2,39.4
135.9,577,574,5.79,1,149.4,39.3
135.93,574,574,6.445,1,149.2,39.3
135.95,581,574,6.567,1,149.0,39.3
135.98,578,577,6.13,1,150.1,39.4
136.0,571,577,6.476,1,150.4,39.2
136.03,572,577,6.454,1,150.7,39.4
136.05,574,577,6.581,1,150.8,39.3
136.08,580,577,5.929,1,151.4,39.4
136.1,583,577,6.329,1,150.7,39.3
136.13,579,578,6.445,1,150.5,39.4
136.15,582,579,6.204,1,151.0,39.3
136.18,584,579,6.374,1,150.5,39.4
136.21,577,579,6.151,1,150.8,39.3
136.23,577,579,5.915,1,151.2,39.4
136.26,582,580,6.493,1,150.4,39.3
136.28,575,580,6.245,1,150.9,39.4
136.31,576,579,5.599,1,151.4,39.3
136.33,582,579,6.578,1,150.5,39.4
136.36,576,577,6.365,1,151.1,39.3
136.38,581,577,4.886,1,152.3,39.4
136.41,586,577,5.687,1,151.5,39.3
136.43,570,577,4.953,1,152.5,39.4
136.46,572,576,4.894,1,152.8,39.3
136.49,579,576,6.441,1,151.0,39.4
136.51,571,576,5.85,1,151.7,39.3
136.54,573,576,5.65,1,152.1,39.4
136.56,579,576,6.442,1,150.8,39.3
136.59,569,573,5.533,1,151.6,39.4
136.61,567,572,5.841,1,151.6,39.3
136.64,574,572,6.595,1,150.9,39.4
136.66,564,572,5.758,1,151.3,39.3
136.69,565,571,5.759,1,151.7,39.4
136.71,570,570,6.413,1,151.2,39.3
136.74,562,569,6.292,1,151.3,39.4
136.77,565,567,5.563,1,152.0,39.3
136.79,569,567,6.276,1,151.6,39.4
136.82,560,565,6.463,1,151.5,39.3
136.84,568,565,4.802,1,153.1,39.4
136.87,572,565,5.358,1,152.7,39.3
136.89,560,565,6.265,1,152.0,39.3
136.92,570,568,4.687,1,153.7,39.3
136.94,573,568,5.375,1,152.6,39.3
136.97,560,568,6.115,1,152.2,39.3
136.99,566,568,5.085,1,153.2,39.3
137.02,569,568,5.245,1,152.4,39.3
137.05,559,568,6.448,1,151.3,39.3
137.07,564,566,6.359,1,151.4,39.3
137.1,560,564,5.415,1,151.8,39.4
137.12,553,564,6.464,1,150.6,39.3
137.15,562,562,5.63,1,150.9,39.4
137.17,564,562,5.602,1,150.8,39.3
137.2,552,562,6.39,1,150.9,39.4
137.22,557,560,6.233,1,151.7,39.3
137.25,557,559,6.282,1,151.3,39.3
137.27,554,557,6.802,1,151.5,39.3
137.3,559,557,6.961,1,151.3,39.4
137.32,558,557,7.068,1,151.1,39.3
137.35,559,558,7.094,1,150.8,39.4
137.38,563,558,7.193,1,150.2,39.3
137.4,563,558,7.286,1,149.7,39.4
137.43,562,559,7.405,1,149.0,39.3
137.45,565,559,7.242,1,149.2,39.3
137.48,564,562,7.043,1,149.4,39.3
137.5,561,562,7.25,1,149.6,39.4
137.53,564,563,6.928,1,150.7,39.3
137.55,564,563,7.007,1,151.5,39.4
137.58,563,563,7.04,1,152.0,39.3
137.6,565,564,6.782,1,152.6,39.4
137.63,568,564,6.885,1,153.4,39.3
137.66,566,564,6.806,1,153.5,39.4
137.68,566,564,6.942,1,153.6,39.3
137.71,569,565,6.825,1,153.6,39.3
137.73,574,566,7.001,1,153.8,39.3
137.76,572,566,6.838,1,154.8,39.4
137.78,570,568,6.517,1,155.6,39.3
137.81,576,569,6.156,1,156.5,39.4
137.83,576,570,6.069,1,156.7,39.3
137.86,574,572,6.099,1,156.8,39.4
137.88,576,574,6.25,1,156.6,39.3
137.91,576,574,6.345,1,156.4,39.3
137.94,578,576,6.153,1,156.4,39.3
137.96,581,576,6.085,1,156.2,39.4
137.99,579,576,6.203,1,156.1,39.3
138.01,579,576,5.635,1,156.0,39.4
138.04,583,578,6.131,1,154.9,39.3
138.06,573,578,5.946,1,155.0,39.3
138.09,578,578,5.516,1,155.1,39.3
138.11,584,579,6.741,1,153.3,39.4
138.14,577,579,6.098,1,154.0,39.3
138.16,575,579,6.58,1,153.8,39.3
138.19,578,578,6.565,1,153.8,39.3
138.21,573,578,5.895,1,154.7,39.3
138.24,570,577,6.457,1,154.5,39.3
138.27,577,577,6.183,1,154.9,39.3
138.29,578,577,6.48,1,154.1,39.3
138.32,576,577,6.649,1,153.9,39.4
138.34,580,577,6.488,1,154.1,39.3
138.37,581,577,6.494,1,153.7,39.3
138.39,579,578,6.843,1,152.9,39.3
138.42,581,578,6.959,1,152.2,39.3
138.44,585,579,7.667,1,150.8,39.3
138.47,584,580,8.374,1,150.0,39.3
138.49,585,581,8.645,1,149.6,39.3
138.52,586,581,9.147,1,148.7,39.3
138.55,586,584,9.288,1,148.4,39.3
138.57,585,585,9.156,1,148.3,39.4
138.6,584,585,9.473,1,148.3,39.3
138.62,588,585,8.835,1,148.2,39.4
138.65,589,585,9.302,1,147.8,39.3
138.67,587,586,9.326,1,147.7,39.4
138.7,590,586,9.03,1,147.9,39.3
138.72,592,587,9.178,1,147.9,39.4
138.75,595,588,8.778,1,148.1,39.3
138.77,598,589,9.271,1,148.2,39.4
138.8,597,590,9.147,1,148.1,39.3
138.83,599,592,9.027,1,148.3,39.4
138.85,599,595,9.047,1,148.3,39.3
138.88,599,597,9.201,1,148.3,39.4
138.9,600,598,9.027,1,148.3,39.3
138.93,598,598,9.253,1,148.2,39.4
138.95,600,599,8.968,1,148.5,39.3
138.98,601,599,9.011,1,148.5,39.3
139.0,600,599,9.037,1,148.4,39.3
139.03,604,600,9.062,1,148.7,39.4
139.05,602,600,9.053,1,148.7,39.3
139.08,601,600,8.985,1,148.7,39.4
139.11,601,601,8.787,1,148.9,39.3
139.13,597,601,9.239,1,148.6,39.3
139.16,603,601,6.952,1,149.6,39.3
139.18,606,601,8.487,1,149.2,39.4
139.21,600,601,8.877,1,148.5,39.3
139.23,602,602,8.368,1,149.0,39.4
139.26,603,602,8.721,1,149.0,39.3
139.28,600,601,9.235,1,148.6,39.4
139.31,603,602,8.625,1,149.3,39.3
139.33,604,603,8.828,1,149.6,39.4
139.36,602,603,8.938,1,149.5,39.3
139.38,603,603,8.708,1,149.3,39.4
139.41,606,603,8.759,1,149.4,39.3
139.44,605,603,8.579,1,149.5,39.3
139.46,602,603,9.043,1,149.3,39.3
139.49,605,603,8.354,1,149.7,39.4
139.51,607,604,8.753,1,149.5,39.3
139.54,604,604,8.918,1,149.4,39.4
139.56,606,605,8.738,1,149.8,39.3
139.59,606,605,8.627,1,149.4,39.3
139.61,600,605,8.72,1,148.7,39.3
139.64,599,605,9.107,1,148.8,39.4
139.66,600,604,9.005,1,149.1,39.3
139.69,602,604,8.768,1,149.9,39.3
139.72,603,603,8.474,1,150.6,39.3
139.74,599,602,8.146,1,150.8,39.3
139.77,598,600,7.932,1,151.0,39.3
139.79,603,600,7.534,1,151.6,39.4
139.82,604,600,7.47,1,152.0,39.3
139.84,603,602,7.316,1,152.2,39.4
139.87,605,603,7.981,1,151.4,39.3
139.89,605,603,8.474,1,150.4,39.3
139.92,607,603,8.431,1,150.5,39.3
139.94,607,604,8.553,1,150.4,39.4
139.97,604,604,8.635,1,149.9,39.3
140.0,606,605,8.402,1,150.1,39.4
140.02,607,605,8.567,1,150.2,39.3
140.05,605,605,8.631,1,150.0,39.3
140.07,607,606,8.71,1,150.1,39.3
140.1,608,607,8.686,1,150.1,39.4
140.12,606,607,8.511,1,150.3,39.3
140.15,604,606,8.451,1,150.1,39.3
140.17,604,606,8.537,1,150.2,39.3
140.2,604,606,8.483,1,150.2,39.3
140.22,608,606,8.289,1,150.7,39.3
140.25,608,606,8.255,1,150.9,39.3
140.28,605,606,8.36,1,150.6,39.3
140.3,608,606,8.098,1,151.1,39.4
140.33,606,606,7.975,1,151.2,39.3
140.35,607,606,7.463,1,151.9,39.3
140.38,609,607,7.317,1,152.1,39.3
140.4,603,607,7.653,1,151.5,39.4
140.43,607,607,6.931,1,151.8,39.3
140.45,608,607,7.755,1,151.0,39.4
140.48,604,607,8.308,1,150.3,39.3
140.5,608,607,7.871,1,151.1,39.4
140.53,608,607,8.129,1,150.8,39.3
140.55,605,607,8.471,1,150.3,39.4
140.58,609,608,7.471,1,151.3,39.3
140.61,610,608,7.967,1,151.0,39.4
140.63,605,608,8.639,1,150.0,39.3
140.66,606,608,8.285,1,150.4,39.4
140.68,607,607,8.154,1,150.6,39.3
140.71,603,607,8.497,1,150.0,39.4
140.73,606,606,8.026,1,150.4,39.3
140.76,608,606,8.593,1,150.4,39.4
140.78,607,607,8.502,1,150.4,39.3
140.81,609,607,7.982,1,151.1,39.4
140.84,611,607,8.397,1,150.9,39.3
140.86,607,607,8.284,1,150.5,39.4
140.89,607,607,8.234,1,150.7,39.3
140.91,608,607,8.2,1,150.6,39.4
140.94,605,607,8.339,1,150.3,39.3
140.96,608,608,7.978,1,151.0,39.4
140.99,605,607,7.455,1,151.1,39.3
141.01,603,607,7.865,1,150.8,39.4
141.04,608,607,7.745,1,151.3,39.3
141.06,605,607,7.227,1,151.7,39.4
141.09,602,605,7.134,1,152.7,39.3
141.11,607,605,6.813,1,153.7,39.4
141.14,603,605,6.65,1,152.1,39.3
141.17,601,605,7.902,1,150.5,39.4
141.19,605,605,7.999,1,151.5,39.3
141.22,605,605,7.868,1,152.1,39.4
141.24,607,605,7.155,1,152.8,39.3
141.27,610,605,7.435,1,152.7,39.4
141.29,605,605,7.452,1,152.0,39.3
141.32,607,605,7.322,1,152.3,39.4
141.34,607,605,7.18,1,152.2,39.3
141.37,603,605,7.497,1,151.6,39.4
141.39,604,605,7.211,1,151.8,39.3
141.42,605,605,7.498,1,151.4,39.4
141.45,605,605,8.024,1,151.0,39.3
141.47,609,605,8.253,1,150.9,39.4
141.5,607,605,8.265,1,150.2,39.3
141.52,608,607,7.639,1,150.3,39.3
141.55,613,607,8.495,1,150.5,39.3
141.57,610,607,8.664,1,150.1,39.4
141.6,613,608,8.239,1,150.4,39.3
141.62,613,609,8.381,1,150.1,39.4
141.65,611,610,8.517,1,149.9,39.3
141.67,613,611,8.474,1,150.5,39.4
141.7,609,611,7.425,1,150.3,39.3
141.72,608,611,7.412,1,150.4,39.4
141.75,614,613,8.076,1,151.1,39.3
141.78,607,611,7.309,1,150.4,39.4
141.8,606,611,8.261,1,149.7,39.3
141.83,606,609,7.693,1,150.8,39.4
141.85,599,608,7.71,1,150.9,39.3
141.88,604,607,7.043,1,151.5,39.4
141.9,606,606,7.765,1,151.2,39.3
141.93,608,606,7.248,1,151.7,39.4
141.95,613,606,7.78,1,151.7,39.3
141.98,612,606,8.161,1,151.0,39.4
142.01,615,606,7.641,1,151.4,39.3
142.03,616,608,8.318,1,150.9,39.4
142.06,612,612,8.458,1,150.5,39.3
142.08,613,612,8.111,1,150.9,39.4
142.11,612,612,7.854,1,150.6,39.3
142.13,609,612,8.382,1,149.9,39.4
142.16,611,612,8.205,1,150.7,39.3
142.18,609,612,8.083,1,150.6,39.4
142.21,607,612,8.546,1,150.0,39.3
142.23,607,611,8.374,1,150.2,39.4
142.26,604,609,8.076,1,150.5,39.3
142.28,605,609,7.445,1,151.3,39.4
142.31,608,608,7.845,1,151.3,39.3
142.34,606,607,8.105,1,150.6,39.3
142.36,607,607,8.47,1,150.4,39.3
142.39,610,607,8.246,1,150.9,39.4
142.41,609,607,8.019,1,150.9,39.3
142.44,606,607,8.466,1,150.3,39.4
142.46,610,607,8.107,1,151.0,39.3
142.49,608,608,7.705,1,151.1,39.4
142.51,607,608,7.844,1,151.0,39.3
142.54,610,608,8.139,1,151.0,39.4
142.56,606,608,7.995,1,150.9,39.3
142.59,608,608,7.303,1,151.4,39.4
142.62,612,608,8.342,1,151.1,39.3
142.64,610,608,8.491,1,150.5,39.4
142.67,614,610,7.865,1,151.5,39.3
142.69,615,610,8.196,1,151.4,39.4
142.72,613,610,8.456,1,150.8,39.3
142.74,617,612,8.692,1,151.3,39.4
142.77,609,612,6.459,1,151.6,39.3
142.79,607,612,7.687,1,151.1,39.3
142.82,615,613,7.956,1,152.0,39.3
142.84,613,613,7.846,1,151.1,39.3
142.87,612,613,8.271,1,150.8,39.3
142.89,614,613,8.555,1,151.3,39.3
142.92,611,613,8.519,1,150.8,39.3
142.95,612,612,8.398,1,151.1,39.3
142.97,611,612,7.702,1,151.6,39.3
143.0,605,612,8.277,1,151.1,39.3
143.02,607,612,7.745,1,151.6,39.3
143.05,609,611,8.327,1,151.3,39.2
143.07,609,611,8.467,1,150.6,39.3
143.1,613,611,8.343,1,151.1,39.4
143.12,613,611,8.634,1,151.6,39.3
143.15,614,611,8.278,1,151.8,39.4
143.17,618,611,8.44,1,151.8,39.3
143.2,618,613,8.459,1,151.6,39.4
143.23,617,613,8.735,1,151.3,39.3
143.25,618,614,8.706,1,151.4,39.3
143.28,615,615,8.145,1,151.5,39.3
143.3,613,615,8.503,1,151.4,39.4
143.33,615,615,8.498,1,151.7,39.3
143.35,614,615,8.741,1,151.0,39.3
143.38,616,616,8.059,1,150.7,39.3
143.4,620,616,8.606,1,151.5,39.4
143.43,617,616,8.446,1,151.9,39.3
143.45,615,615,8.469,1,151.8,39.4
143.48,614,615,8.258,1,151.8,39.3
143.5,613,615,8.255,1,151.9,39.4
143.53,614,615,7.917,1,152.4,39.3
143.56,615,615,8.292,1,152.4,39.4
143.58,617,615,8.573,1,151.9,39.3
143.61,617,615,8.739,1,151.6,39.4
143.63,618,615,8.711,1,151.8,39.3
143.66,620,615,8.633,1,152.0,39.4
143.68,619,617,8.433,1,151.4,39.3
143.71,618,617,8.407,1,151.3,39.4
143.73,623,618,8.317,1,152.1,39.3
143.76,620,618,7.599,1,152.1,39.4
143.79,616,618,8.705,1,151.3,39.3
143.81,617,618,8.6,1,151.7,39.4
143.84,617,618,8.677,1,151.6,39.3
143.86,619,619,8.369,1,152.0,39.4
143.89,621,619,8.549,1,151.8,39.3
143.91,618,618,8.571,1,151.5,39.4
143.94,620,619,7.782,1,152.6,39.3
143.96,623,619,8.482,1,152.8,39.4
143.99,619,619,8.526,1,152.2,39.3
144.01,620,619,8.276,1,152.5,39.4
144.04,621,620,8.133,1,152.7,39.3
144.06,617,620,8.691,1,151.8,39.4
144.09,618,620,8.635,1,151.7,39.3
144.12,619,619,8.677,1,151.9,39.4
144.14,618,619,8.595,1,151.8,39.3
144.17,618,619,8.595,1,151.7,39.4
144.19,619,619,8.648,1,151.4,39.3
144.22,620,619,8.431,1,151.5,39.4
144.24,620,619,8.603,1,151.5,39.3
144.27,620,619,8.59,1,151.5,39.4
144.29,618,619,8.173,1,151.2,39.3
144.32,614,619,8.532,1,150.4,39.3
144.34,617,618,7.795,1,151.3,39.3
144.37,620,619,8.571,1,151.3,39.4
144.4,620,620,8.441,1,151.0,39.3
144.42,621,620,8.278,1,151.5,39.4
144.45,624,620,8.248,1,151.9,39.3
144.47,624,620,8.386,1,152.0,39.3
144.5,622,620,8.367,1,151.6,39.3
144.52,621,621,8.43,1,151.5,39.4
144.55,622,621,8.431,1,151.6,39.3
144.57,622,622,8.33,1,151.5,39.4
144.6,622,622,8.254,1,151.6,39.3
144.62,620,622,7.936,1,151.4,39.3
144.65,618,622,8.383,1,150.9,39.3
144.68,620,622,8.293,1,151.3,39.3
144.7,618,621,8.201,1,151.0,39.3
144.73,617,620,8.455,1,150.9,39.4
144.75,620,620,8.354,1,151.4,39.3
144.78,620,620,8.375,1,151.3,39.3
144.8,620,620,8.309,1,151.2,39.3
144.83,623,620,8.387,1,151.8,39.4
144.85,619,620,8.299,1,151.4,39.3
144.88,620,620,8.053,1,151.4,39.4
144.9,624,620,8.452,1,151.9,39.3
144.93,623,620,8.363,1,151.7,39.4
144.96,622,620,8.451,1,151.7,39.3
144.98,624,622,8.347,1,151.9,39.4
145.01,623,623,8.186,1,152.0,39.3
145.03,621,623,8.171,1,151.6,39.4
145.06,623,623,8.133,1,151.9,39.3
145.08,622,623,8.01,1,151.8,39.3
145.11,620,623,8.155,1,151.5,39.2
145.13,622,622,7.737,1,152.2,39.4
145.16,622,622,7.794,1,152.2,39.3
145.18,620,622,8.168,1,151.7,39.4
145.21,621,622,8.154,1,151.7,39.3
145.23,620,621,7.924,1,151.5,39.4
145.26,617,621,8.194,1,151.1,39.3
145.29,618,620,8.115,1,151.3,39.4
145.31,615,620,7.726,1,151.1,39.3
145.34,612,620,8.409,1,150.2,39.4
145.36,615,618,8.319,1,150.7,39.3
145.39,615,617,8.403,1,150.6,39.4
145.41,615,615,8.409,1,150.7,39.3
145.44,617,615,8.387,1,150.9,39.4
145.46,617,615,8.517,1,150.9,39.3
145.49,618,615,8.254,1,151.2,39.4
145.51,620,615,8.413,1,151.6,39.3
145.54,620,617,8.356,1,151.6,39.4
145.57,622,617,8.268,1,152.0,39.3
145.59,623,618,8.245,1,152.0,39.4
145.62,620,620,8.376,1,151.4,39.3
145.64,621,620,7.962,1,151.9,39.4
145.67,622,620,8.137,1,152.1,39.3
145.69,620,620,8.331,1,151.6,39.4
145.72,623,621,7.642,1,152.4,39.3
145.74,623,622,7.737,1,152.5,39.4
145.77,621,622,8.161,1,152.0,39.3
145.79,625,622,7.613,1,153.0,39.4
145.82,623,622,7.302,1,152.8,39.3
145.84,622,622,7.884,1,152.3,39.4
145.87,626,623,7.691,1,153.2,39.3
145.9,625,623,7.669,1,152.9,39.3
145.92,624,623,7.905,1,152.7,39.3
145.95,625,624,7.738,1,152.9,39.4
145.97,622,624,7.901,1,152.5,39.3
146.0,623,624,7.504,1,152.8,39.4
146.02,625,624,7.911,1,152.9,39.3
146.05,623,624,7.867,1,152.6,39.3
146.07,624,624,7.863,1,152.8,39.3
146.1,626,624,7.879,1,152.9,39.4
146.13,626,624,7.845,1,152.9,39.3
146.15,627,625,7.677,1,153.2,39.3
146.18,625,625,7.405,1,153.1,39.3
146.2,622,625,8.144,1,152.2,39.4
146.23,627,625,7.226,1,153.1,39.3
146.25,626,626,7.615,1,152.9,39.3
146.28,626,626,7.327,1,152.9,39.3
146.3,632,626,7.637,1,153.6,39.4
146.33,629,626,6.917,1,153.8,39.3
146.35,628,627,7.495,1,153.6,39.4
146.38,633,627,7.352,1,154.3,39.3
146.4,632,628,7.462,1,153.9,39.4
146.43,632,629,7.691,1,153.8,39.3
146.46,635,632,7.668,1,154.5,39.3
146.48,634,632,7.451,1,154.4,39.3
146.51,634,632,7.214,1,154.4,39.4
146.53,635,633,7.29,1,154.6,39.3
146.56,633,633,6.839,1,154.4,39.3
146.58,630,633,7.394,1,153.8,39.3
146.61,630,633,7.51,1,153.8,39.3
146.63,629,633,7.199,1,153.8,39.3
146.66,627,633,7.71,1,153.4,39.4
146.68,632,632,7.257,1,154.1,39.3
146.71,631,631,7.496,1,153.9,39.4
146.74,632,631,6.478,1,154.6,39.3
146.76,638,631,7.275,1,155.0,39.3
146.79,636,631,7.342,1,154.8,39.3
146.81,638,632,6.86,1,155.2,39.4
146.84,638,632,6.478,1,155.2,39.3
146.86,630,632,7.413,1,154.1,39.4
146.89,632,632,7.298,1,153.9,39.3
146.91,635,635,7.59,1,154.0,39.3
146.94,632,635,7.31,1,153.9,39.3
146.96,631,635,7.199,1,154.0,39.4
146.99,633,633,7.389,1,154.1,39.3
147.01,633,633,7.501,1,154.1,39.4
147.04,634,633,7.417,1,154.3,39.3
147.07,633,633,7.685,1,154.2,39.3
147.09,633,633,7.479,1,154.0,39.3
147.12,634,633,7.5,1,154.3,39.3
147.14,637,633,7.406,1,154.7,39.3
147.17,637,633,7.313,1,154.7,39.4
147.19,635,634,7.442,1,154.6,39.3
147.22,635,634,7.575,1,154.7,39.4
147.24,637,635,7.507,1,154.9,39.3
147.27,638,635,7.51,1,155.0,39.4
147.3,638,637,7.481,1,155.1,39.3
147.32,641,637,6.835,1,155.5,39.4
147.35,643,637,6.861,1,155.7,39.3
147.37,641,638,6.556,1,155.4,39.3
147.4,643,638,5.7,1,156.0,39.2
147.42,648,641,6.193,1,156.6,39.4
147.45,647,641,6.21,1,156.5,39.3
147.47,648,643,6.239,1,156.8,39.4
147.5,648,643,6.103,1,156.6,39.3
147.52,647,647,6.365,1,156.4,39.4
147.55,645,647,6.658,1,156.3,39.3
147.57,645,647,6.627,1,156.0,39.4
147.6,643,647,6.73,1,155.8,39.3
147.63,642,647,6.879,1,155.6,39.3
147.65,642,645,6.789,1,155.7,39.3
147.68,640,645,6.635,1,155.4,39.3
147.7,640,643,6.837,1,155.4,39.3
147.73,642,642,7.061,1,155.7,39.3
147.75,642,642,6.922,1,155.7,39.3
147.78,645,642,6.654,1,156.2,39.4
147.8,645,642,6.623,1,156.3,39.3
147.83,645,642,6.475,1,156.2,39.3
147.85,641,642,6.434,1,155.7,39.3
147.88,641,642,6.874,1,155.6,39.3
147.91,643,642,6.976,1,155.8,39.3
147.93,640,642,7.023,1,155.3,39.3
147.96,641,642,6.48,1,155.8,39.3
147.98,642,642,6.609,1,156.0,39.3
148.01,640,641,7.105,1,155.3,39.3
148.03,643,641,6.466,1,156.4,39.4
148.06,643,641,6.623,1,156.3,39.3
148.08,639,641,7.266,1,155.5,39.4
148.11,641,641,6.75,1,155.9,39.3
148.13,642,641,6.877,1,155.9,39.3
148.16,640,641,7.085,1,155.4,39.3
148.18,643,642,6.984,1,156.1,39.4
148.21,641,641,6.664,1,156.1,39.3
148.24,640,641,6.923,1,155.7,39.4
148.26,644,641,7.005,1,156.3,39.3
148.29,640,641,6.797,1,155.7,39.4
148.31,643,641,5.781,1,156.6,39.3
148.34,645,642,6.103,1,156.5,39.4
148.36,637,641,6.811,1,155.4,39.3
148.39,639,641,6.376,1,156.0,39.4
148.42,640,640,7.035,1,155.8,39.1
148.44,640,640,6.716,1,155.9,39.4
148.47,644,640,6.722,1,156.4,39.3
148.49,640,640,6.338,1,155.8,39.4
148.52,642,640,5.584,1,156.5,39.4
148.54,644,640,5.976,1,156.8,39.4
148.57,636,640,6.19,1,155.7,39.3
148.59,635,640,7.059,1,155.4,39.4
148.62,639,640,7.206,1,155.5,39.3
148.64,636,640,7.325,1,155.2,39.4
148.67,636,639,7.275,1,155.2,39.3
148.69,640,639,7.342,1,155.6,39.4
148.72,638,638,7.262,1,155.5,39.3
148.74,638,638,7.235,1,155.5,39.4
148.77,641,638,7.277,1,155.8,39.3
148.8,642,638,6.99,1,156.0,39.4
148.82,645,639,7.119,1,156.4,39.3
148.85,642,640,6.26,1,156.2,39.4
148.87,637,640,7.114,1,155.2,39.3
148.9,636,640,7.357,1,155.2,39.3
148.92,635,638,7.169,1,155.1,39.3
148.95,630,638,7.637,1,154.6,39.4
148.97,627,637,7.771,1,153.7,39.3
149.0,624,636,8.282,1,153.0,39.3
149.02,628,635,7.246,1,153.9,39.3
149.05,631,631,8.042,1,153.8,39.3
149.08,630,630,7.988,1,153.8,39.3
149.1,635,630,7.317,1,154.5,39.4
149.13,635,630,7.257,1,154.4,39.3
149.15,630,630,8.006,1,153.6,39.4
149.18,633,630,6.578,1,154.6,39.3
149.2,635,631,6.931,1,154.4,39.4
149.23,629,631,8.052,1,153.5,39.3
149.25,634,633,7.333,1,154.2,39.4
149.28,630,633,6.314,1,154.2,39.3
149.3,628,633,6.788,1,154.1,39.4
149.33,637,633,7.412,1,154.9,39.3
149.35,629,630,6.226,1,154.7,39.4
149.38,629,630,7.344,1,153.9,39.3
149.41,632,630,7.873,1,153.8,39.4
149.43,629,629,7.721,1,153.5,39.3
149.46,628,629,7.691,1,153.5,39.4
149.48,630,629,7.957,1,153.6,39.3
149.51,628,629,7.988,1,153.5,39.4
149.53,631,629,7.69,1,153.9,39.3
149.56,631,629,7.979,1,154.0,39.4
149.58,630,630,7.975,1,153.9,39.3
149.61,629,630,7.949,1,153.8,39.4
149.63,628,629,7.999,1,153.4,39.3
149.66,629,629,7.842,1,153.9,39.3
149.69,629,629,7.718,1,153.9,39.3
149.71,627,629,7.93,1,153.4,39.4
149.74,628,629,7.905,1,153.7,39.3
149.76,629,629,7.77,1,154.0,39.4
149.79,631,629,7.455,1,154.5,39.3
149.81,635,629,7.313,1,155.0,39.4
149.84,635,629,7.313,1,155.1,39.3
149.86,631,629,7.651,1,154.4,39.4
149.89,630,630,7.919,1,154.1,39.3
149.91,629,630,7.697,1,154.0,39.4
149.94,630,630,7.793,1,154.2,39.2
149.97,631,631,7.755,1,154.4,39.4
149.99,631,631,7.665,1,154.3,39.1
150.02,633,631,7.667,1,154.6,39.4
150.04,631,631,7.386,1,154.5,39.4
150.07,631,631,7.039,1,154.7,39.4
150.09,636,631,7.493,1,155.1,39.3
150.12,630,631,6.359,1,154.9,39.4
150.14,628,631,7.671,1,154.0,39.3
150.17,632,631,7.815,1,154.3,39.3
150.19,630,631,7.249,1,154.1,39.3
150.22,627,631,8.095,1,153.4,39.4
150.25,629,630,8.163,1,153.5,39.2
150.27,630,630,8.255,1,153.6,39.4
150.3,629,630,7.858,1,153.4,39.3
150.32,629,629,7.571,1,153.5,39.4
150.35,634,629,7.546,1,154.3,39.3
150.37,631,630,7.137,1,154.2,39.4
150.4,630,630,7.507,1,154.0,39.3
150.42,633,630,7.721,1,154.1,39.4
150.45,631,630,7.763,1,153.9,39.3
150.47,633,631,7.19,1,154.6,39.4
150.5,636,631,7.285,1,154.9,39.3
150.52,633,633,7.454,1,154.6,39.4
150.55,635,633,7.301,1,154.6,39.3
150.58,636,633,7.554,1,154.6,39.4
150.6,634,633,7.709,1,154.3,39.3
150.63,634,634,7.538,1,154.4,39.4
150.65,637,634,7.65,1,154.7,39.3
150.68,635,635,7.561,1,154.8,39.4
150.7,638,635,6.691,1,155.5,39.3
150.73,639,635,7.04,1,155.5,39.4
150.76,637,636,7.383,1,155.0,39.3
150.78,639,637,6.762,1,155.7,39.4
150.81,642,637,6.932,1,155.8,39.3
150.83,641,638,6.871,1,155.7,39.4
150.86,642,639,6.832,1,155.9,39.3
150.88,645,639,6.682,1,156.3,39.4
150.91,641,641,6.031,1,156.2,39.3
150.93,639,641,6.829,1,155.5,39.4
150.96,642,641,6.865,1,155.9,39.3
150.98,640,641,6.723,1,155.6,39.4
151.01,640,641,6.541,1,155.8,39.3
151.03,645,641,6.613,1,156.3,39.4
151.06,641,641,6.354,1,156.0,39.3
151.08,642,641,5.993,1,156.4,39.4
151.11,645,641,6.53,1,156.4,39.3
151.14,640,641,6.697,1,155.7,39.4
151.16,641,641,6.503,1,155.8,39.3
151.19,643,641,6.709,1,156.0,39.4
151.21,642,642,6.511,1,155.9,39.3
151.24,643,642,6.602,1,156.1,39.4
151.26,642,642,6.478,1,155.9,39.3
151.29,641,642,6.59,1,155.6,39.4
151.31,642,642,6.587,1,155.6,39.3
151.34,645,642,6.401,1,155.8,39.4
151.36,643,642,6.556,1,155.7,39.3
151.39,645,643,6.1,1,156.1,39.4
151.42,646,643,5.925,1,156.5,39.3
151.44,639,643,6.179,1,155.8,39.4
151.47,641,642,5.729,1,156.0,39.3
151.49,645,643,6.624,1,156.1,39.4
151.52,641,643,6.493,1,155.8,39.3
151.54,642,643,6.503,1,156.0,39.4
151.57,642,642,6.429,1,155.9,39.3
151.59,640,642,6.764,1,155.5,39.4
151.62,641,641,6.826,1,155.2,39.3
151.64,640,641,7.046,1,155.1,39.4
151.67,639,641,6.87,1,155.1,39.3
151.69,640,641,6.791,1,155.3,39.4
151.72,642,641,6.386,1,156.0,39.3
151.75,643,641,6.396,1,156.0,39.4
151.77,640,640,6.748,1,155.4,39.3
151.8,642,640,6.803,1,155.5,39.3
151.82,642,641,6.754,1,155.6,39.3
151.85,645,642,6.333,1,156.0,39.4
151.87,644,642,6.505,1,156.0,39.3
151.9,644,642,6.347,1,156.3,39.4
151.92,645,643,6.49,1,156.3,39.3
151.95,641,643,6.422,1,155.7,39.4
151.98,639,642,7.102,1,155.0,39.3
152.0,641,642,6.729,1,155.2,39.4
152.03,643,643,6.898,1,155.4,39.3
152.05,641,643,6.834,1,155.4,39.3
152.08,643,643,6.453,1,155.8,39.3
152.1,645,643,6.622,1,155.9,39.3
152.13,643,643,6.697,1,155.8,39.3
152.15,644,643,6.685,1,155.8,39.4
152.18,644,643,6.792,1,155.3,39.3
152.2,641,643,6.868,1,155.2,39.4
152.23,642,643,6.562,1,155.7,39.3
152.25,644,643,6.664,1,156.0,39.3
152.28,642,643,6.738,1,155.7,39.3
152.31,643,643,6.753,1,155.4,39.3
152.33,643,643,6.682,1,155.6,39.3
152.36,642,643,6.602,1,155.5,39.4
152.38,645,643,6.145,1,156.2,39.3
152.41,647,643,6.421,1,156.2,39.4
152.43,643,643,6.179,1,156.0,39.3
152.46,642,643,6.524,1,156.0,39.4
152.48,643,643,6.659,1,156.0,39.3
152.51,640,643,7.13,1,155.2,39.4
152.53,643,643,6.093,1,156.0,39.3
152.56,645,643,6.391,1,156.1,39.3
152.59,641,643,6.6,1,155.4,39.3
152.61,644,643,5.561,1,156.8,39.4
152.64,648,643,6.142,1,156.8,39.3
152.66,644,643,6.298,1,156.0,39.4
152.69,644,644,6.398,1,155.6,39.3
152.71,646,644,6.366,1,156.3,39.4
152.74,643,644,6.409,1,156.2,39.3
152.76,645,644,6.311,1,156.2,39.4
152.79,644,644,6.11,1,155.9,39.3
152.81,641,644,6.938,1,155.2,39.4
152.84,644,644,6.597,1,155.5,39.3
152.87,644,644,6.748,1,155.3,39.3
152.89,640,644,7.113,1,154.9,39.3
152.92,641,644,6.125,1,155.9,39.3
152.94,645,644,6.415,1,156.3,39.3
152.97,639,644,6.366,1,155.8,39.3
152.99,638,641,7.304,1,155.1,39.3
153.02,637,641,7.228,1,154.9,39.3
153.04,635,640,6.803,1,154.8,39.3
153.07,633,639,7.126,1,154.7,39.3
153.09,635,638,6.646,1,155.1,39.3
153.12,640,638,6.754,1,155.7,39.3
153.14,644,638,5.582,1,157.4,39.3
153.17,649,638,5.808,1,157.4,39.3
153.2,645,638,5.87,1,157.0,39.3
153.22,647,640,4.88,1,158.0,39.4
153.25,654,644,4.879,1,158.5,39.2
153.27,650,645,5.045,1,158.0,39.3
153.3,650,647,5.26,1,157.8,39.3
153.32,654,649,5.334,1,158.0,39.3
153.35,650,650,5.325,1,157.5,39.3
153.37,650,650,5.551,1,157.4,39.4
153.4,650,650,5.465,1,157.4,39.3
153.42,647,650,5.967,1,156.7,39.4
153.45,649,650,5.749,1,157.2,39.3
153.48,646,650,5.564,1,157.1,39.4
153.5,643,650,6.353,1,156.2,39.3
153.53,647,649,5.83,1,157.2,39.4
153.55,647,647,5.734,1,156.8,39.3
153.58,645,647,5.939,1,156.6,39.4
153.6,649,647,6.053,1,157.0,39.3
153.63,644,647,5.641,1,156.8,39.4
153.65,644,646,5.73,1,156.7,39.3
153.68,647,646,6.345,1,156.8,39.4
153.7,645,645,6.108,1,156.4,39.3
153.73,644,645,6.128,1,156.4,39.4
153.76,646,645,5.854,1,157.0,39.3
153.78,648,645,5.792,1,157.1,39.3
153.81,646,646,5.8,1,156.9,39.3
153.83,648,646,5.445,1,157.3,39.4
153.86,649,646,5.682,1,157.4,39.3
153.88,646,646,5.513,1,157.0,39.4
153.91,649,646,5.278,1,157.6,39.3
153.93,649,648,5.155,1,157.6,39.4
153.96,646,648,5.608,1,156.9,39.3
153.98,651,648,5.189,1,158.0,39.4
154.01,646,648,4.602,1,157.9,39.3
154.03,642,648,5.795,1,156.4,39.4
154.06,650,649,5.207,1,157.6,39.3
154.09,646,646,4.986,1,157.4,39.4
154.11,643,646,5.661,1,156.4,39.3
154.14,648,646,5.763,1,156.8,39.4
154.16,645,646,5.77,1,156.5,39.3
154.19,645,646,5.877,1,156.2,39.4
154.21,648,646,6.115,1,156.5,39.3
154.24,639,645,5.47,1,156.2,39.4
154.26,638,645,6.123,1,155.5,39.3
154.29,645,645,6.449,1,156.0,39.4
154.31,642,645,6.101,1,155.9,39.3
154.34,644,645,4.899,1,157.3,39.3
154.37,652,645,5.486,1,157.2,39.3
154.39,647,645,5.353,1,156.6,39.4
154.42,647,645,4.945,1,157.4,39.3
154.44,651,645,5.05,1,157.9,39.4
154.47,648,647,5.151,1,157.4,39.3
154.49,652,647,4.686,1,158.4,39.4
154.52,652,648,4.619,1,158.4,39.3
154.54,645,648,5.122,1,157.1,39.3
154.57,650,650,4.646,1,158.2,39.3
154.59,650,650,4.775,1,158.0,39.3
154.62,648,650,4.661,1,157.8,39.3
154.65,654,650,4.301,1,158.8,39.4
154.67,652,650,4.399,1,158.6,39.3
154.7,653,652,4.498,1,158.3,39.3
154.72,654,652,4.506,1,158.4,39.3
154.75,652,652,4.855,1,158.0,39.4
154.77,653,652,4.891,1,158.1,39.3
154.8,653,653,4.928,1,158.0,39.4
154.82,653,653,4.702,1,158.1,39.3
154.85,654,653,4.513,1,158.5,39.3
154.87,654,653,4.491,1,158.5,39.3
154.9,654,653,4.933,1,157.9,39.4
154.93,654,654,4.839,1,157.7,39.3
154.95,654,654,4.764,1,157.9,39.4
154.98,654,654,4.103,1,158.4,39.3
155.0,654,654,3.86,1,158.7,39.3
155.03,519,654,3.699,1,158.7,39.3
155.05,654,654,4.474,1,158.5,39.3
155.08,654,654,4.853,1,157.9,39.3
155.1,654,654,4.404,1,157.9,39.4
155.13,654,654,4.57,1,157.9,39.3
155.15,654,654,3.786,1,158.6,39.3
155.18,520,654,3.719,1,158.7,39.3
155.2,654,654,3.83,1,158.5,39.4
155.23,519,654,3.825,1,158.3,39.3
155.26,654,654,4.031,1,158.1,39.3
155.28,654,654,5.335,1,157.3,39.3
155.31,654,654,5.529,1,156.9,39.4
155.33,654,654,5.427,1,156.9,39.3
155.36,654,654,5.666,1,156.8,39.4
155.38,654,654,5.77,1,156.8,39.3
155.41,654,654,5.971,1,156.8,39.4
155.43,654,654,6.223,1,156.9,39.3
155.46,654,654,6.162,1,157.2,39.4
155.49,654,654,5.61,1,156.9,39.3
155.51,653,654,5.989,1,156.5,39.4
155.54,654,654,4.511,1,157.2,39.2
155.56,654,654,4.767,1,157.2,39.4
155.59,647,654,5.862,1,156.6,39.3
155.61,650,654,5.39,1,157.1,39.4
155.64,651,654,5.843,1,156.8,39.3
155.66,650,653,5.602,1,156.6,39.4
155.69,652,652,5.549,1,156.8,39.3
155.71,643,651,5.081,1,156.9,39.4
155.74,640,650,6.081,1,156.3,39.3
155.76,642,650,6.092,1,156.5,39.4
155.79,634,647,4.73,1,157.4,39.3
155.82,630,643,6.038,1,157.1,39.3
155.84,491,643,4.805,1,158.3,39.3
155.87,616,642,4.618,1,158.1,39.4
155.89,477,642,4.246,1,159.0,39.3
155.92,626,640,5.366,1,159.2,39.4
155.94,616,634,4.482,1,158.7,39.3
155.97,475,634,4.97,1,157.9,39.4
155.99,620,630,5.563,1,158.3,39.3
156.02,616,626,5.598,1,157.4,39.4
156.04,615,620,5.817,1,157.0,39.3
156.07,612,616,5.765,1,156.8,39.4
156.1,610,616,5.836,1,156.3,39.3
156.12,609,616,5.786,1,156.4,39.4
156.15,609,615,5.666,1,157.0,39.3
156.17,611,612,5.985,1,156.9,39.4
156.2,613,612,6.462,1,156.5,39.3
156.22,615,612,6.85,1,156.5,39.3
156.25,612,612,6.61,1,156.4,39.2
156.27,612,612,6.273,1,156.7,39.4
156.3,615,612,6.522,1,157.0,39.3
156.32,610,612,5.518,1,157.5,39.4
156.35,609,612,5.94,1,157.1,39.3
156.37,610,612,6.268,1,156.5,39.4
156.4,608,612,6.286,1,156.0,39.3
156.43,609,610,5.888,1,156.6,39.4
156.45,610,610,5.774,1,156.8,39.3
156.48,610,610,5.891,1,156.9,39.4
156.5,611,610,5.929,1,157.3,39.3
156.53,612,610,6.28,1,157.0,39.4
156.55,612,610,6.609,1,156.6,39.3
156.58,614,610,6.404,1,157.1,39.4
156.6,613,611,6.006,1,157.0,39.3
156.63,610,611,6.374,1,156.3,39.4
156.65,611,611,5.756,1,157.5,39.3
156.68,613,612,5.362,1,158.1,39.3
156.71,613,612,5.692,1,157.5,39.3
156.73,613,613,6.323,1,156.8,39.4
156.76,615,613,6.23,1,157.3,39.3
156.78,613,613,5.81,1,157.3,39.4
156.81,612,613,6.057,1,156.8,39.3
156.83,614,613,5.83,1,157.5,39.3
156.86,612,613,5.458,1,157.4,39.3
156.88,610,613,5.88,1,157.1,39.4
156.91,612,613,5.739,1,157.1,39.3
156.93,610,612,5.709,1,156.6,39.4
156.96,606,612,5.599,1,156.5,39.3
156.99,466,612,5.239,1,157.6,39.4
157.01,468,612,5.276,1,157.9,39.3
157.04,606,612,5.818,1,156.6,39.4
157.06,607,610,5.941,1,156.2,39.3
157.09,609,610,5.976,1,156.3,39.4
157.11,610,610,6.317,1,155.9,39.3
157.14,606,609,6.281,1,155.2,39.3
157.16,606,607,6.364,1,155.4,39.3
157.19,609,607,6.241,1,155.7,39.3
157.21,607,607,6.015,1,156.1,39.3
157.24,607,607,5.859,1,156.2,39.4
157.27,606,607,5.635,1,156.5,39.3
157.29,603,607,5.69,1,156.7,39.3
157.32,606,606,5.62,1,157.0,39.3
157.34,604,606,5.517,1,156.8,39.3
157.37,600,606,5.757,1,156.5,39.3
157.39,603,606,5.358,1,157.1,39.3
157.42,605,605,5.962,1,156.1,39.3
157.44,603,604,6.206,1,155.7,39.3
157.47,606,604,5.802,1,156.4,39.3
157.49,606,604,5.697,1,156.7,39.3
157.52,604,604,5.843,1,156.5,39.3
157.54,609,604,5.794,1,156.6,39.4
157.57,607,605,5.325,1,156.6,39.3
157.6,603,605,5.945,1,156.2,39.3
157.62,608,606,5.293,1,156.5,39.3
157.65,609,606,5.453,1,155.7,39.3
157.67,602,606,6.139,1,155.8,39.3
157.7,605,606,5.527,1,156.7,39.3
157.72,605,605,5.95,1,156.2,39.3
157.75,607,607,5.789,1,155.8,39.3
157.77,612,607,6.323,1,155.6,39.3
157.8,609,607,5.805,1,155.5,39.3
157.82,608,608,6.083,1,156.0,39.3
157.85,609,608,5.963,1,156.7,39.3
157.88,607,607,6.018,1,156.2,39.3
157.9,605,607,6.052,1,156.0,39.3
157.93,607,607,5.887,1,156.3,39.3
157.95,607,607,6.332,1,155.8,39.4
157.98,608,608,6.271,1,155.8,39.3
158.0,611,608,6.084,1,156.6,39.4
158.03,607,607,6.15,1,156.2,39.3
158.05,608,607,6.353,1,155.7,39.3
158.08,612,607,6.878,1,155.7,39.3
158.1,610,608,6.475,1,155.7,39.3
158.13,609,608,6.514,1,155.9,39.3
158.16,613,609,6.533,1,156.2,39.4
158.18,607,609,5.482,1,155.9,39.3
158.21,605,609,6.377,1,155.6,39.3
158.23,609,609,5.97,1,156.6,39.3
158.26,609,609,6.061,1,156.5,39.3
158.28,611,609,6.083,1,156.3,39.3
158.31,613,609,6.793,1,156.0,39.4
158.33,610,609,6.833,1,155.9,39.3
158.36,611,610,6.388,1,156.6,39.3
158.38,612,610,6.467,1,156.7,39.3
158.41,612,611,6.399,1,156.7,39.4
158.44,612,611,6.517,1,156.7,39.3
158.46,611,611,6.551,1,156.6,39.4
158.49,613,612,6.805,1,156.3,39.3
158.51,612,612,6.926,1,156.4,39.3
158.54,612,612,6.687,1,157.1,39.3
158.56,615,612,6.557,1,157.7,39.4
158.59,613,612,6.708,1,157.1,39.3
158.61,613,612,6.806,1,157.1,39.3
158.64,614,613,6.558,1,157.7,39.3
158.66,616,613,6.214,1,158.0,39.3
158.69,618,613,6.601,1,158.3,39.3
158.71,617,614,6.651,1,157.5,39.4
158.74,616,615,7.222,1,156.6,39.3
158.77,617,616,7.297,1,156.8,39.4
158.79,619,616,7.143,1,157.1,39.3
158.82,620,617,7.334,1,156.8,39.3
158.84,620,617,7.139,1,156.6,39.3
158.87,619,618,6.87,1,157.1,39.3
158.89,619,619,6.659,1,157.6,39.3
158.92,618,619,6.398,1,157.7,39.3
158.94,618,619,6.074,1,158.6,39.3
158.97,616,619,4.805,1,159.0,39.3
159.0,611,619,6.193,1,157.7,39.3
159.02,615,618,6.187,1,157.6,39.3
159.05,614,618,6.61,1,156.8,39.3
159.07,613,616,6.542,1,156.8,39.3
159.1,618,616,6.091,1,157.9,39.3
159.12,619,616,6.31,1,158.2,39.3
159.15,619,616,6.16,1,158.3,39.3
159.17,622,616,6.11,1,158.6,39.4
159.2,624,618,6.74,1,158.1,39.3
159.22,620,619,5.992,1,157.4,39.3
159.25,616,619,6.71,1,157.4,39.3
159.27,616,619,6.184,1,158.0,39.3
159.3,615,619,6.024,1,157.9,39.3
159.33,619,619,5.121,1,159.0,39.3
159.35,622,619,6.19,1,158.6,39.3
159.38,622,620,6.369,1,157.9,39.3
159.4,628,620,5.875,1,158.7,39.3
159.43,628,620,6.198,1,158.2,39.3
159.45,624,622,6.883,1,157.4,39.3
159.48,625,622,6.537,1,158.4,39.3
159.5,622,622,5.619,1,158.3,39.3
159.53,618,622,6.918,1,157.1,39.4
159.55,619,622,6.693,1,157.3,39.3
159.58,618,622,6.155,1,157.7,39.3
159.61,614,622,5.875,1,158.2,39.3
159.63,617,619,5.035,1,159.1,39.4
159.66,619,619,5.905,1,158.5,39.3
159.68,616,618,6.069,1,157.8,39.4
159.71,621,618,5.282,1,158.7,39.3
159.73,622,618,6.162,1,157.8,39.3
159.76,618,618,6.99,1,156.6,39.3
159.78,619,618,6.969,1,157.0,39.4
159.81,618,618,6.677,1,157.1,39.3
159.83,618,618,6.997,1,156.6,39.4
159.86,619,619,7.201,1,156.3,39.3
159.88,615,618,7.018,1,156.0,39.3
159.91,615,618,6.649,1,156.3,39.3
159.94,617,618,6.863,1,156.8,39.4
159.96,613,618,6.759,1,156.2,39.3
159.99,614,617,6.472,1,156.6,39.4
160.01,618,617,6.629,1,157.3,39.3
160.04,615,615,6.222,1,156.8,39.3
160.06,615,615,6.384,1,156.5,39.3
160.09,620,615,6.702,1,157.4,39.4
160.11,617,615,5.636,1,157.2,39.3
160.14,613,615,6.787,1,156.7,39.4
160.16,617,615,6.25,1,157.5,39.3
160.19,616,616,5.947,1,157.0,39.4
160.22,613,616,7.055,1,156.2,39.3
160.24,617,616,6.608,1,156.8,39.4
160.27,616,616,6.118,1,156.7,39.3
160.29,613,616,6.848,1,156.0,39.4
160.32,617,616,5.956,1,157.2,39.3
160.34,617,616,6.105,1,156.8,39.4
160.37,615,616,6.738,1,156.0,39.3
160.39,619,616,6.823,1,157.0,39.4
160.42,617,617,5.939,1,157.0,39.3
160.44,615,617,6.539,1,156.9,39.4
160.47,617,617,6.378,1,157.5,39.3
160.5,614,617,6.154,1,157.2,39.4
160.52,614,617,6.255,1,157.3,39.3
160.55,615,615,6.376,1,157.6,39.4
160.57,612,615,6.235,1,157.2,39.3
160.6,610,615,6.396,1,156.5,39.4
160.62,611,614,6.319,1,156.6,39.3
160.65,608,614,5.665,1,156.8,39.3
160.67,604,612,5.398,1,157.4,39.3
160.7,468,612,5.009,1,158.5,39.4
160.72,468,612,5.074,1,158.9,39.3
160.75,466,612,5.121,1,158.8,39.4
160.78,468,612,5.135,1,158.4,39.3
160.8,467,612,5.143,1,157.9,39.4
160.83,468,612,4.718,1,159.0,39.3
160.85,472,612,4.993,1,159.6,39.4
160.88,469,612,4.86,1,159.0,39.3
160.9,469,612,4.98,1,158.7,39.4
160.93,615,612,5.659,1,158.1,39.3
160.95,614,612,5.743,1,157.8,39.3
160.98,616,612,5.974,1,157.9,39.3
161.0,614,612,6.025,1,157.3,39.4
161.03,612,612,6.622,1,156.7,39.3
161.05,613,613,6.018,1,157.6,39.3
161.08,614,614,5.992,1,158.2,39.3
161.11,613,614,6.297,1,157.7,39.4
161.13,615,614,6.234,1,157.6,39.3
161.16,616,614,6.791,1,157.0,39.4
161.18,615,614,6.751,1,156.8,39.3
161.21,617,614,6.531,1,157.2,39.4
161.23,617,615,6.711,1,157.2,39.3
161.26,617,615,6.693,1,157.0,39.3
161.28,618,616,6.491,1,157.6,39.3
161.31,617,617,6.281,1,157.8,39.4
161.33,613,617,5.921,1,157.2,39.3
161.36,612,617,6.51,1,156.6,39.4
161.39,618,617,6.441,1,157.1,39.3
161.41,617,617,6.729,1,157.0,39.3
161.44,616,617,6.695,1,156.7,39.3
161.46,619,617,6.785,1,157.5,39.4
161.49,616,617,5.976,1,157.5,39.3
161.51,617,617,5.937,1,157.8,39.4
161.54,618,617,5.977,1,158.2,39.3
161.56,617,617,5.84,1,158.1,39.4
161.59,615,617,6.017,1,158.1,39.3
161.61,614,617,6.153,1,157.9,39.4
161.64,618,617,6.008,1,157.9,39.3
161.67,618,617,6.379,1,157.5,39.4
161.69,618,617,5.793,1,158.2,39.3
161.72,622,618,5.865,1,158.8,39.4
161.74,621,618,6.072,1,157.7,39.3
161.77,621,618,5.875,1,158.1,39.4
161.79,623,618,5.867,1,159.1,39.3
161.82,620,620,6.003,1,158.4,39.4
161.84,621,621,6.281,1,158.3,39.3
161.87,618,621,4.782,1,159.4,39.3
161.89,613,621,5.595,1,158.7,39.3
161.92,619,621,5.387,1,159.4,39.4
161.95,619,620,5.985,1,158.7,39.3
161.97,621,620,5.771,1,158.6,39.4
162.0,622,620,6.157,1,158.2,39.3
162.02,622,620,6.121,1,158.0,39.3
162.05,627,621,5.739,1,159.1,39.3
162.07,623,621,4.849,1,159.4,39.4
162.1,620,621,5.515,1,158.8,39.3
162.12,624,622,5.344,1,159.7,39.4
162.15,623,622,5.326,1,159.2,39.3
162.17,623,623,5.346,1,158.9,39.4
162.2,627,623,6.105,1,159.2,39.3
162.22,626,623,6.275,1,158.7,39.4
162.25,626,624,6.055,1,159.0,39.3
162.28,630,624,5.921,1,159.8,39.4
162.3,629,626,5.749,1,159.3,39.3
162.33,628,626,5.596,1,158.9,39.4
162.35,635,627,6.295,1,159.5,39.3
162.38,627,627,4.855,1,159.3,39.3
162.4,625,627,6.741,1,157.7,39.3
162.43,629,628,6.083,1,159.0,39.4
162.45,631,629,6.303,1,159.4,39.3
162.48,633,629,6.925,1,159.0,39.4
162.5,631,629,7.044,1,158.4,39.3
162.53,632,631,6.934,1,158.8,39.4
162.56,631,631,6.518,1,159.1,39.3
162.58,630,631,6.035,1,159.4,39.4
162.61,631,631,5.792,1,159.6,39.3
162.63,481,631,5.094,1,159.4,39.4
162.66,480,631,5.043,1,159.6,39.3
162.68,630,631,6.037,1,159.7,39.4
162.71,629,631,6.443,1,158.9,39.3
162.73,632,631,5.752,1,159.8,39.4
162.76,633,631,5.696,1,160.0,39.3
162.78,629,631,6.159,1,159.1,39.4
162.81,632,631,5.659,1,159.7,39.3
162.84,633,631,5.964,1,159.8,39.4
162.86,631,631,6.114,1,159.4,39.3
162.89,630,631,6.228,1,159.4,39.3
162.91,628,631,5.602,1,160.0,39.3
162.94,485,631,5.551,1,160.2,39.3
162.96,485,631,5.447,1,160.2,39.3
162.99,484,631,5.538,1,159.7,39.4
163.01,485,631,5.529,1,159.5,39.3
163.04,482,631,5.272,1,158.9,39.4
163.06,482,631,5.464,1,159.4,39.3
163.09,484,631,5.272,1,160.5,39.3
163.12,484,631,5.506,1,160.3,39.3
163.14,485,631,5.105,1,160.7,39.4
163.17,489,631,5.495,1,160.4,39.3
163.19,486,631,5.163,1,159.7,39.4
163.22,485,631,5.434,1,159.7,39.3
163.24,488,631,5.32,1,160.5,39.4
163.27,489,631,5.445,1,159.9,39.3
163.29,487,631,5.594,1,159.6,39.4
163.32,488,488,5.537,1,160.0,39.3
163.34,629,488,5.293,1,159.4,39.4
163.37,628,488,5.462,1,159.0,39.3
163.39,486,487,5.478,1,159.6,39.3
163.42,482,486,5.083,1,159.2,39.3
163.45,481,484,5.522,1,158.2,39.4
163.47,483,483,5.383,1,158.9,39.3
163.5,483,483,5.315,1,159.0,39.4
163.52,623,483,5.906,1,157.9,39.3
163.55,622,483,6.17,1,157.2,39.4
163.57,622,483,5.861,1,157.7,39.3
163.6,624,483,5.687,1,158.4,39.4
163.62,621,483,5.582,1,157.8,39.3
163.65,622,483,5.216,1,158.3,39.4
163.67,622,483,4.926,1,158.3,39.3
163.7,618,483,5.944,1,157.2,39.3
163.73,624,483,5.299,1,158.4,39.3
163.75,624,483,5.603,1,158.2,39.3
163.78,622,483,6.152,1,157.8,39.3
163.8,627,483,5.058,1,159.1,39.3
163.83,633,483,6.322,1,158.7,39.3
163.85,629,483,6.236,1,157.8,39.3
163.88,629,483,5.823,1,158.3,39.3
163.9,634,634,6.019,1,159.0,39.3
163.93,628,631,5.166,1,158.7,39.3
163.95,626,628,5.881,1,158.2,39.3
163.98,629,628,5.35,1,159.7,39.3
164.01,484,628,4.754,1,160.1,39.3
164.03,481,628,5.373,1,159.0,39.2
164.06,627,628,5.542,1,159.2,39.3
164.08,623,628,5.269,1,158.4,39.3
164.11,481,628,4.743,1,160.0,39.4
164.13,489,628,5.153,1,161.5,39.4
164.16,482,628,4.848,1,160.9,39.4
164.18,481,628,5.108,1,159.9,39.3
164.21,487,628,5.423,1,160.9,39.3
164.23,483,628,5.127,1,161.2,39.3
164.26,483,628,5.175,1,161.3,39.3
164.29,488,628,5.253,1,162.5,39.3
164.31,485,628,5.161,1,162.9,39.3
164.34,486,628,5.078,1,163.2,39.3
164.36,491,628,5.638,1,162.6,39.3
164.39,488,628,5.019,1,162.6,39.3
164.41,487,628,5.059,1,162.7,39.3
164.44,493,628,5.489,1,162.1,39.3
164.46,485,628,4.579,1,161.5,39.3
164.49,483,483,5.345,1,161.5,39.3
164.51,490,486,5.057,1,162.5,39.3
164.54,485,485,4.639,1,161.3,39.3
164.56,484,484,4.915,1,161.3,39.3
164.59,493,485,4.199,1,163.7,39.3
164.62,488,486,4.101,1,163.8,39.3
164.64,484,485,5.484,1,161.6,39.2
164.67,490,486,4.35,1,163.3,39.3
164.69,485,485,4.139,1,163.6,39.3
164.72,483,485,5.326,1,162.2,39.3
164.74,492,485,4.443,1,163.4,39.3
164.77,490,488,4.98,1,162.3,39.3
164.79,490,490,5.05,1,162.5,39.3
164.82,494,490,5.455,1,162.7,39.4
164.84,490,490,5.47,1,161.7,39.3
164.87,491,490,5.285,1,161.8,39.3
164.9,490,490,5.144,1,162.4,39.3
164.92,489,490,5.333,1,162.3,39.3
164.95,490,490,5.334,1,162.3,39.3
164.97,479,490,3.958,1,162.1,39.4
165.0,476,490,5.218,1,159.9,39.3
165.02,481,490,4.795,1,161.5,39.4
165.05,434,490,4.829,1,161.2,39.3
165.07,478,489,5.178,1,159.6,39.3
165.1,481,481,5.063,1,159.7,39.3
165.12,483,481,4.613,1,160.0,39.4
165.15,490,481,3.777,1,161.6,39.3
165.17,631,481,3.938,1,160.1,39.4
165.2,623,481,5.457,1,158.1,39.3
165.23,627,481,5.334,1,159.0,39.4
165.25,623,481,4.78,1,159.6,39.3
165.28,615,481,5.943,1,157.9,39.4
165.3,616,481,5.984,1,158.1,39.3
165.33,610,481,4.775,1,158.9,39.4
165.35,475,481,5.946,1,158.2,39.3
165.38,473,479,5.785,1,158.8,39.4
165.4,470,478,5.71,1,158.6,39.3
165.43,469,478,5.533,1,159.1,39.4
165.46,423,478,5.706,1,159.5,39.3
165.48,429,478,4.706,1,160.6,39.4
165.51,429,478,4.626,1,160.3,39.3
165.53,423,478,6.022,1,159.0,39.3
165.56,428,478,4.656,1,160.5,39.3
165.58,437,478,5.562,1,159.7,39.4
165.61,599,478,5.507,1,158.8,39.3
165.63,599,478,5.97,1,157.6,39.4
165.66,605,478,6.005,1,157.7,39.3
165.68,611,478,6.111,1,159.0,39.3
165.71,613,478,5.782,1,160.2,39.3
165.73,493,478,5.681,1,160.7,39.3
165.76,493,481,5.889,1,160.3,39.3
165.79,494,483,5.253,1,160.8,39.3
165.81,501,490,5.677,1,160.0,39.3
165.84,624,490,5.442,1,159.8,39.3
165.86,619,490,5.738,1,159.5,39.3
165.89,623,490,5.692,1,160.0,39.3
165.91,623,490,5.657,1,159.8,39.3
165.94,496,493,5.858,1,159.4,39.4
165.96,622,493,5.901,1,159.4,39.3
165.99,621,493,5.99,1,158.9,39.4
166.01,618,493,6.203,1,158.3,39.3
166.04,614,493,6.689,1,156.5,39.4
166.07,613,493,6.995,1,155.3,39.3
166.09,608,493,6.055,1,157.4,39.4
166.12,602,493,6.069,1,157.8,39.3
166.14,602,493,6.207,1,157.4,39.3
166.17,600,493,6.348,1,156.7,39.3
166.19,599,493,6.16,1,157.1,39.4
166.22,601,493,6.226,1,157.6,39.3
166.24,600,493,6.295,1,156.7,39.4
166.27,604,493,6.035,1,156.4,39.3
166.29,608,493,6.641,1,155.7,39.4
166.32,606,493,6.671,1,155.2,39.3
166.35,607,607,6.708,1,155.3,39.3
166.37,610,608,6.65,1,155.5,39.3
166.4,613,610,6.663,1,155.6,39.4
166.42,617,612,7.198,1,154.6,39.3
166.45,618,613,7.489,1,154.1,39.3
166.47,619,615,7.763,1,153.7,39.2
166.5,617,617,7.913,1,153.2,39.4
166.52,620,617,7.783,1,153.4,39.3
166.55,617,617,7.089,1,153.4,39.4
166.57,612,617,7.447,1,153.8,39.3
166.6,610,617,6.405,1,156.7,39.4
166.63,603,617,5.731,1,158.0,39.3
166.65,597,617,5.665,1,157.3,39.3
166.68,477,617,3.2,1,159.3,39.3
166.7,620,617,4.819,1,158.5,39.4
166.73,471,617,4.568,1,158.4,39.3
166.75,475,617,2.629,0,161.7,39.4
166.78,384,617,3.873,1,159.7,39.3
166.8,481,617,5.179,1,156.2,39.4
166.83,491,617,3.247,1,160.4,39.3
166.85,629,617,3.681,1,159.1,39.4
166.88,624,617,4.981,1,157.6,39.3
166.9,637,617,4.989,1,158.6,39.4
166.93,630,620,4.533,1,159.3,39.3
166.96,521,620,2.261,0,160.8,39.4
166.98,426,620,2.967,0,158.2,39.3
167.01,624,624,4.004,1,157.0,39.4
167.03,427,624,2.074,0,160.5,39.3
167.06,489,624,2.058,0,165.6,39.4
167.08,468,624,4.37,1,159.8,39.3
167.11,419,624,2.274,0,164.1,39.4
167.13,416,624,1.998,0,163.5,39.3
167.16,475,624,4.873,1,157.6,39.4
167.18,651,624,2.927,0,163.1,39.3
167.21,410,624,2.258,0,163.9,39.4
167.24,470,624,5.079,1,158.0,39.3
167.26,643,624,3.241,1,162.0,39.4
167.29,637,624,2.309,0,160.5,39.3
167.31,471,624,5.385,1,156.2,39.4
167.34,454,624,3.511,1,157.4,39.3
167.36,567,624,4.607,1,153.2,39.4
167.39,556,624,4.851,1,153.8,39.3
167.41,645,629,7.414,1,160.0,39.4
167.44,642,630,10.518,1,159.7,39.3
167.46,640,637,9.718,1,162.2,39.3
167.49,638,638,9.354,1,165.1,39.3
167.52,630,638,8.534,1,169.2,39.3
167.54,629,638,8.883,1,170.2,39.3
167.57,635,638,8.892,1,171.4,39.4
167.59,621,638,8.175,1,176.7,39.3
167.62,611,635,7.061,1,177.6,39.4
167.64,606,630,9.843,1,176.0,39.3
167.67,613,629,6.839,1,178.6,39.4
167.69,622,622,10.048,1,177.3,39.3
167.72,621,621,9.976,1,177.2,39.4
167.74,622,621,10.227,1,176.3,39.3
167.77,626,621,7.711,1,176.4,39.4
167.8,634,621,10.032,1,173.0,39.3
167.82,633,622,10.131,1,173.2,39.4
167.85,638,622,7.469,1,174.0,39.3
167.87,650,626,8.882,1,170.1,39.4
167.9,650,633,9.667,1,169.4,39.3
167.92,652,634,8.689,1,169.2,39.4
167.95,554,634,6.555,1,166.5,39.3
167.97,557,634,7.478,1,164.3,39.4
168.0,654,638,8.288,1,166.1,39.3
168.02,654,650,7.229,1,165.8,39.4
168.05,535,650,7.739,1,164.5,39.3
168.07,534,650,8.035,1,164.0,39.4
168.1,536,650,8.08,1,163.3,39.3
168.13,555,650,6.677,1,163.5,39.4
168.15,545,650,7.732,1,161.8,39.3
168.18,546,650,7.249,1,160.9,39.4
168.2,552,650,8.362,1,158.9,39.3
168.23,550,650,8.634,1,158.2,39.4
168.25,546,650,6.706,1,159.7,39.3
168.28,542,650,8.824,1,159.5,39.4
168.3,541,650,8.905,1,158.9,39.3
168.33,543,650,8.401,1,158.3,39.4
168.35,545,650,9.034,1,157.8,39.3
168.38,546,650,9.042,1,157.1,39.3
168.41,545,650,9.339,1,156.1,39.3
168.43,543,543,8.802,1,155.8,39.3
168.46,538,540,9.39,1,155.5,39.2
168.48,541,541,7.981,1,155.1,39.3
168.51,541,541,6.421,1,155.4,39.3
168.53,533,541,9.599,1,155.0,39.4
168.56,535,540,9.946,1,154.5,39.3
168.58,536,538,9.247,1,153.9,39.4
168.61,535,537,9.518,1,153.8,39.3
168.63,537,537,9.362,1,153.6,39.4
168.66,534,536,8.904,1,154.0,39.3
168.69,535,535,9.045,1,153.8,39.4
168.71,536,535,9.642,1,153.3,39.3
168.74,537,535,8.821,1,152.8,39.4
168.76,538,536,9.419,1,152.3,39.3
168.79,539,536,9.141,1,152.5,39.4
168.81,539,537,9.162,1,152.5,39.3
168.84,542,537,8.815,1,152.1,39.4
168.86,543,538,8.813,1,151.9,39.3
168.89,548,539,8.464,1,151.7,39.3
168.91,549,539,8.975,1,151.5,39.3
168.94,548,542,8.901,1,151.4,39.4
168.97,547,543,8.812,1,151.4,39.3
168.99,551,547,8.159,1,151.4,39.4
169.02,550,548,8.547,1,151.2,39.3
169.04,550,548,8.234,1,151.2,39.3
169.07,552,549,8.594,1,151.3,39.3
169.09,551,550,8.789,1,151.2,39.4
169.12,549,550,8.509,1,151.4,39.3
169.14,547,550,8.612,1,151.5,39.4
169.17,544,550,8.758,1,151.9,39.3
169.19,545,550,8.615,1,152.0,39.3
169.22,541,549,8.757,1,152.0,39.3
169.24,540,547,8.692,1,152.3,39.3
169.27,538,545,8.972,1,152.6,39.3
169.3,535,544,8.235,1,153.4,39.3
169.32,654,544,10.626,1,154.6,39.3
169.35,653,544,10.674,1,154.8,39.3
169.37,654,544,10.821,1,154.5,39.3
169.4,653,544,10.778,1,154.7,39.4
169.42,654,544,9.564,1,154.2,39.3
169.45,654,544,10.147,1,154.2,39.3
169.47,654,544,10.951,1,154.3,39.3
169.5,653,544,10.696,1,154.6,39.3
169.52,654,544,10.053,1,154.2,39.3
169.55,654,544,10.74,1,154.2,39.3
169.58,654,544,10.743,1,154.2,39.3
169.6,535,541,8.525,1,153.7,39.4
169.63,535,540,8.812,1,153.2,39.3
169.65,536,538,8.53,1,153.0,39.3
169.68,538,538,8.729,1,152.7,39.3
169.7,537,537,8.727,1,152.8,39.3
169.73,540,537,8.639,1,152.2,39.3
169.75,537,537,8.7,1,152.8,39.3
169.78,536,536,8.734,1,153.0,39.3
169.8,536,536,8.71,1,153.0,39.3
169.83,534,536,8.166,1,153.5,39.3
169.86,654,536,9.491,1,153.9,39.4
169.88,534,536,8.998,1,153.7,39.3
169.91,535,536,7.823,1,153.6,39.3
169.93,538,536,8.573,1,152.9,39.3
169.96,537,536,8.755,1,153.0,39.3
169.98,540,536,9.218,1,152.5,39.3
170.01,541,536,8.638,1,152.5,39.3
170.03,542,537,8.646,1,152.2,39.3
170.06,540,538,8.938,1,152.1,39.3
170.08,543,540,8.855,1,151.9,39.3
170.11,543,540,8.885,1,151.9,39.3
170.13,542,541,8.881,1,151.9,39.3
170.16,544,542,8.294,1,152.1,39.4
170.19,546,542,8.898,1,151.6,39.3
170.21,544,543,8.856,1,151.7,39.4
170.24,543,543,9.095,1,151.8,39.3
170.26,543,543,8.581,1,151.9,39.3
170.29,540,543,8.826,1,152.0,39.3
170.31,543,543,8.229,1,151.7,39.4
170.34,545,543,8.715,1,151.4,39.3
170.36,547,544,8.584,1,151.4,39.3
170.39,544,544,8.835,1,151.6,39.3
170.41,545,544,8.828,1,151.8,39.4
170.44,542,543,9.275,1,152.1,39.3
170.47,542,543,9.229,1,152.1,39.4
170.49,542,543,9.219,1,152.2,39.3
170.52,543,543,9.182,1,152.1,39.4
170.54,545,544,9.194,1,151.9,39.3
170.57,545,544,9.114,1,151.9,39.3
170.59,549,544,8.725,1,151.9,39.3
170.62,550,545,9.186,1,151.9,39.4
170.64,548,545,9.241,1,152.0,39.3
170.67,551,545,7.818,1,152.4,39.4
170.69,557,548,8.837,1,151.8,39.3
170.72,560,549,9.184,1,151.4,39.3
170.75,562,550,8.699,1,151.5,39.3
170.77,563,551,8.719,1,151.5,39.4
170.8,562,557,8.789,1,151.4,39.3
170.82,562,560,8.776,1,151.4,39.4
170.85,562,562,8.661,1,151.4,39.3
170.87,559,562,8.397,1,151.5,39.3
170.9,558,562,8.865,1,151.4,39.3
170.92,558,562,8.907,1,151.4,39.4
170.95,558,562,8.87,1,151.4,39.3
170.97,558,559,8.85,1,151.4,39.4
171.0,558,558,8.785,1,151.3,39.2
171.03,555,558,8.194,1,151.8,39.4
171.05,549,558,8.778,1,152.1,39.2
171.08,552,558,8.404,1,152.2,39.4
171.1,551,558,8.96,1,151.9,39.3
171.13,553,555,9.142,1,151.8,39.4
171.15,552,553,9.095,1,151.8,39.3
171.18,549,552,9.158,1,151.9,39.4
171.2,547,552,9.43,1,152.0,39.3
171.23,547,551,9.116,1,152.2,39.4
171.25,547,549,9.171,1,152.1,39.3
171.28,546,549,9.42,1,152.0,39.4
171.31,546,547,9.05,1,152.1,39.3
171.33,549,547,9.214,1,151.9,39.4
171.36,547,547,9.306,1,151.9,39.3
171.38,548,547,9.044,1,152.1,39.4
171.41,550,547,9.309,1,151.7,39.3
171.43,551,547,9.161,1,151.7,39.4
171.46,553,548,8.69,1,151.8,39.3
171.48,555,549,9.111,1,151.5,39.4
171.51,555,550,9.006,1,151.6,39.3
171.53,557,551,9.067,1,151.5,39.4
171.56,557,553,9.161,1,151.5,39.3
171.58,556,555,9.13,1,151.4,39.3
171.61,557,555,9.13,1,151.6,39.3
171.64,557,556,9.034,1,151.7,39.3
171.66,555,556,9.353,1,151.5,39.3
171.69,558,557,8.629,1,151.6,39.3
171.71,560,557,8.95,1,151.5,39.3
171.74,561,557,9.035,1,151.5,39.4
171.76,561,557,8.667,1,151.6,39.3
171.79,564,558,9.119,1,151.6,39.3
171.81,564,560,8.987,1,151.6,39.3
171.84,562,561,9.036,1,151.5,39.4
171.86,562,561,9.141,1,151.5,39.3
171.89,563,562,9.123,1,151.6,39.3
171.92,561,562,8.616,1,151.5,39.3
171.94,556,562,8.708,1,151.5,39.4
171.97,553,562,9.302,1,151.6,39.2
171.99,556,562,9.042,1,151.6,39.4
172.02,555,561,9.382,1,151.5,39.3
172.04,556,556,9.127,1,151.5,39.4
172.07,557,556,9.319,1,151.5,39.3
172.09,558,556,9.044,1,151.5,39.4
172.12,557,556,9.252,1,151.3,39.3
172.14,559,556,9.09,1,151.4,39.3
172.17,560,557,9.074,1,151.5,39.3
172.19,563,557,9.31,1,151.4,39.4
172.22,562,558,9.281,1,151.3,39.3
172.25,562,559,9.282,1,151.4,39.4
172.27,564,560,9.109,1,151.6,39.3
172.3,563,562,9.159,1,151.4,39.4
172.32,562,562,9.167,1,151.4,39.3
172.35,563,562,9.054,1,151.6,39.4
172.37,564,563,8.793,1,151.5,39.3
172.4,561,563,8.989,1,151.4,39.3
172.42,558,562,9.195,1,151.4,39.3
172.45,559,562,8.877,1,151.5,39.4
172.48,562,562,9.187,1,151.2,39.3
172.5,561,562,9.15,1,151.2,39.4
172.53,561,561,9.223,1,151.2,39.3
172.55,562,561,9.238,1,151.3,39.3
172.58,565,561,9.183,1,151.4,39.2
172.6,565,561,9.29,1,151.4,39.4
172.63,566,562,9.293,1,151.5,39.3
172.65,565,562,9.319,1,151.5,39.4
172.68,565,565,9.218,1,151.5,39.3
172.7,565,565,9.237,1,151.4,39.4
172.73,565,565,9.383,1,151.5,39.3
172.75,566,565,9.298,1,151.6,39.4
172.78,567,565,9.236,1,151.8,39.3
172.81,568,565,9.289,1,151.8,39.4
172.83,569,566,9.237,1,152.0,39.3
172.86,570,566,9.238,1,152.0,39.4
172.88,570,567,9.313,1,152.0,39.3
172.91,568,568,8.84,1,151.9,39.4
172.93,568,568,9.029,1,151.9,39.3
172.96,567,568,8.701,1,151.7,39.4
172.98,566,568,9.266,1,151.5,39.3
173.01,566,568,9.227,1,151.5,39.4
173.03,567,568,9.154,1,151.8,39.3
173.06,567,567,9.211,1,151.7,39.4
173.09,567,567,9.234,1,151.8,39.3
173.11,568,567,9.138,1,151.8,39.4
173.14,564,567,8.786,1,151.6,39.3
173.16,562,567,9.113,1,151.5,39.3
173.19,563,566,9.139,1,151.6,39.3
173.21,565,566,8.819,1,151.7,39.4
173.24,567,567,9.255,1,151.5,39.3
173.26,568,567,9.059,1,151.7,39.4
173.29,572,567,8.672,1,152.3,39.3
173.31,574,567,9.256,1,152.2,39.4
173.34,573,567,9.347,1,152.0,39.3
173.37,572,568,9.246,1,151.9,39.3
173.39,571,571,9.329,1,151.8,39.3
173.42,570,571,9.245,1,151.8,39.4
173.44,570,571,9.003,1,151.7,39.3
173.47,567,571,9.462,1,151.4,39.4
173.49,569,571,9.041,1,151.7,39.3
173.52,570,570,9.273,1,151.8,39.4
173.54,570,570,9.398,1,151.7,39.3
173.57,572,570,9.286,1,152.0,39.4
173.59,574,570,9.13,1,152.3,39.3
173.62,575,570,9.306,1,152.3,39.3
173.65,574,570,9.189,1,152.1,39.3
173.67,572,572,9.387,1,151.9,39.4
173.7,571,572,9.081,1,151.8,39.3
173.72,570,572,9.429,1,151.6,39.4
173.75,571,572,9.167,1,151.8,39.3
173.77,574,572,8.809,1,152.2,39.4
173.8,575,574,9.234,1,152.1,39.3
173.82,574,574,9.264,1,152.0,39.4
173.85,573,573,9.231,1,151.8,39.3
173.87,573,573,9.063,1,151.9,39.4
173.9,572,573,9.329,1,151.6,39.3
173.92,570,573,8.838,1,151.6,39.4
173.95,569,573,9.163,1,151.3,39.3
173.98,567,573,8.839,1,151.1,39.4
174.0,567,572,8.985,1,151.0,39.3
174.03,565,570,9.011,1,150.9,39.4
174.05,565,569,9.101,1,151.0,39.2
174.08,566,567,9.259,1,150.9,39.4
174.1,567,567,9.133,1,151.1,39.3
174.13,570,567,8.466,1,151.6,39.4
174.15,573,567,9.095,1,151.7,39.3
174.18,573,567,9.165,1,151.8,39.4
174.2,572,567,9.205,1,151.7,39.3
174.23,574,570,9.161,1,152.0,39.4
174.26,575,572,9.221,1,152.1,39.3
174.28,575,573,9.185,1,152.0,39.4
174.31,575,573,9.141,1,152.1,39.3
174.33,577,574,9.094,1,152.4,39.4
174.36,578,575,9.165,1,152.5,39.3
174.38,576,575,8.963,1,152.2,39.4
174.41,576,575,9.02,1,152.2,39.3
174.43,577,576,8.978,1,152.4,39.4
174.46,577,576,8.985,1,152.3,39.3
174.48,576,576,9.111,1,152.1,39.4
174.51,576,576,9.208,1,152.1,39.3
174.53,574,576,9.063,1,151.9,39.4
174.56,572,576,9.288,1,151.6,39.3
174.59,574,576,9.044,1,151.9,39.4
174.61,574,576,9.053,1,151.9,39.3
174.64,572,574,9.211,1,151.6,39.3
174.66,571,574,9.221,1,151.4,39.3
174.69,572,574,9.325,1,151.6,39.3
174.71,572,572,9.133,1,151.7,39.3
174.74,573,572,9.261,1,151.7,39.3
174.76,572,572,9.097,1,151.8,39.3
174.79,573,572,9.077,1,152.0,39.4
174.81,575,572,9.132,1,152.2,39.3
174.84,577,572,9.069,1,152.4,39.4
174.87,577,573,9.158,1,152.4,39.2
174.89,578,573,9.009,1,152.7,39.3
174.92,579,575,9.202,1,152.7,39.3
174.94,579,577,9.135,1,152.7,39.4
174.97,578,577,9.042,1,152.5,39.3
174.99,580,578,9.035,1,152.8,39.4
175.02,580,578,9.062,1,152.8,39.3
175.04,579,579,9.014,1,152.7,39.4
175.07,579,579,9.209,1,152.5,39.3
175.09,577,579,9.105,1,152.3,39.4
175.12,577,579,9.169,1,152.3,39.3
175.15,574,579,8.897,1,152.0,39.4
175.17,574,578,8.993,1,152.0,39.3
175.2,573,577,8.786,1,152.0,39.4
175.22,573,577,8.525,1,152.2,39.3
175.25,575,575,9.006,1,152.1,39.3
175.27,576,575,8.963,1,152.3,39.3
175.3,577,575,8.849,1,152.5,39.4
175.32,579,575,8.875,1,152.7,39.3
175.35,581,575,8.701,1,153.0,39.4
175.37,583,576,8.761,1,153.2,39.3
175.4,584,577,8.682,1,153.2,39.4
175.43,585,579,8.581,1,153.5,39.3
175.45,587,581,8.797,1,153.4,39.4
175.48,585,583,8.927,1,153.0,39.3
175.5,586,584,8.794,1,153.2,39.4
175.53,585,585,8.93,1,153.0,39.3
175.55,583,585,8.822,1,153.0,39.4
175.58,582,585,9.124,1,152.7,39.3
175.6,582,585,9.053,1,152.7,39.3
175.63,580,585,8.925,1,152.5,39.2
175.65,577,583,9.071,1,152.2,39.4
175.68,578,582,8.921,1,152.3,39.3
175.7,579,582,9.163,1,152.3,39.4
175.73,580,580,9.109,1,152.4,39.3
175.76,581,580,9.161,1,152.5,39.4
175.78,583,580,8.922,1,152.9,39.3
175.81,583,580,8.841,1,152.9,39.4
175.83,580,580,8.686,1,152.9,39.3
175.86,580,580,8.664,1,153.0,39.4
175.88,578,580,8.747,1,152.9,39.3
175.91,579,580,8.62,1,153.1,39.3
175.93,582,580,8.517,1,153.4,39.3
175.96,582,581,8.586,1,153.3,39.4
175.99,580,580,8.327,1,153.1,39.3
176.01,578,580,8.591,1,152.9,39.4
176.04,579,580,8.696,1,153.0,39.3
176.06,578,579,8.536,1,152.9,39.3
176.09,578,579,8.807,1,152.8,39.3
176.11,578,579,8.759,1,152.8,39.4
176.14,579,579,8.659,1,152.9,39.3
176.16,578,578,8.788,1,152.6,39.4
176.19,579,578,8.721,1,152.7,39.3
176.21,578,578,8.613,1,152.9,39.3
176.24,579,578,8.614,1,153.0,39.2
176.26,579,578,8.518,1,153.0,39.4
176.29,580,579,8.666,1,153.2,39.3
176.32,580,579,8.341,1,153.4,39.4
176.34,580,579,8.301,1,153.4,39.3
176.37,579,579,8.48,1,153.3,39.4
176.39,579,579,8.354,1,153.4,39.3
176.42,580,579,8.331,1,153.5,39.4
176.44,580,580,8.491,1,153.4,39.3
176.47,579,580,8.477,1,153.1,39.4
176.49,580,580,8.741,1,153.0,39.3
176.52,580,580,8.846,1,153.0,39.4
176.54,581,580,8.696,1,152.9,39.3
176.57,579,580,8.8,1,152.7,39.4
176.6,580,580,8.72,1,152.9,39.3
176.62,580,580,8.72,1,153.0,39.4
176.65,579,580,8.597,1,153.0,39.3
176.67,580,580,8.697,1,153.0,39.3
176.7,580,580,8.725,1,153.1,39.3
176.72,580,580,8.595,1,152.9,39.4
176.75,581,580,8.329,1,153.2,39.2
176.77,582,580,8.565,1,153.3,39.4
176.8,583,580,8.35,1,153.5,39.3
176.82,583,580,8.326,1,153.6,39.4
176.85,583,581,8.103,1,153.8,39.3
176.87,583,582,8.07,1,153.9,39.4
176.9,583,583,8.245,1,154.0,39.3
176.93,583,583,8.01,1,153.8,39.4
176.95,583,583,7.991,1,154.0,39.3
176.98,582,583,8.295,1,153.8,39.4
177.0,584,583,7.973,1,154.1,39.3
177.03,583,583,8.134,1,154.1,39.4
177.05,584,583,8.027,1,154.1,39.2
177.08,583,583,8.141,1,154.0,39.4
177.1,585,583,7.946,1,154.3,39.3
177.13,587,583,8.021,1,154.4,39.4
177.16,587,584,7.91,1,154.4,39.2
177.18,589,584,7.895,1,154.4,39.4
177.21,591,585,7.458,1,154.8,39.3
177.23,593,587,7.93,1,154.4,39.4
177.26,593,587,8.093,1,154.2,39.3
177.28,592,589,8.076,1,154.1,39.4
177.31,592,591,8.019,1,154.2,39.3
177.33,590,591,7.999,1,154.1,39.4
177.36,589,591,8.034,1,154.0,39.3
177.38,590,591,8.067,1,154.2,39.4
177.41,589,591,8.133,1,154.1,39.3
177.43,590,590,8.099,1,154.1,39.4
177.46,589,590,8.024,1,154.0,39.3
177.49,588,590,8.335,1,154.0,39.4
177.51,587,589,8.439,1,153.7,39.3
177.54,590,589,7.952,1,154.1,39.4
177.56,590,589,8.07,1,154.0,39.3
177.59,590,590,8.169,1,154.2,39.4
177.61,589,589,8.144,1,154.1,39.3
177.64,590,590,8.034,1,154.5,39.4
177.66,589,589,7.859,1,154.7,39.3
177.69,590,590,8.002,1,154.6,39.4
177.71,592,590,8.142,1,154.4,39.3
177.74,592,590,8.413,1,153.9,39.4
177.77,589,590,8.107,1,153.5,39.3
177.79,585,590,8.541,1,152.9,39.4
177.82,584,589,8.586,1,152.6,39.3
177.84,582,589,8.65,1,152.2,39.4
177.87,580,589,8.858,1,151.8,39.3
177.89,579,585,8.803,1,151.7,39.3
177.92,579,584,8.874,1,151.6,39.3
177.94,580,582,8.952,1,151.7,39.4
177.97,582,582,8.767,1,152.0,39.3
177.99,583,582,8.917,1,152.0,39.4
178.02,584,582,8.873,1,152.3,39.3
178.04,585,582,8.969,1,152.3,39.4
178.07,586,582,8.783,1,152.6,39.2
178.1,588,583,8.83,1,152.7,39.3
178.12,589,584,8.834,1,152.7,39.3
178.15,589,585,9.04,1,152.4,39.4
178.17,590,586,8.985,1,152.6,39.3
178.2,591,588,8.948,1,152.5,39.4
178.22,589,589,9.091,1,152.2,39.3
178.25,588,589,9.129,1,152.0,39.3
178.27,587,589,9.093,1,151.9,39.3
178.3,589,589,9.138,1,152.1,39.4
178.32,590,589,9.131,1,152.2,39.3
178.35,590,589,9.012,1,152.3,39.4
178.38,593,590,8.821,1,152.5,39.3
178.4,595,590,9.201,1,152.8,39.4
178.43,594,590,8.998,1,152.7,39.3
178.45,594,590,9.083,1,152.6,39.4
178.48,593,593,9.221,1,152.5,39.3
178.5,595,593,9.038,1,152.7,39.4
178.53,593,593,9.112,1,152.5,39.3
178.55,595,594,9.083,1,152.6,39.4
178.58,594,594,9.015,1,152.6,39.3
178.6,594,594,9.024,1,152.6,39.4
178.63,595,594,9.114,1,152.6,39.3
178.66,594,594,9.067,1,152.5,39.4
178.68,595,594,9.312,1,152.7,39.3
178.71,595,595,9.099,1,152.6,39.4
178.73,596,595,8.952,1,152.8,39.3
178.76,595,595,8.861,1,152.7,39.4
178.78,593,595,9.146,1,152.5,39.3
178.81,592,595,9.145,1,152.4,39.4
178.83,592,595,9.165,1,152.5,39.3
178.86,593,594,9.069,1,152.6,39.4
178.88,594,594,9.078,1,152.7,39.3
178.91,594,594,8.911,1,152.8,39.3
178.94,595,594,8.915,1,153.0,39.3
178.96,596,594,8.839,1,153.0,39.3
178.99,596,594,8.903,1,153.0,39.3
179.01,596,594,8.871,1,153.0,39.4
179.04,595,595,8.964,1,152.9,39.3
179.06,594,595,9.151,1,152.6,39.4
179.09,596,595,9.073,1,153.0,39.3
179.11,597,596,8.969,1,152.9,39.4
179.14,596,596,8.885,1,153.0,39.3
179.16,596,596,8.898,1,152.9,39.3
179.19,596,596,8.997,1,152.9,39.3
179.21,595,596,8.843,1,152.9,39.3
179.24,596,596,8.863,1,152.9,39.3
179.27,596,596,8.819,1,152.9,39.3
179.29,595,596,9.103,1,152.7,39.3
179.32,593,596,8.875,1,152.7,39.3
179.34,592,596,9.044,1,152.4,39.3
179.37,590,595,8.998,1,152.2,39.3
179.39,589,595,9.117,1,152.1,39.3
179.42,589,593,9.083,1,152.1,39.3
179.44,590,592,9.14,1,152.2,39.3
179.47,592,592,8.982,1,152.5,39.3
179.49,593,592,8.997,1,152.5,39.3
179.52,592,592,9.247,1,152.4,39.3
179.55,591,591,9.227,1,152.3,39.3
179.57,592,591,9.154,1,152.5,39.3
179.6,593,592,9.11,1,152.5,39.3
179.62,595,592,9.213,1,152.7,39.3
179.65,596,592,8.913,1,153.0,39.3
179.67,598,593,8.849,1,153.1,39.3
179.7,600,593,9.049,1,153.3,39.3
179.72,601,595,8.778,1,153.5,39.3
179.75,602,596,8.843,1,153.6,39.3
179.77,602,598,8.879,1,153.7,39.3
179.8,601,600,8.817,1,153.5,39.3
179.83,602,601,8.75,1,153.7,39.3
179.85,602,601,8.681,1,153.8,39.3
179.88,600,601,8.71,1,153.6,39.3
179.9,599,601,8.79,1,153.4,39.3
179.93,599,601,8.689,1,153.4,39.3
179.95,600,601,8.624,1,153.6,39.3
179.98,602,601,8.682,1,153.8,39.3
180.0,603,601,8.577,1,153.9,39.1
180.03,603,602,8.535,1,154.0,39.4
180.05,604,602,8.344,1,154.2,39.3
180.08,605,602,8.373,1,154.3,39.4
180.11,604,603,8.298,1,154.1,39.3
180.13,603,603,8.402,1,154.2,39.4
180.16,603,603,8.221,1,154.2,39.3
180.18,602,603,8.469,1,154.1,39.4
180.21,603,603,8.262,1,154.3,39.3
180.23,604,603,8.233,1,154.6,39.4
180.26,605,604,8.008,1,154.8,39.3
180.28,606,604,7.969,1,154.9,39.4
180.31,605,604,7.878,1,154.9,39.3
180.33,606,604,7.663,1,155.3,39.4
180.36,606,605,7.575,1,155.4,39.3
180.38,606,605,7.595,1,155.4,39.4
180.41,606,606,7.402,1,155.7,39.3
180.44,607,606,7.49,1,155.5,39.4
180.46,607,606,7.52,1,155.5,39.3
180.49,605,606,7.827,1,154.9,39.4
180.51,605,606,7.914,1,155.1,39.3
180.54,606,606,7.674,1,155.2,39.4
180.56,606,606,7.649,1,155.3,39.3
180.59,605,606,7.919,1,154.9,39.4
180.61,605,606,7.961,1,154.8,39.3
180.64,605,605,7.879,1,154.9,39.4
180.66,605,605,7.865,1,154.9,39.3
180.69,603,605,7.926,1,154.6,39.4
180.72,604,605,7.815,1,154.7,39.3
180.74,603,605,7.84,1,154.7,39.4
180.77,605,605,7.473,1,155.1,39.3
180.79,606,605,7.431,1,155.4,39.3
180.82,608,605,7.254,1,155.9,39.3
180.84,606,605,7.063,1,155.7,39.4
180.87,609,605,7.088,1,156.4,39.3
180.89,610,606,6.874,1,156.7,39.3
180.92,608,606,6.893,1,156.6,39.3
180.94,607,607,6.911,1,156.4,39.4
180.97,608,608,7.007,1,156.5,39.2
181.0,609,608,7.14,1,156.4,39.4
181.02,611,608,6.858,1,156.5,39.3
181.05,613,609,6.92,1,156.6,39.4
181.07,615,609,6.726,1,156.9,39.3
181.1,615,610,6.709,1,157.0,39.4
181.12,616,611,6.665,1,157.0,39.3
181.15,614,613,6.537,1,157.1,39.4
181.17,613,613,6.919,1,156.6,39.3
181.2,612,613,6.925,1,156.6,39.4
181.22,611,613,7.021,1,156.3,39.3
181.25,610,613,7.184,1,156.1,39.3
181.28,609,613,7.371,1,155.8,39.3
181.3,609,612,7.299,1,155.7,39.3
181.33,609,611,7.253,1,155.9,39.3
181.35,610,610,7.19,1,156.0,39.4
181.38,610,610,7.266,1,156.1,39.3
181.4,612,610,7.165,1,156.4,39.4
181.43,611,610,7.239,1,156.3,39.3
181.45,610,610,7.396,1,155.8,39.4
181.48,611,610,7.273,1,156.1,39.3
181.5,611,610,7.475,1,156.0,39.4
181.53,610,610,7.594,1,155.5,39.3
181.55,609,610,7.652,1,155.1,39.4
181.58,604,610,7.646,1,154.7,39.3
181.61,603,610,8.183,1,154.5,39.4
181.63,602,610,7.955,1,154.4,39.3
181.66,602,609,7.887,1,154.7,39.4
181.68,603,604,7.889,1,154.7,39.3
181.71,605,604,7.265,1,155.1,39.3
181.73,607,604,8.175,1,154.6,39.3
181.76,608,604,7.992,1,154.8,39.3
181.78,608,604,8.101,1,154.5,39.3
181.81,609,605,8.314,1,154.5,39.4
181.83,609,607,7.989,1,154.8,39.3
181.86,611,608,8.078,1,154.9,39.4
181.89,610,608,8.207,1,154.6,39.2
181.91,608,608,8.186,1,154.4,39.4
181.94,610,609,7.991,1,154.9,39.3
181.96,612,609,7.898,1,155.0,39.4
181.99,613,610,7.529,1,155.7,39.3
182.01,616,610,7.513,1,156.1,39.4
182.04,617,611,7.478,1,156.0,39.3
182.06,617,612,7.525,1,156.0,39.4
182.09,618,613,7.293,1,156.3,39.3
182.11,619,616,7.109,1,156.4,39.4
182.14,619,617,7.009,1,156.4,39.3
182.17,620,617,6.878,1,156.8,39.4
182.19,621,618,6.954,1,156.8,39.2
182.22,620,619,6.933,1,156.7,39.3
182.24,620,619,6.87,1,156.7,39.3
182.27,621,620,6.704,1,157.1,39.3
182.29,622,620,6.619,1,156.9,39.3
182.32,622,620,6.621,1,157.1,39.4
182.34,623,621,6.594,1,157.1,39.3
182.37,622,621,6.723,1,156.9,39.4
182.39,621,621,6.945,1,156.6,39.3
182.42,621,621,6.935,1,156.8,39.4
182.45,622,622,6.914,1,157.0,39.3
182.47,620,622,7.162,1,156.5,39.4
182.5,619,622,7.159,1,156.6,39.3
182.52,619,621,7.048,1,156.7,39.4
182.55,619,621,7.149,1,156.5,39.3
182.57,617,620,7.298,1,156.3,39.4
182.6,616,619,7.595,1,156.1,39.3
182.62,617,619,7.346,1,156.4,39.4
182.65,618,619,7.272,1,156.4,39.3
182.67,618,618,7.143,1,156.6,39.4
182.7,619,618,7.2,1,156.7,39.3
182.72,619,618,6.995,1,156.7,39.4
182.75,620,618,7.113,1,156.8,39.3
182.78,620,618,6.964,1,156.9,39.3
182.8,621,619,6.989,1,156.7,39.3
182.83,620,619,7.042,1,156.7,39.4
182.85,620,620,6.946,1,156.8,39.3
182.88,620,620,6.941,1,156.7,39.4
182.9,621,620,6.622,1,157.0,39.3
182.93,621,620,6.784,1,157.0,39.4
182.95,621,620,6.831,1,157.0,39.3
182.98,622,621,6.72,1,157.0,39.4
183.0,623,621,6.615,1,157.5,39.3
183.03,622,621,6.503,1,157.5,39.4
183.06,622,621,6.636,1,157.5,39.3
183.08,622,622,6.716,1,157.6,39.4
183.11,620,622,6.678,1,157.5,39.3
183.13,619,622,6.939,1,157.1,39.4
183.16,619,622,7.119,1,157.0,39.3
183.18,617,622,7.334,1,156.7,39.4
183.21,616,620,7.382,1,156.5,39.3
183.23,618,619,7.172,1,156.9,39.4
183.26,618,619,7.218,1,156.9,39.3
183.28,619,619,7.23,1,157.1,39.4
183.31,619,619,7.202,1,157.0,39.3
183.33,620,619,7.259,1,157.1,39.4
183.36,622,619,6.935,1,157.3,39.3
183.39,623,619,6.824,1,157.3,39.4
183.41,623,619,6.549,1,157.5,39.3
183.44,623,620,6.506,1,157.6,39.4
183.46,623,622,6.5,1,157.6,39.3
183.49,625,623,6.514,1,157.6,39.4
183.51,624,623,6.597,1,157.6,39.3
183.54,623,623,6.458,1,157.6,39.3
183.56,621,623,7.063,1,157.2,39.3
183.59,622,623,6.939,1,157.4,39.4
183.62,621,623,6.957,1,157.4,39.3
183.64,620,623,7.403,1,156.9,39.4
183.67,619,622,7.421,1,156.6,39.3
183.69,620,621,7.402,1,156.9,39.3
183.72,619,621,7.174,1,156.8,39.3
183.74,621,621,7.23,1,157.0,39.4
183.77,621,621,7.031,1,157.0,39.3
183.79,621,621,6.849,1,157.4,39.3
183.82,621,621,7.014,1,157.1,39.3
183.84,620,620,6.876,1,157.2,39.4
183.87,620,620,7.021,1,157.3,39.3
183.89,618,620,7.035,1,157.0,39.4
183.92,619,620,7.078,1,157.1,39.3
183.95,620,620,7.022,1,157.3,39.4
183.97,620,620,7.173,1,157.2,39.3
184.0,618,620,7.234,1,156.8,39.2
184.02,619,620,7.015,1,157.2,39.3
184.05,619,619,7.069,1,157.3,39.4
184.07,620,619,7.006,1,157.4,39.3
184.1,620,619,6.934,1,157.3,39.4
184.12,620,620,7.025,1,157.4,39.3
184.15,621,620,6.701,1,157.7,39.4
184.17,622,620,6.699,1,157.6,39.3
184.2,622,620,6.709,1,157.5,39.4
184.23,622,620,6.557,1,157.6,39.3
184.25,625,621,6.294,1,157.8,39.2
184.28,626,622,6.225,1,157.8,39.3
184.3,627,622,6.211,1,158.1,39.4
184.33,627,622,6.202,1,158.0,39.3
184.35,626,625,6.027,1,158.1,39.4
184.38,623,625,6.382,1,157.7,39.3
184.4,623,625,6.482,1,157.6,39.3
184.43,624,625,6.033,1,158.0,39.3
184.45,626,626,6.162,1,158.0,39.3
184.48,626,626,6.15,1,158.1,39.3
184.51,626,626,6.007,1,158.0,39.3
184.53,626,626,5.753,1,158.2,39.3
184.56,627,626,5.927,1,158.4,39.4
184.58,627,626,5.672,1,158.4,39.3
184.61,628,626,5.637,1,158.6,39.3
184.63,625,626,5.406,1,158.9,39.3
184.66,624,626,5.889,1,158.5,39.3
184.68,624,626,5.914,1,158.6,39.3
184.71,625,626,5.865,1,158.8,39.3
184.73,624,625,6.235,1,158.4,39.3
184.76,623,625,6.005,1,158.3,39.3
184.79,622,624,6.227,1,158.0,39.3
184.81,623,624,6.119,1,158.4,39.3
184.84,623,624,6.022,1,158.4,39.3
184.86,624,624,5.935,1,158.5,39.3
184.89,624,624,5.978,1,158.5,39.3
184.91,623,623,6.074,1,158.4,39.3
184.94,622,623,6.141,1,158.2,39.3
184.96,622,623,6.072,1,158.2,39.4
184.99,621,623,6.15,1,158.4,39.3
185.01,623,623,6.039,1,158.5,39.3
185.04,623,623,6.04,1,158.5,39.3
185.07,625,623,5.971,1,158.7,39.3
185.09,625,623,5.958,1,158.6,39.3
185.12,625,623,5.686,1,158.8,39.4
185.14,626,623,5.589,1,158.9,39.3
185.17,625,625,5.734,1,158.9,39.4
185.19,626,625,5.671,1,158.9,39.3
185.22,625,625,5.757,1,158.9,39.4
185.24,625,625,5.96,1,158.5,39.3
185.27,624,625,6.182,1,158.2,39.4
185.29,623,625,6.174,1,158.0,39.3
185.32,622,625,6.381,1,158.0,39.4
185.34,622,625,6.325,1,158.1,39.3
185.37,623,624,6.043,1,158.4,39.4
185.4,624,624,5.926,1,158.5,39.3
185.42,624,624,6.06,1,158.3,39.4
185.45,625,624,6.11,1,158.3,39.3
185.47,625,624,5.873,1,158.5,39.4
185.5,626,624,5.927,1,158.5,39.3
185.52,627,624,5.827,1,158.6,39.4
185.55,495,624,5.578,1,158.8,39.2
185.57,628,625,5.741,1,158.9,39.4
185.6,628,625,5.721,1,158.5,39.3
185.62,628,626,5.723,1,158.5,39.3
185.65,627,627,5.77,1,158.4,39.3
185.68,626,627,5.902,1,158.4,39.3
185.7,624,627,6.263,1,158.1,39.3
185.73,623,627,6.406,1,157.9,39.4
185.75,622,627,6.63,1,157.7,39.3
185.78,622,626,6.652,1,157.5,39.4
185.8,622,624,6.714,1,157.5,39.3
185.83,622,623,6.694,1,157.6,39.3
185.85,623,623,6.598,1,158.0,39.3
185.88,625,623,6.221,1,158.1,39.4
185.9,626,623,6.14,1,158.3,39.3
185.93,627,623,6.11,1,158.4,39.4
185.96,627,623,6.111,1,158.3,39.3
185.98,627,625,6.094,1,158.2,39.4
186.01,627,626,5.997,1,158.2,39.3
186.03,628,627,6.061,1,158.3,39.4
186.06,629,627,5.82,1,158.2,39.3
186.08,629,627,5.929,1,158.2,39.4
186.11,629,627,6.057,1,158.1,39.3
186.13,628,628,5.987,1,158.0,39.4
186.16,628,628,5.997,1,158.0,39.3
186.18,628,628,6.059,1,158.1,39.4
186.21,626,628,6.265,1,158.0,39.3
186.23,626,628,6.144,1,158.0,39.4
186.26,624,628,6.346,1,158.0,39.3
186.29,625,628,6.45,1,157.8,39.4
186.31,625,626,6.287,1,157.8,39.3
186.34,626,626,6.211,1,157.9,39.4
186.36,628,626,6.039,1,158.2,39.3
186.39,630,626,5.614,1,158.4,39.4
186.41,631,626,5.677,1,158.3,39.3
186.44,631,626,5.725,1,158.3,39.4
186.46,631,628,5.774,1,158.2,39.3
186.49,630,630,5.949,1,158.1,39.4
186.51,629,630,6.054,1,157.9,39.3
186.54,629,630,5.985,1,158.0,39.4
186.57,629,630,5.926,1,157.8,39.3
186.59,629,630,5.993,1,158.0,39.4
186.62,629,629,6.003,1,157.9,39.3
186.64,629,629,6.058,1,157.9,39.4
186.67,629,629,6.05,1,157.9,39.3
186.69,629,629,5.777,1,158.1,39.4
186.72,631,629,5.913,1,158.2,39.3
186.74,631,629,5.835,1,158.0,39.3
186.77,631,629,5.773,1,158.2,39.3
186.79,630,629,5.902,1,158.0,39.3
186.82,630,630,5.992,1,157.8,39.3
186.85,630,630,6.081,1,157.7,39.4
186.87,629,630,6.177,1,157.8,39.3
186.9,629,630,6.14,1,157.7,39.3
186.92,629,630,6.265,1,157.6,39.3
186.95,629,630,6.311,1,157.7,39.4
186.97,629,629,6.306,1,157.7,39.3
187.0,628,629,6.398,1,157.5,39.4
187.02,627,629,6.621,1,157.3,39.3
187.05,625,629,6.683,1,157.3,39.4
187.07,626,629,6.751,1,157.4,39.3
187.1,627,628,6.577,1,157.4,39.4
187.13,628,628,6.393,1,157.5,39.3
187.15,630,628,6.365,1,157.7,39.4
187.18,631,628,6.333,1,157.7,39.3
187.2,631,628,6.206,1,157.7,39.4
187.23,630,628,6.082,1,157.7,39.3
187.25,630,630,6.135,1,157.7,39.3
187.28,630,630,6.197,1,157.9,39.3
187.3,629,630,6.347,1,157.7,39.4
187.33,629,630,6.237,1,157.6,39.3
187.35,629,630,6.396,1,157.6,39.4
187.38,629,630,6.371,1,157.7,39.3
187.41,629,629,6.249,1,157.7,39.4
187.43,629,629,6.169,1,157.6,39.3
187.46,630,629,5.987,1,157.9,39.4
187.48,630,629,6.094,1,157.8,39.3
187.51,628,629,6.398,1,157.7,39.4
187.53,628,629,6.338,1,157.6,39.3
187.56,627,629,6.463,1,157.5,39.4
187.59,627,629,6.325,1,157.7,39.3
187.61,629,629,6.185,1,157.9,39.4
187.63,630,629,6.174,1,158.1,39.3
187.66,631,629,6.108,1,158.1,39.4
187.68,630,629,6.041,1,157.9,39.3
187.71,631,629,5.963,1,158.1,39.4
187.74,633,630,5.701,1,158.3,39.3
187.76,633,630,5.766,1,158.1,39.4
187.79,633,631,5.833,1,158.1,39.3
187.81,632,631,5.874,1,158.1,39.4
187.84,632,632,6.114,1,158.1,39.3
187.86,630,632,6.151,1,157.8,39.3
187.89,630,632,6.494,1,157.7,39.3
187.91,630,632,6.518,1,157.7,39.3
187.94,630,632,6.521,1,157.5,39.3
187.96,628,630,6.497,1,157.5,39.3
187.99,629,630,6.373,1,157.8,39.3
188.01,631,630,6.299,1,158.1,39.4
188.04,630,630,6.225,1,158.0,39.3
188.07,628,630,6.483,1,157.9,39.4
188.09,628,630,6.55,1,157.9,39.3
188.12,628,629,6.172,1,158.1,39.4
188.14,629,629,6.242,1,158.1,39.3
188.17,629,629,6.248,1,158.1,39.4
188.19,630,629,6.355,1,158.2,39.3
188.22,629,629,6.412,1,158.0,39.4
188.24,628,629,6.282,1,157.9,39.3
188.27,628,628,6.117,1,158.1,39.3
188.3,629,629,6.194,1,158.2,39.3
188.32,627,629,6.144,1,158.1,39.4
188.35,625,629,6.445,1,158.0,39.3
188.37,625,628,6.367,1,158.2,39.4
188.4,625,628,6.407,1,158.0,39.3
188.42,624,627,6.525,1,157.8,39.4
188.45,626,626,6.509,1,158.0,39.3
188.47,628,626,6.4,1,158.0,39.4
188.5,629,626,6.019,1,158.2,39.3
188.52,629,626,6.175,1,158.0,39.4
188.55,631,626,5.681,1,158.3,39.3
188.57,631,628,5.734,1,158.3,39.4
188.6,630,629,6.058,1,158.1,39.3
188.63,629,629,6.126,1,157.8,39.4
188.65,629,629,6.01,1,158.0,39.3
188.68,629,629,5.91,1,158.1,39.4
188.7,627,629,6.135,1,157.9,39.3
188.73,628,629,5.869,1,158.1,39.3
188.75,629,629,5.802,1,158.1,39.3
188.78,629,629,5.698,1,158.3,39.4
188.8,497,629,5.603,1,158.2,39.3
188.83,499,629,5.732,1,158.5,39.4
188.85,630,629,5.604,1,158.5,39.3
188.88,628,629,5.59,1,158.4,39.3
188.91,496,629,5.709,1,158.6,39.3
188.93,496,629,5.615,1,158.6,39.3
188.96,496,629,5.599,1,158.6,39.3
188.98,627,629,5.617,1,158.2,39.3
189.01,626,628,5.774,1,158.4,39.3
189.03,628,628,5.143,1,159.0,39.4
189.06,497,628,5.567,1,159.0,39.3
189.08,498,628,5.585,1,159.3,39.4
189.11,497,628,5.605,1,159.3,39.3
189.13,497,628,5.653,1,159.2,39.4
189.16,497,628,5.651,1,159.2,39.3
189.18,499,628,5.527,1,159.5,39.4
189.21,499,628,5.466,1,159.4,39.3
189.24,499,628,5.627,1,159.1,39.4
189.26,499,628,5.826,1,159.2,39.3
189.29,501,628,5.744,1,159.5,39.4
189.31,501,628,5.703,1,159.4,39.3
189.34,501,628,5.712,1,159.6,39.3
189.36,501,628,5.583,1,159.6,39.3
189.39,499,628,5.578,1,159.6,39.4
189.41,499,628,5.55,1,159.6,39.3
189.44,499,499,5.442,1,159.5,39.4
189.47,498,498,5.478,1,159.3,39.3
189.49,498,498,5.619,1,158.9,39.4
189.52,498,498,5.679,1,159.0,39.3
189.54,500,498,5.549,1,159.0,39.4
189.57,501,498,5.754,1,158.9,39.3
189.59,501,499,5.788,1,158.9,39.4
189.62,502,500,5.822,1,158.8,39.2
189.64,501,500,5.715,1,158.6,39.3
189.67,499,500,5.529,1,158.5,39.3
189.69,498,500,5.793,1,158.4,39.3
189.72,498,500,5.61,1,158.3,39.3
189.74,498,500,5.583,1,158.3,39.4
189.77,498,499,5.834,1,158.4,39.3
189.8,499,499,5.814,1,158.6,39.3
189.82,498,498,5.688,1,158.5,39.3
189.85,499,498,5.571,1,159.0,39.3
189.87,501,498,5.66,1,159.1,39.3
189.9,501,498,5.595,1,159.3,39.3
189.92,499,499,5.635,1,159.4,39.3
189.95,498,499,5.501,1,159.2,39.3
189.97,498,499,5.563,1,159.1,39.3
190.0,498,499,5.602,1,158.7,39.3
190.02,498,498,5.626,1,158.7,39.3
190.05,631,498,5.614,1,158.5,39.4
190.08,499,499,5.809,1,158.4,39.3
190.1,500,499,5.613,1,158.5,39.3
190.13,500,499,5.634,1,158.5,39.3
190.15,500,499,5.699,1,158.5,39.3
190.18,500,499,5.65,1,158.3,39.3
190.2,498,499,5.594,1,158.5,39.4
190.23,629,499,5.841,1,158.1,39.3
190.25,629,499,5.829,1,158.0,39.3
190.28,498,499,5.679,1,158.2,39.3
190.3,499,499,5.702,1,158.3,39.3
190.33,500,500,5.686,1,158.0,39.3
190.36,499,500,5.537,1,158.1,39.3
190.38,502,500,5.689,1,158.1,39.3
190.41,633,500,5.869,1,157.9,39.3
190.43,631,500,6.273,1,157.7,39.3
190.46,630,500,6.505,1,157.7,39.4
190.48,629,500,6.735,1,157.8,39.3
190.51,628,500,6.448,1,157.6,39.4
190.53,628,500,6.402,1,157.8,39.3
190.56,631,500,6.857,1,157.9,39.4
190.58,634,500,6.021,1,158.1,39.3
190.61,635,500,6.486,1,157.7,39.4
190.63,637,500,5.826,1,158.1,39.3
190.66,638,500,6.033,1,157.8,39.4
190.69,638,500,6.185,1,157.5,39.3
190.71,637,500,6.229,1,157.7,39.4
190.74,635,500,6.284,1,157.5,39.3
190.76,636,500,6.327,1,157.5,39.4
190.79,637,637,6.245,1,157.7,39.3
190.81,636,636,6.155,1,158.2,39.4
190.84,633,636,6.401,1,158.2,39.1
190.86,630,634,5.983,1,158.4,39.4
190.89,628,633,6.495,1,158.6,39.2
190.91,629,632,6.315,1,158.7,39.4
190.94,628,630,6.72,1,158.4,39.4
190.96,626,630,6.963,1,158.2,39.4
190.99,629,629,6.898,1,158.5,39.4
191.02,631,629,7.042,1,157.9,39.4
191.04,631,629,7.202,1,157.7,39.3
191.07,630,629,7.537,1,157.4,39.4
191.09,632,629,7.323,1,157.5,39.3
191.12,634,630,7.151,1,157.5,39.4
191.14,635,631,7.242,1,157.5,39.3
191.17,635,631,7.305,1,157.4,39.3
191.2,634,632,7.357,1,157.2,39.3
191.22,633,633,7.468,1,157.2,39.4
191.24,631,633,7.529,1,157.0,39.4
191.27,631,633,7.495,1,156.9,39.4
191.3,630,633,7.666,1,156.9,39.4
191.32,630,633,7.653,1,157.0,39.4
191.35,631,631,7.598,1,157.1,39.3
191.37,632,631,7.439,1,157.2,39.4
191.4,631,631,7.49,1,157.2,39.3
191.42,630,631,7.517,1,157.1,39.4
191.45,627,631,7.514,1,157.0,39.3
191.47,630,630,7.173,1,157.5,39.4
191.5,631,630,6.938,1,157.9,39.3
191.52,632,631,6.921,1,157.9,39.4
191.55,632,631,6.753,1,158.1,39.3
191.58,631,631,6.773,1,158.1,39.4
191.6,630,631,6.865,1,158.1,39.3
191.63,630,630,6.7,1,158.3,39.4
191.65,630,630,6.501,1,158.7,39.3
191.68,628,630,6.502,1,158.5,39.4
191.7,626,630,6.527,1,158.4,39.3
191.73,625,630,6.456,1,158.6,39.4
191.75,624,630,6.63,1,158.5,39.3
191.78,623,628,6.523,1,158.5,39.3
191.81,625,626,5.808,1,159.3,39.3
191.83,628,626,6.028,1,159.4,39.3
191.86,630,626,5.808,1,159.3,39.3
191.88,631,626,5.632,1,159.4,39.4
191.91,632,626,5.81,1,159.4,39.3
191.93,631,628,5.898,1,159.1,39.3
191.96,630,630,5.795,1,159.0,39.3
191.98,629,630,5.887,1,159.0,39.4
192.01,629,630,5.811,1,159.1,39.3
192.03,628,630,5.98,1,158.8,39.4
192.06,627,630,6.034,1,158.8,39.3
192.08,627,629,6.201,1,158.5,39.4
192.11,625,629,6.504,1,158.1,39.3
192.14,626,628,6.255,1,158.3,39.4
192.16,627,627,6.225,1,158.5,39.3
192.19,628,627,6.149,1,158.6,39.4
192.21,627,627,6.043,1,158.4,39.3
192.24,627,627,5.986,1,158.7,39.3
192.26,627,627,6.089,1,158.6,39.3
192.29,627,627,5.867,1,158.6,39.4
192.31,628,627,5.851,1,158.7,39.3
192.34,628,627,5.878,1,158.9,39.4
192.36,626,627,5.882,1,158.7,39.3
192.39,625,627,6.07,1,158.6,39.4
192.42,626,627,5.912,1,159.1,39.3
192.44,625,627,5.918,1,158.9,39.3
192.47,625,626,5.975,1,159.0,39.3
192.49,626,626,5.842,1,159.0,39.4
192.52,626,626,5.937,1,159.1,39.3
192.54,626,626,5.893,1,159.0,39.4
192.57,625,626,5.787,1,158.9,39.3
192.59,626,626,6.078,1,158.7,39.4
192.62,627,626,6.034,1,158.6,39.3
192.64,627,626,6.038,1,158.3,39.4
192.67,629,626,5.822,1,158.6,39.3
192.69,630,626,5.693,1,158.7,39.4
192.72,631,627,5.707,1,158.6,39.3
192.75,631,627,5.734,1,158.7,39.4
192.77,630,629,5.59,1,158.6,39.3
192.8,498,629,5.525,1,158.8,39.4
192.82,630,630,5.518,1,158.8,39.3
192.85,630,630,5.597,1,159.0,39.4
192.87,630,630,5.601,1,158.9,39.3
192.9,499,630,5.37,1,159.2,39.4
192.92,500,630,5.557,1,159.1,39.3
192.95,500,630,5.565,1,159.0,39.4
192.97,501,630,5.593,1,158.9,39.3
193.0,502,630,5.665,1,158.9,39.4
193.03,501,630,5.542,1,159.2,39.3
193.05,500,630,5.495,1,158.9,39.4
193.08,498,630,5.562,1,158.8,39.3
193.1,629,630,5.755,1,158.6,39.3
193.13,629,630,5.802,1,158.5,39.3
193.15,630,630,5.87,1,158.6,39.4
193.18,631,630,5.725,1,158.7,39.3
193.2,499,630,5.489,1,159.2,39.4
193.23,501,630,5.547,1,159.2,39.3
193.26,501,630,5.572,1,159.3,39.2
193.28,501,630,5.517,1,159.2,39.3
193.31,501,630,5.557,1,159.0,39.4
193.33,500,630,5.589,1,158.9,39.3
193.36,500,630,5.53,1,159.0,39.4
193.38,501,630,5.607,1,158.8,39.3
193.41,502,630,5.746,1,158.6,39.4
193.43,502,630,5.671,1,158.6,39.3
193.46,633,630,5.591,1,158.6,39.4
193.48,633,630,5.67,1,158.5,39.3
193.51,500,630,5.598,1,158.6,39.4
193.53,500,630,5.687,1,159.2,39.3
193.56,500,630,5.439,1,159.3,39.4
193.59,631,630,5.661,1,159.0,39.3
193.61,631,631,5.811,1,158.9,39.4
193.64,633,631,5.56,1,158.8,39.3
193.66,634,631,5.713,1,158.7,39.4
193.69,632,632,5.542,1,158.6,39.3
193.71,630,632,5.761,1,158.7,39.4
193.74,628,632,5.766,1,158.6,39.3
193.76,627,631,5.906,1,158.6,39.4
193.79,627,631,5.963,1,158.6,39.3
193.81,628,630,5.623,1,158.5,39.4
193.84,629,629,6.087,1,158.1,39.3
193.86,632,629,5.99,1,158.4,39.4
193.89,631,629,6.087,1,158.1,39.3
193.92,631,629,6.111,1,158.1,39.3
193.94,630,629,6.074,1,158.1,39.3
193.97,630,630,5.859,1,158.3,39.3
193.99,632,630,6.055,1,158.3,39.3
194.02,634,631,5.811,1,158.5,39.4
194.04,633,631,5.815,1,158.6,39.3
194.07,632,632,5.939,1,158.7,39.3
194.09,631,631,6.175,1,158.3,39.3
194.12,629,631,6.316,1,158.2,39.4
194.14,627,631,6.557,1,158.0,39.3
194.17,628,631,6.602,1,158.0,39.4
194.2,627,631,6.693,1,157.9,39.3
194.22,628,629,6.499,1,158.2,39.3
194.25,626,628,6.266,1,158.2,39.3
194.27,624,628,6.594,1,157.7,39.2
194.3,624,627,6.547,1,158.1,39.3
194.32,623,627,6.627,1,158.0,39.4
194.35,622,626,6.693,1,157.9,39.3
194.37,623,624,6.595,1,158.1,39.4
194.4,624,624,6.435,1,158.4,39.3
194.42,626,624,6.384,1,158.3,39.4
194.45,626,624,6.317,1,158.2,39.3
194.48,624,624,6.665,1,158.1,39.4
194.5,625,624,6.723,1,158.0,39.3
194.53,624,624,6.78,1,157.7,39.4
194.55,622,624,6.807,1,157.7,39.3
194.58,624,624,6.412,1,158.4,39.4
194.6,627,624,6.561,1,158.4,39.3
194.63,626,625,6.755,1,157.9,39.3
194.65,626,625,6.689,1,157.6,39.3
194.68,625,625,6.958,1,157.1,39.3
194.7,627,625,7.084,1,157.1,39.3
194.73,627,626,7.046,1,157.2,39.3
194.76,625,626,7.261,1,157.1,39.3
194.78,623,626,7.195,1,156.9,39.3
194.81,623,626,7.179,1,157.4,39.3
194.83,625,625,6.975,1,157.7,39.3
194.86,626,625,6.886,1,157.7,39.3
194.88,628,625,6.511,1,158.0,39.3
194.91,629,626,6.581,1,158.2,39.3
194.93,630,626,6.687,1,158.1,39.3
194.96,630,626,6.736,1,157.8,39.3
194.98,631,628,6.604,1,158.0,39.3
195.01,632,629,6.534,1,157.9,39.3
195.03,632,630,6.63,1,157.9,39.4
195.06,632,630,6.706,1,157.7,39.3
195.09,632,631,6.595,1,158.0,39.4
195.11,631,631,6.527,1,158.0,39.3
195.14,632,632,6.442,1,158.1,39.4
195.16,631,632,6.378,1,158.1,39.3
195.19,631,632,6.499,1,158.0,39.4
195.21,631,632,6.484,1,158.3,39.3
195.24,630,631,6.211,1,158.6,39.4
195.26,629,631,6.381,1,158.9,39.3
195.29,629,631,6.114,1,159.1,39.4
195.31,629,631,6.137,1,159.5,39.3
195.34,628,630,6.11,1,159.4,39.4
195.37,629,629,5.931,1,159.5,39.3
195.39,630,629,5.734,1,159.9,39.4
195.42,630,629,5.812,1,159.9,39.3
195.44,499,629,5.723,1,159.9,39.4
195.47,501,629,5.601,1,159.8,39.3
195.49,502,629,5.731,1,159.8,39.4
195.52,635,629,5.649,1,159.5,39.3
195.54,502,629,5.753,1,159.3,39.4
195.57,633,629,5.835,1,159.2,39.3
195.59,632,630,6.15,1,159.3,39.4
195.62,631,630,5.834,1,159.4,39.3
195.65,629,630,6.145,1,158.8,39.4
195.67,630,630,6.314,1,158.9,39.3
195.7,630,630,6.255,1,158.6,39.4
195.72,631,631,6.33,1,158.9,39.3
195.75,632,631,5.916,1,158.9,39.4
195.77,632,631,5.847,1,159.0,39.3
195.8,633,631,5.679,1,159.3,39.4
195.82,632,631,5.745,1,159.3,39.3
195.85,634,632,5.471,1,160.0,39.4
195.88,632,632,5.669,1,160.2,39.1
195.9,632,632,5.834,1,160.3,39.4
195.93,629,632,5.945,1,160.1,39.3
195.95,629,632,6.191,1,160.1,39.4
195.98,629,632,6.138,1,160.0,39.4
196.0,628,632,6.353,1,159.7,39.4
196.03,628,629,6.414,1,159.7,39.4
196.05,627,629,6.478,1,159.5,39.4
196.08,629,629,6.242,1,159.8,39.3
196.1,630,629,6.372,1,159.8,39.4
196.13,630,629,6.515,1,159.6,39.3
196.15,630,629,6.725,1,159.2,39.4
196.18,632,629,6.434,1,159.8,39.3
196.2,633,630,6.667,1,159.8,39.4
196.23,629,630,6.576,1,159.3,39.3
196.26,630,630,6.525,1,159.4,39.1
196.28,630,630,6.746,1,159.4,39.3
196.31,630,630,6.735,1,159.4,39.4
196.33,630,630,6.63,1,159.3,39.3
196.36,630,630,6.655,1,159.2,39.4
196.38,631,630,6.802,1,159.1,39.3
196.41,632,630,6.629,1,159.1,39.4
196.43,631,630,6.677,1,159.0,39.4
196.46,631,630,6.617,1,159.0,39.4
196.49,630,630,6.741,1,159.0,39.3
196.51,631,631,6.684,1,159.0,39.4
196.54,632,631,6.625,1,159.1,39.3
196.56,632,631,6.651,1,159.0,39.4
196.59,633,631,6.414,1,159.3,39.3
196.61,633,632,6.345,1,159.4,39.4
196.64,633,632,6.516,1,159.3,39.3
196.66,633,632,6.301,1,159.2,39.4
196.69,634,633,6.418,1,159.1,39.3
196.71,635,633,6.307,1,159.3,39.4
196.74,635,633,6.158,1,159.4,39.3
196.76,635,633,6.117,1,159.6,39.4
196.79,635,634,6.047,1,159.5,39.3
196.82,635,635,5.995,1,159.6,39.4
196.84,636,635,6.017,1,159.5,39.3
196.87,636,635,6.07,1,159.5,39.4
196.89,637,635,6.146,1,159.3,39.2
196.92,638,635,6.124,1,159.0,39.4
196.94,639,636,5.99,1,158.9,39.3
196.97,639,636,5.925,1,158.8,39.4
196.99,639,637,5.991,1,158.8,39.3
197.02,638,638,6.033,1,158.7,39.4
197.04,639,638,5.701,1,159.0,39.3
197.07,640,639,5.652,1,159.1,39.4
197.1,508,639,5.563,1,159.3,39.3
197.12,638,639,5.751,1,159.3,39.4
197.15,637,639,5.869,1,159.2,39.3
197.17,637,639,6.039,1,159.1,39.4
197.2,638,638,6.082,1,158.8,39.3
197.22,637,638,6.095,1,158.8,39.4
197.25,638,638,6.099,1,158.7,39.2
197.27,638,638,5.894,1,158.6,39.4
197.3,639,638,6.028,1,158.3,39.3
197.32,641,638,5.929,1,158.4,39.4
197.35,640,638,6.163,1,158.1,39.3
197.37,640,638,6.19,1,157.9,39.4
197.4,641,639,5.951,1,158.1,39.3
197.43,643,640,6.096,1,157.9,39.4
197.45,643,640,6.034,1,158.1,39.3
197.48,643,641,5.883,1,158.1,39.4
197.5,643,641,5.771,1,158.4,39.3
197.53,642,642,5.653,1,158.4,39.4
197.55,641,642,5.817,1,158.7,39.3
197.58,642,642,5.57,1,159.2,39.4
197.6,640,642,5.581,1,159.3,39.3
197.63,509,642,5.601,1,159.6,39.4
197.65,639,642,5.712,1,159.5,39.3
197.68,639,642,5.762,1,159.4,39.4
197.71,639,641,5.995,1,158.9,39.3
197.73,638,640,6.12,1,158.8,39.4
197.76,639,639,5.844,1,158.9,39.3
197.78,641,639,5.794,1,158.8,39.4
197.81,509,639,5.716,1,158.7,39.3
197.83,641,639,5.821,1,158.6,39.4
197.86,640,639,5.829,1,158.6,39.3
197.88,639,639,5.942,1,158.4,39.4
197.91,639,639,5.95,1,158.5,39.3
197.93,639,639,5.877,1,158.5,39.4
197.96,639,639,6.009,1,158.4,39.3
197.99,638,639,6.023,1,158.3,39.4
198.01,637,639,6.254,1,158.5,39.3
198.04,638,639,6.274,1,158.4,39.4
198.06,639,639,6.021,1,158.4,39.3
198.09,640,639,6.078,1,158.4,39.4
198.11,641,639,6.05,1,158.3,39.3
198.14,640,639,6.233,1,158.0,39.4
198.16,640,639,6.289,1,157.8,39.3
198.19,641,640,6.371,1,157.7,39.4
198.21,642,640,6.429,1,157.5,39.3
198.24,642,640,6.355,1,157.6,39.4
198.27,642,641,6.295,1,157.7,39.3
198.29,642,641,5.943,1,157.7,39.4
198.32,643,642,5.875,1,157.8,39.3
198.34,643,642,5.927,1,158.0,39.4
198.37,643,642,5.824,1,158.1,39.3
198.39,642,642,5.838,1,158.0,39.4
198.42,641,642,6.025,1,158.2,39.3
198.44,640,642,5.915,1,158.5,39.4
198.47,639,642,5.894,1,158.5,39.3
198.49,638,642,6.071,1,158.6,39.3
198.52,640,641,5.658,1,158.9,39.3
198.54,641,641,5.762,1,158.8,39.3
198.57,641,641,5.759,1,158.7,39.3
198.6,640,640,5.818,1,158.8,39.4
198.62,639,640,5.891,1,158.8,39.3
198.65,639,640,5.759,1,159.0,39.4
198.67,637,639,6.041,1,158.8,39.3
198.7,636,639,6.281,1,158.6,39.4
198.72,635,639,6.846,1,158.1,39.3
198.75,635,639,6.657,1,158.0,39.4
198.77,636,637,6.678,1,158.1,39.3
198.8,635,636,6.723,1,157.9,39.3
198.82,634,636,6.527,1,158.0,39.3
198.85,636,636,6.252,1,158.4,39.4
198.88,637,636,6.371,1,158.5,39.3
198.9,637,636,6.259,1,158.2,39.4
198.93,637,636,6.237,1,158.4,39.3
198.95,637,636,6.277,1,158.4,39.4
198.98,638,637,6.198,1,158.5,39.3
199.0,507,637,5.84,1,158.6,39.4
199.03,638,637,5.934,1,158.7,39.3
199.05,638,637,5.934,1,158.7,39.3
199.08,637,637,5.981,1,158.6,39.3
199.1,637,637,6.078,1,158.9,39.4
199.13,637,637,6.018,1,158.8,39.3
199.16,635,637,5.971,1,158.8,39.4
199.18,634,637,6.346,1,158.6,39.3
199.21,634,637,6.433,1,158.5,39.4
199.23,633,637,6.656,1,157.9,39.3
199.26,632,635,6.749,1,157.6,39.3
199.28,632,634,6.729,1,157.8,39.3
199.31,632,634,6.663,1,157.7,39.3
199.33,634,634,6.439,1,157.9,39.3
199.36,634,634,6.28,1,158.2,39.3
199.38,503,634,5.975,1,158.6,39.3
199.41,503,634,5.867,1,158.6,39.4
199.44,634,634,5.91,1,159.0,39.3
199.46,504,634,5.571,1,159.5,39.4
199.49,505,634,5.763,1,159.5,39.3
199.51,504,634,5.86,1,159.5,39.4
199.54,504,634,5.724,1,159.7,39.3
199.56,506,634,5.669,1,159.8,39.4
199.59,507,634,5.938,1,159.6,39.3
199.61,507,634,5.822,1,159.7,39.3
199.64,507,634,5.75,1,159.6,39.3
199.66,505,634,5.613,1,159.6,39.4
199.69,505,634,5.789,1,159.6,39.3
199.71,505,634,5.819,1,159.6,39.3
199.74,637,634,5.865,1,158.9,39.3
199.77,638,634,5.959,1,158.4,39.3
199.79,637,634,6.177,1,158.2,39.3
199.82,638,634,6.102,1,158.0,39.4
199.84,639,637,6.041,1,157.8,39.3
199.87,638,637,6.002,1,158.1,39.3
199.89,506,637,5.879,1,158.2,39.2
199.92,637,637,5.881,1,158.1,39.3
199.94,635,637,5.971,1,158.3,39.3
199.97,503,637,5.919,1,158.3,39.4
199.99,505,637,5.715,1,158.4,39.3
200.02,506,637,5.781,1,158.3,39.4
200.05,507,637,5.977,1,158.4,39.3
200.07,507,637,5.852,1,158.6,39.4
200.1,508,637,5.831,1,158.5,39.3
200.12,507,637,5.85,1,158.7,39.4
200.15,506,637,5.75,1,158.6,39.3
200.17,506,637,5.902,1,158.5,39.4
200.2,506,637,5.903,1,158.6,39.3
200.22,505,637,5.866,1,158.6,39.4
200.25,503,637,5.843,1,158.3,39.3
200.27,502,637,6.163,1,158.1,39.4
200.3,635,637,6.023,1,158.2,39.3
200.33,636,637,6.106,1,158.1,39.3
200.35,505,637,6.079,1,158.0,39.3
200.38,638,637,6.004,1,157.9,39.4
200.4,506,637,5.814,1,158.1,39.3
200.43,507,637,5.903,1,157.8,39.4
200.45,638,638,6.142,1,157.8,39.3
200.48,638,638,6.157,1,157.7,39.3
200.5,639,638,5.954,1,157.7,39.3
200.53,508,638,5.939,1,157.7,39.4
200.55,640,638,5.972,1,157.8,39.3
200.58,508,638,5.937,1,157.7,39.4
200.61,508,638,5.925,1,157.6,39.3
200.63,507,638,5.848,1,157.8,39.4
200.66,638,638,6.116,1,157.7,39.3
200.68,505,638,5.983,1,158.0,39.4
200.71,505,638,5.919,1,158.1,39.3
200.73,637,638,5.998,1,158.2,39.4
200.76,636,638,6.254,1,157.8,39.3
200.78,636,638,6.255,1,157.6,39.3
200.81,637,638,6.311,1,157.8,39.3
200.83,638,638,6.195,1,157.6,39.4
200.86,506,638,5.958,1,157.8,39.3
200.88,507,638,6.008,1,157.9,39.4
200.91,508,638,5.871,1,158.0,39.3
200.94,507,638,5.878,1,157.8,39.4
200.96,507,638,5.909,1,158.0,39.3
200.99,506,638,5.834,1,157.9,39.4
201.01,506,638,5.958,1,158.0,39.3
201.04,507,638,6.003,1,158.1,39.4
201.06,507,638,5.908,1,158.3,39.3
201.09,507,638,5.934,1,158.2,39.4
201.11,508,638,5.953,1,158.0,39.3
201.14,509,638,5.934,1,158.2,39.4
201.16,510,638,5.76,1,158.1,39.3
201.19,510,638,5.811,1,158.2,39.4
201.22,509,638,5.919,1,158.3,39.3
201.24,509,509,5.92,1,158.4,39.3
201.27,508,508,5.827,1,158.0,39.3
201.29,509,509,5.885,1,157.7,39.4
201.32,641,509,5.926,1,157.8,39.3
201.34,642,509,5.965,1,157.6,39.4
201.37,510,509,6.006,1,157.7,39.3
201.39,510,509,5.909,1,157.6,39.3
201.42,642,509,5.88,1,157.7,39.3
201.44,509,509,5.915,1,157.7,39.4
201.47,508,509,5.963,1,158.1,39.3
201.49,507,509,5.967,1,158.3,39.4
201.52,636,509,5.878,1,158.2,39.3
201.55,633,509,6.326,1,158.0,39.4
201.57,633,509,6.41,1,158.1,39.3
201.6,634,509,6.434,1,158.1,39.3
201.62,636,509,6.412,1,157.9,39.3
201.65,636,509,6.329,1,158.0,39.4
201.67,637,509,6.235,1,158.0,39.3
201.7,640,509,5.891,1,158.0,39.3
201.72,509,509,6.064,1,157.6,39.3
201.75,642,509,6.089,1,157.6,39.4
201.78,641,509,6.289,1,157.4,39.3
201.8,641,509,6.346,1,157.2,39.4
201.83,639,509,6.462,1,157.3,39.3
201.85,639,509,6.443,1,157.3,39.3
201.88,639,509,6.311,1,157.4,39.3
201.9,640,509,6.25,1,157.5,39.4
201.93,508,509,6.043,1,157.8,39.3
201.95,509,509,6.023,1,157.7,39.3
201.98,508,509,5.977,1,157.7,39.3
202.0,641,509,5.979,1,157.7,39.4
202.03,640,509,5.947,1,157.6,39.3
202.06,509,509,6.096,1,157.7,39.3
202.08,640,509,6.023,1,157.8,39.3
202.11,640,509,5.975,1,157.8,39.3
202.13,508,508,6.103,1,157.7,39.3
202.16,509,508,5.833,1,158.1,39.3
202.18,510,509,5.942,1,158.0,39.3
202.21,510,509,5.97,1,157.8,39.4
202.23,510,509,6.007,1,157.7,39.3
202.26,509,509,5.96,1,157.7,39.4
202.28,640,509,6.162,1,157.6,39.3
202.31,639,509,6.114,1,157.4,39.4
202.33,637,509,6.595,1,157.2,39.3
202.36,637,509,6.625,1,157.1,39.4
202.39,637,509,6.754,1,157.2,39.3
202.41,638,509,6.61,1,157.2,39.4
202.44,638,509,6.643,1,157.3,39.3
202.46,638,509,6.454,1,157.3,39.4
202.49,639,509,6.326,1,157.4,39.3
202.51,639,509,6.283,1,157.6,39.4
202.54,639,509,6.231,1,157.5,39.3
202.56,638,509,6.085,1,157.7,39.4
202.59,637,509,6.151,1,157.9,39.3
202.61,636,509,6.146,1,158.0,39.4
202.64,634,509,6.18,1,157.8,39.3
202.66,632,632,6.261,1,157.9,39.4
202.69,631,632,6.142,1,158.0,39.3
202.72,630,631,6.45,1,157.8,39.4
202.74,630,630,6.301,1,157.8,39.3
202.77,632,631,6.129,1,158.1,39.4
202.79,501,631,6.091,1,158.1,39.3
202.82,502,631,6.173,1,157.9,39.4
202.84,502,631,6.194,1,158.0,39.3
202.87,634,632,6.325,1,157.8,39.4
202.89,503,632,6.124,1,157.7,39.3
202.92,504,632,6.186,1,157.7,39.3
202.95,506,632,5.954,1,158.0,39.3
202.97,506,632,6.135,1,158.0,39.4
203.0,507,632,6.111,1,158.2,39.3
203.02,505,632,6.018,1,158.7,39.4
203.05,504,632,5.877,1,158.9,39.3
203.07,503,632,5.98,1,158.9,39.3
203.1,503,632,5.974,1,158.9,39.3
203.12,503,632,6.055,1,159.0,39.4
203.15,503,632,5.965,1,158.7,39.3
203.17,504,632,6.011,1,158.7,39.3
203.2,505,632,5.964,1,158.6,39.3
203.22,506,632,5.953,1,158.6,39.4
203.25,507,632,6.07,1,158.6,39.3
203.28,505,505,5.671,1,158.9,39.4
203.3,501,503,5.958,1,159.1,39.3
203.33,499,501,6.028,1,159.0,39.3
203.35,500,500,5.803,1,159.6,39.3
203.38,502,501,6.14,1,159.6,39.3
203.4,502,502,5.969,1,159.4,39.3
203.43,501,501,5.887,1,159.5,39.4
203.45,502,502,6.089,1,159.6,39.3
203.48,504,502,5.836,1,159.7,39.4
203.5,506,502,5.922,1,159.4,39.3
203.53,509,502,5.799,1,159.3,39.4
203.56,508,502,5.799,1,159.1,39.3
203.58,508,504,5.754,1,158.9,39.4
203.61,507,506,5.91,1,158.9,39.3
203.63,506,506,5.85,1,159.2,39.3
203.66,505,506,5.74,1,159.3,39.3
203.68,503,506,6.03,1,159.2,39.4
203.71,504,506,6.01,1,159.6,39.2
203.73,504,506,5.888,1,159.6,39.4
203.76,504,505,5.93,1,159.7,39.3
203.78,504,504,5.883,1,159.6,39.4
203.81,504,504,5.996,1,160.0,39.3
203.83,504,504,6.007,1,159.9,39.4
203.86,505,504,6.057,1,160.0,39.3
203.89,505,504,5.981,1,159.9,39.3
203.91,505,504,5.902,1,159.2,39.3
203.94,505,504,5.912,1,159.0,39.3
203.96,505,505,6.062,1,158.9,39.3
203.99,505,505,6.047,1,158.9,39.3
204.01,507,505,5.997,1,158.7,39.3
204.04,507,505,6.023,1,158.7,39.3
204.06,505,505,5.91,1,158.8,39.3
204.09,504,505,5.963,1,158.8,39.4
204.11,503,505,5.953,1,158.7,39.3
204.14,504,505,5.864,1,158.9,39.3
204.17,505,505,6.057,1,158.8,39.3
204.19,506,505,6.055,1,158.7,39.4
204.22,505,505,5.991,1,158.9,39.3
204.24,505,505,6.039,1,158.9,39.4
204.27,505,505,6.046,1,159.1,39.3
204.29,504,505,5.984,1,159.2,39.3
204.32,502,505,6.009,1,159.5,39.3
204.34,501,505,5.975,1,159.3,39.3
204.37,501,505,5.917,1,159.4,39.3
204.39,501,504,5.898,1,159.5,39.3
204.42,500,502,6.035,1,158.8,39.3
204.45,498,501,6.026,1,158.3,39.3
204.47,500,501,5.958,1,158.4,39.3
204.5,501,501,6.241,1,158.4,39.4
204.52,502,501,6.245,1,158.3,39.3
204.55,502,501,6.134,1,158.2,39.4
204.57,503,501,6.194,1,158.3,39.3
204.6,502,501,5.989,1,158.5,39.3
204.62,498,501,5.81,1,158.7,39.3
204.65,496,501,6.067,1,158.6,39.3
204.67,495,501,6.306,1,158.6,39.3
204.7,496,501,6.24,1,158.7,39.3
204.73,497,498,6.297,1,158.7,39.3
204.75,626,498,6.251,1,158.7,39.3
204.78,626,498,6.252,1,158.5,39.3
204.8,497,497,6.267,1,158.5,39.3
204.83,498,497,6.091,1,158.7,39.3
204.85,500,497,6.132,1,158.8,39.3
204.88,630,497,5.938,1,158.6,39.3
204.9,498,497,6.079,1,158.6,39.3
204.93,497,497,6.234,1,158.4,39.3
204.95,626,497,5.995,1,158.3,39.4
204.98,494,497,6.562,1,157.7,39.3
205.0,623,497,6.674,1,157.4,39.4
205.03,625,497,6.597,1,157.7,39.3
205.06,625,497,6.667,1,157.5,39.2
205.08,625,497,6.756,1,157.6,39.3
205.11,627,497,6.525,1,157.9,39.3
205.13,627,497,6.59,1,157.9,39.3
205.16,626,497,6.462,1,157.8,39.3
205.18,627,497,6.377,1,157.9,39.3
205.21,628,497,6.376,1,158.1,39.4
205.23,629,497,6.491,1,157.9,39.3
205.26,629,497,6.52,1,157.8,39.4
205.28,628,497,6.409,1,157.8,39.4
205.31,627,497,6.713,1,157.5,39.4
205.34,626,497,6.747,1,157.3,39.3
205.36,626,497,6.498,1,157.7,39.4
205.39,628,628,6.593,1,157.9,39.3
205.41,627,628,6.45,1,157.7,39.3
205.44,626,627,6.573,1,157.8,39.3
205.46,625,626,6.942,1,157.4,39.4
205.49,625,626,6.938,1,157.2,39.3
205.51,625,626,6.988,1,157.1,39.3
205.54,625,625,7.049,1,157.2,39.3
205.56,625,625,6.986,1,157.1,39.4
205.59,627,625,6.85,1,157.3,39.3
205.62,628,625,6.693,1,157.3,39.4
205.64,627,625,6.596,1,157.4,39.3
205.67,626,625,6.535,1,157.5,39.3
205.69,626,626,6.75,1,157.3,39.3
205.72,625,626,6.775,1,157.3,39.4
205.74,627,626,6.802,1,157.4,39.3
205.77,627,627,6.89,1,157.3,39.4
205.79,627,627,6.855,1,157.3,39.3
205.82,626,627,6.867,1,157.3,39.4
205.84,625,626,6.775,1,157.3,39.3
205.87,624,626,6.723,1,157.5,39.4
205.9,624,626,6.5,1,157.7,39.3
205.92,623,625,6.623,1,157.7,39.3
205.95,623,625,6.619,1,158.0,39.3
205.97,623,624,6.687,1,157.9,39.4
206.0,623,624,6.708,1,157.8,39.3
206.02,622,623,6.717,1,157.4,39.4
206.05,622,623,6.77,1,157.4,39.3
206.07,623,623,6.365,1,157.8,39.4
206.1,624,623,6.549,1,157.8,39.3
206.12,625,623,6.493,1,158.1,39.3
206.15,626,623,6.322,1,158.1,39.3
206.17,496,623,6.349,1,158.2,39.4
206.2,496,623,6.24,1,158.1,39.3
206.23,626,623,6.245,1,158.2,39.4
206.25,626,624,6.215,1,158.0,39.2
206.28,626,625,6.307,1,158.0,39.4
206.3,494,625,6.33,1,157.8,39.3
206.33,494,625,6.406,1,157.8,39.4
206.35,624,625,6.389,1,157.7,39.3
206.38,624,625,6.123,1,157.7,39.3
206.4,623,625,6.349,1,157.6,39.3
206.43,493,625,6.5,1,157.9,39.3
206.46,494,625,6.45,1,158.3,39.3
206.48,493,625,6.335,1,158.4,39.4
206.51,494,625,6.421,1,158.6,39.3
206.53,494,625,6.355,1,158.4,39.4
206.56,494,625,6.302,1,158.3,39.3
206.58,494,625,6.358,1,158.4,39.4
206.61,493,625,6.278,1,158.2,39.3
206.63,493,625,6.346,1,158.3,39.3
206.66,493,625,6.321,1,158.5,39.3
206.68,493,625,6.363,1,158.8,39.4
206.71,492,625,6.355,1,158.4,39.3
206.73,491,625,6.336,1,158.4,39.4
206.76,490,625,6.234,1,158.3,39.3
206.79,490,625,6.37,1,158.0,39.4
206.81,490,490,6.286,1,158.1,39.3
206.84,490,490,6.454,1,158.2,39.4
206.86,491,490,6.433,1,158.4,39.3
206.89,491,490,6.381,1,158.4,39.3
206.91,490,490,6.194,1,158.5,39.3
206.94,491,490,6.28,1,158.6,39.4
206.96,490,490,6.336,1,158.7,39.3
206.99,490,490,6.36,1,158.7,39.3
207.01,490,490,6.399,1,158.9,39.3
207.04,490,490,6.354,1,158.7,39.4
207.07,490,490,6.317,1,158.3,39.3
207.09,491,490,6.337,1,158.8,39.4
207.12,492,490,6.434,1,158.5,39.3
207.14,492,490,6.281,1,158.5,39.4
207.17,492,490,6.409,1,158.5,39.3
207.19,492,491,6.421,1,158.7,39.4
207.22,491,491,6.161,1,158.6,39.3
207.24,490,491,6.318,1,158.3,39.4
207.27,489,491,6.21,1,158.0,39.3
207.29,489,491,6.344,1,158.1,39.4
207.32,491,491,6.439,1,158.3,39.3
207.34,492,491,6.44,1,158.4,39.4
207.37,493,491,6.457,1,158.3,39.3
207.4,494,491,6.41,1,158.2,39.4
207.42,493,491,6.257,1,158.3,39.3
207.45,494,492,6.431,1,158.4,39.4
207.47,494,493,6.451,1,158.6,39.3
207.5,494,493,6.225,1,158.6,39.4
207.52,492,493,6.423,1,158.4,39.2
207.55,493,493,6.482,1,158.3,39.4
207.57,493,493,6.375,1,158.0,39.3
207.6,492,493,6.365,1,157.8,39.4
207.62,492,493,6.432,1,157.9,39.3
207.65,492,493,6.394,1,158.0,39.4
207.68,492,492,6.351,1,157.9,39.3
207.7,490,492,6.343,1,157.7,39.4
207.73,491,492,6.415,1,158.0,39.3
207.75,490,492,6.274,1,158.1,39.4
207.78,488,492,6.255,1,157.8,39.3
207.8,488,491,6.365,1,157.6,39.4
207.83,489,490,6.597,1,157.9,39.3
207.85,491,490,6.386,1,158.3,39.4
207.88,491,490,6.552,1,158.0,39.3
207.9,492,490,6.398,1,158.0,39.4
207.93,493,491,6.401,1,158.3,39.3
207.96,494,491,6.578,1,158.2,39.3
207.98,494,491,6.465,1,158.4,39.3
208.01,493,492,6.419,1,158.3,39.4
208.03,493,493,6.385,1,158.6,39.3
208.06,492,493,6.337,1,158.4,39.3
208.08,490,493,6.295,1,158.2,39.3
208.11,618,493,6.286,1,157.7,39.4
208.13,618,493,6.362,1,157.5,39.3
208.16,619,493,6.5,1,157.4,39.4
208.18,621,493,6.57,1,157.5,39.3
208.21,492,493,6.362,1,157.9,39.4
208.24,493,493,6.602,1,157.9,39.3
208.26,494,493,6.587,1,158.2,39.2
208.29,495,493,6.481,1,158.1,39.3
208.31,495,493,6.501,1,158.1,39.4
208.34,495,493,6.48,1,158.1,39.3
208.36,495,494,6.512,1,158.3,39.4
208.39,496,495,6.506,1,158.4,39.3
208.41,496,495,6.47,1,158.4,39.3
208.44,495,495,6.428,1,158.4,39.3
208.46,494,495,6.516,1,158.3,39.4
208.49,495,495,6.609,1,158.7,39.3
208.51,495,495,6.599,1,158.7,39.4
208.54,494,495,6.291,1,158.7,39.3
208.57,493,495,6.293,1,158.6,39.4
208.59,493,495,6.257,1,158.6,39.3
208.62,622,495,6.341,1,158.0,39.4
208.64,622,495,6.507,1,157.5,39.3
208.67,622,495,6.573,1,157.3,39.4
208.69,494,494,6.364,1,157.7,39.3
208.72,495,494,6.617,1,157.6,39.4
208.74,496,494,6.526,1,157.7,39.3
208.77,496,495,6.426,1,157.8,39.4
208.79,496,495,6.507,1,158.0,39.3
208.82,496,495,6.493,1,158.0,39.4
208.85,497,496,6.458,1,158.1,39.3
208.87,496,496,6.318,1,158.1,39.4
208.9,497,496,6.586,1,158.3,39.2
208.92,497,496,6.553,1,158.3,39.4
208.95,497,496,6.579,1,158.5,39.3
208.97,498,497,6.463,1,158.5,39.3
209.0,498,497,6.472,1,158.6,39.3
209.02,498,497,6.253,1,158.4,39.4
209.05,497,497,6.33,1,158.4,39.3
209.08,499,497,6.479,1,158.5,39.3
209.1,498,498,6.419,1,158.4,39.3
209.13,498,498,6.334,1,158.3,39.4
209.15,497,498,6.512,1,157.9,39.3
209.18,496,498,6.428,1,157.7,39.4
209.2,625,498,6.426,1,157.4,39.3
209.23,494,498,6.586,1,157.4,39.4
209.25,494,497,6.584,1,157.4,39.2
209.28,494,497,6.542,1,157.7,39.4
209.3,496,496,6.487,1,157.7,39.3
209.33,496,496,6.439,1,157.8,39.4
209.35,493,496,6.244,1,157.8,39.3
209.38,622,496,6.569,1,157.4,39.4
209.41,623,496,6.525,1,157.3,39.3
209.43,494,494,6.535,1,157.3,39.4
209.46,623,494,6.616,1,157.2,39.3
209.48,623,494,6.666,1,156.9,39.4
209.51,624,494,6.523,1,157.1,39.3
209.53,624,494,6.565,1,157.1,39.4
209.56,623,494,6.583,1,157.1,39.3
209.58,623,494,6.57,1,157.1,39.4
209.61,493,494,6.463,1,157.3,39.3
209.63,620,494,6.524,1,157.2,39.3
209.66,619,494,6.702,1,156.7,39.3
209.69,618,494,6.945,1,156.4,39.3
209.71,617,494,7.051,1,156.0,39.3
209.74,617,494,7.102,1,155.8,39.3
209.76,617,494,7.186,1,155.7,39.3
209.79,618,494,7.072,1,156.0,39.3
209.81,619,494,6.779,1,156.4,39.3
209.84,619,494,6.645,1,156.5,39.3
209.86,492,494,6.635,1,156.9,39.3
209.89,493,494,6.559,1,157.2,39.3
209.91,493,493,6.553,1,157.3,39.3
209.94,492,493,6.551,1,157.3,39.3
209.97,493,493,6.668,1,157.8,39.2
209.99,494,493,6.625,1,158.0,39.4
210.02,494,493,6.69,1,158.0,39.3
210.04,495,493,6.631,1,158.1,39.3
210.07,495,493,6.473,1,158.1,39.3
210.09,493,493,6.376,1,157.9,39.3
210.12,493,493,6.455,1,158.0,39.3
210.14,492,493,6.433,1,158.3,39.4
210.17,491,493,6.318,1,158.0,39.3
210.19,492,493,6.497,1,158.4,39.3
210.22,494,493,6.383,1,158.6,39.3
210.24,494,493,6.603,1,158.1,39.4
210.27,493,493,6.531,1,157.6,39.3
210.3,494,493,6.565,1,157.7,39.4
210.32,495,493,6.531,1,157.6,39.3
210.35,495,494,6.614,1,157.7,39.4
210.37,496,494,6.445,1,157.9,39.3
210.4,497,494,6.481,1,158.2,39.4
210.42,496,495,6.455,1,158.3,39.3
210.45,494,495,6.24,1,158.2,39.4
210.47,493,495,6.456,1,158.3,39.3
210.5,492,495,6.475,1,158.4,39.4
210.52,491,495,6.253,1,158.2,39.3
210.55,492,494,6.354,1,158.4,39.4
210.58,494,494,6.454,1,158.6,39.3
210.6,494,494,6.41,1,158.9,39.4
210.63,494,494,6.522,1,158.7,39.3
210.65,494,494,6.618,1,158.9,39.4
210.68,496,494,6.344,1,159.1,39.3
210.7,496,494,6.53,1,159.4,39.4
210.73,494,494,6.355,1,159.5,39.3
210.75,494,494,6.27,1,159.3,39.4
210.78,492,494,6.378,1,158.9,39.3
210.8,492,494,6.235,1,159.0,39.4
210.83,492,494,6.164,1,158.9,39.3
210.85,490,494,6.251,1,158.5,39.4
210.88,491,492,6.347,1,158.7,39.3
210.91,491,492,6.309,1,158.6,39.4
210.93,490,492,6.089,1,158.4,39.3
210.96,488,491,6.323,1,157.7,39.4
210.98,617,491,6.311,1,157.4,39.3
211.01,617,491,6.393,1,157.3,39.4
211.03,618,491,6.469,1,157.2,39.3
211.06,489,491,6.369,1,157.4,39.3
211.08,618,491,6.582,1,157.1,39.3
211.11,618,491,6.507,1,157.1,39.4
211.13,617,491,6.493,1,157.0,39.3
211.16,617,491,6.578,1,156.9,39.4
211.19,488,490,6.501,1,157.1,39.3
211.21,488,490,6.509,1,157.2,39.4
211.24,618,490,6.523,1,157.3,39.3
211.26,489,489,6.456,1,157.4,39.4
211.29,620,489,6.508,1,157.3,39.3
211.31,620,489,6.69,1,157.1,39.4
211.34,620,489,6.625,1,157.0,39.3
211.36,620,489,6.674,1,157.0,39.4
211.39,621,489,6.518,1,157.2,39.3
211.41,621,489,6.437,1,157.4,39.4
211.44,493,489,6.357,1,158.0,39.3
211.47,492,489,6.327,1,158.0,39.4
211.49,492,489,6.344,1,158.1,39.3
211.52,491,489,6.311,1,158.3,39.4
211.54,492,491,6.463,1,158.4,39.3
211.57,492,492,6.465,1,158.4,39.4
211.59,493,492,6.48,1,158.7,39.3
211.62,494,492,6.349,1,159.0,39.3
211.64,494,492,6.313,1,159.0,39.3
211.67,494,492,6.317,1,158.9,39.4
211.69,493,493,6.213,1,158.7,39.3
211.72,494,493,6.267,1,158.6,39.3
211.75,494,494,6.251,1,158.5,39.3
211.77,493,494,6.187,1,158.3,39.3
211.8,622,494,6.299,1,158.0,39.3
211.82,621,494,6.535,1,157.1,39.4
211.85,620,494,6.836,1,156.8,39.3
211.87,621,494,6.734,1,156.9,39.3
211.9,622,494,6.711,1,156.7,39.3
211.92,622,494,6.826,1,156.8,39.3
211.95,622,494,6.851,1,156.8,39.3
211.97,622,494,6.719,1,157.2,39.4
212.0,621,494,6.621,1,157.3,39.3
212.02,621,494,6.661,1,157.4,39.3
212.05,620,494,6.675,1,157.4,39.3
212.08,620,494,6.711,1,157.5,39.3
212.1,620,494,6.717,1,157.7,39.2
212.13,620,494,6.773,1,157.6,39.3
212.15,619,494,6.992,1,157.1,39.3
212.18,618,618,7.025,1,156.9,39.3
212.2,620,619,7.045,1,157.1,39.3
212.23,620,620,7.234,1,157.1,39.3
212.26,620,620,7.118,1,156.9,39.2
212.28,619,620,7.267,1,156.8,39.4
212.3,620,620,7.398,1,156.7,39.3
212.33,621,620,7.464,1,156.2,39.4
212.36,620,620,7.566,1,155.6,39.3
212.38,618,620,7.764,1,155.2,39.4
212.41,620,620,7.887,1,155.4,39.3
212.43,622,620,7.676,1,155.6,39.4
212.46,623,620,7.685,1,155.8,39.3
212.48,623,620,7.557,1,156.1,39.4
212.51,625,621,7.228,1,156.5,39.3
212.53,624,622,7.227,1,156.6,39.4
212.56,622,622,7.409,1,156.4,39.3
212.58,620,622,7.174,1,156.3,39.4
212.61,619,622,7.479,1,156.0,39.3
212.64,617,622,7.333,1,155.8,39.4
212.66,617,622,7.487,1,155.7,39.3
212.69,617,620,7.407,1,155.8,39.4
212.71,618,619,7.494,1,155.9,39.3
212.74,618,618,7.389,1,155.9,39.4
212.76,618,618,7.395,1,155.9,39.3
212.79,617,618,7.438,1,155.5,39.3
212.81,617,617,7.465,1,155.5,39.3
212.84,618,617,7.389,1,155.7,39.4
212.86,619,618,7.638,1,155.4,39.3
212.89,617,618,7.873,1,154.8,39.3
212.92,617,618,7.772,1,154.7,39.3
212.94,617,617,7.8,1,155.2,39.4
212.97,618,617,7.458,1,155.4,39.3
212.99,617,617,7.34,1,155.6,39.4
213.02,615,617,7.17,1,155.4,39.3
213.04,614,617,7.533,1,154.7,39.4
213.07,614,617,7.235,1,154.9,39.3
213.09,617,617,7.083,1,155.7,39.4
213.12,617,617,7.29,1,155.8,39.3
213.14,618,617,7.339,1,155.9,39.4
213.17,619,617,7.039,1,156.4,39.3
213.19,619,617,6.866,1,156.7,39.4
213.22,619,617,6.913,1,156.6,39.3
213.25,618,618,6.966,1,156.5,39.4
213.27,617,618,7.018,1,156.5,39.3
213.3,616,618,6.694,1,156.7,39.3
213.32,615,618,6.873,1,156.4,39.3
213.35,614,618,6.768,1,156.3,39.4
213.37,613,617,7.134,1,155.7,39.3
213.4,613,616,7.254,1,155.2,39.4
213.42,614,615,7.027,1,155.3,39.3
213.45,616,615,7.142,1,155.7,39.4
213.47,617,615,6.763,1,156.4,39.3
213.5,619,615,6.83,1,156.8,39.4
213.53,621,615,6.334,1,157.5,39.3
213.55,621,616,6.423,1,157.6,39.4
213.58,621,617,6.298,1,157.8,39.3
213.6,619,619,6.553,1,157.5,39.4
213.63,620,619,6.312,1,157.8,39.3
213.65,491,619,6.217,1,158.1,39.4
213.68,492,619,6.323,1,158.3,39.3
213.7,493,619,6.315,1,158.4,39.4
213.73,623,620,6.326,1,158.3,39.3
213.75,623,621,6.357,1,158.1,39.4
213.78,623,621,6.37,1,157.8,39.3
213.81,622,621,6.354,1,157.8,39.3
213.83,620,621,6.445,1,157.2,39.3
213.86,620,621,6.853,1,156.8,39.4
213.88,622,622,6.77,1,156.8,39.3
213.91,623,622,6.838,1,156.6,39.4
213.93,624,623,7.043,1,156.3,39.3
213.96,624,623,7.039,1,156.2,39.4
213.98,625,623,6.85,1,156.7,39.3
214.01,624,623,6.907,1,156.6,39.4
214.03,624,624,6.958,1,156.5,39.3
214.06,623,624,6.795,1,156.4,39.3
214.09,622,624,7.103,1,156.2,39.3
214.11,620,624,7.501,1,155.6,39.4
214.14,621,624,7.283,1,155.9,39.3
214.16,621,623,7.301,1,155.9,39.4
214.19,621,622,7.341,1,155.7,39.3
214.21,622,622,7.429,1,155.7,39.4
214.24,623,622,7.505,1,155.6,39.3
214.26,625,622,7.597,1,155.8,39.3
214.29,624,622,7.71,1,155.4,39.3
214.31,623,622,7.693,1,155.4,39.3
214.34,622,622,7.869,1,155.1,39.3
214.37,621,622,7.689,1,155.1,39.3
214.39,619,622,7.972,1,154.5,39.3
214.42,618,622,8.042,1,154.3,39.3
214.44,616,622,7.713,1,154.1,39.3
214.47,612,621,7.442,1,153.6,39.3
214.49,608,619,7.906,1,152.6,39.3
214.52,612,618,7.646,1,153.7,39.3
214.54,616,616,6.862,1,155.1,39.3
214.57,620,616,7.421,1,155.6,39.4
214.59,623,616,7.615,1,155.6,39.3
214.62,625,616,7.349,1,155.8,39.4
214.64,628,616,7.281,1,156.0,39.3
214.67,627,620,7.61,1,155.6,39.4
214.7,626,623,7.61,1,155.3,39.3
214.72,625,625,7.861,1,155.1,39.4
214.75,625,625,7.81,1,155.2,39.3
214.77,623,625,7.92,1,155.0,39.4
214.8,622,625,8.05,1,154.8,39.3
214.82,623,625,7.66,1,155.2,39.4
214.85,625,625,7.769,1,155.4,39.3
214.87,626,625,7.873,1,155.4,39.4
214.9,625,625,8.086,1,155.1,39.3
214.92,623,625,7.926,1,154.8,39.4
214.95,622,623,8.438,1,154.4,39.3
214.98,623,623,8.281,1,154.5,39.4
215.0,625,623,7.305,1,155.2,39.2
215.03,628,625,7.923,1,155.1,39.4
215.05,629,625,7.755,1,155.3,39.3
215.08,630,625,7.81,1,155.4,39.4
215.1,629,625,7.818,1,155.2,39.3
215.13,627,627,7.937,1,155.2,39.4
215.15,627,627,7.857,1,155.2,39.3
215.18,629,628,7.712,1,155.5,39.4
215.2,630,629,7.816,1,155.5,39.3
215.23,630,629,7.83,1,155.5,39.4
215.26,630,629,7.876,1,155.4,39.2
215.28,630,630,7.645,1,155.5,39.4
215.31,631,630,7.705,1,155.5,39.3
215.33,629,630,7.701,1,155.2,39.4
215.36,628,630,7.855,1,155.3,39.3
215.38,628,630,7.923,1,155.2,39.4
215.41,629,630,7.822,1,155.3,39.3
215.43,628,629,7.914,1,155.0,39.4
215.46,627,629,8.086,1,154.9,39.3
215.48,627,628,8.027,1,154.7,39.4
215.51,628,628,7.656,1,155.2,39.3
215.53,630,628,7.812,1,155.2,39.4
215.56,631,628,7.696,1,155.5,39.3
215.59,632,628,7.577,1,155.6,39.4
215.61,633,629,7.546,1,155.8,39.3
215.64,631,630,7.629,1,155.6,39.4
215.66,631,631,7.628,1,155.4,39.3
215.69,632,631,7.538,1,155.9,39.4
215.71,632,631,7.549,1,155.8,39.3
215.74,632,632,7.503,1,155.8,39.4
215.76,632,632,7.573,1,155.7,39.3
215.79,632,632,7.529,1,155.8,39.4
215.81,631,632,7.481,1,155.6,39.3
215.84,630,632,7.722,1,155.4,39.4
215.87,630,632,7.587,1,155.5,39.3
215.89,628,632,7.77,1,155.3,39.3
215.92,628,631,7.698,1,155.4,39.3
215.94,627,630,7.912,1,155.1,39.4
215.97,627,630,7.906,1,155.2,39.3
215.99,627,628,7.909,1,155.1,39.4
216.02,627,628,7.885,1,155.1,39.3
216.04,628,628,7.595,1,155.4,39.4
216.07,630,628,7.48,1,155.6,39.3
216.09,631,628,7.514,1,155.6,39.4
216.12,628,628,7.362,1,155.4,39.3
216.15,627,627,7.765,1,155.3,39.4
216.17,627,627,7.677,1,155.4,39.3
216.2,629,628,7.362,1,155.7,39.3
216.22,630,628,7.402,1,155.8,39.3
216.25,629,629,7.379,1,155.8,39.3
216.27,628,629,7.435,1,155.7,39.3
216.3,629,629,7.368,1,155.9,39.4
216.32,629,629,7.358,1,155.8,39.3
216.35,630,629,7.261,1,156.0,39.3
216.37,631,629,7.168,1,156.1,39.3
216.4,631,629,7.142,1,156.4,39.4
216.43,630,630,7.077,1,156.2,39.3
216.45,630,630,7.078,1,156.1,39.4
216.48,631,630,7.051,1,156.1,39.3
216.5,629,630,7.473,1,155.7,39.4
216.53,627,630,7.246,1,155.6,39.2
216.55,627,630,7.087,1,155.7,39.4
216.58,629,630,7.27,1,156.0,39.3
216.6,630,630,6.761,1,156.3,39.4
216.63,631,630,6.857,1,156.3,39.3
216.65,631,630,6.915,1,156.3,39.4
216.68,630,630,7.091,1,156.0,39.3
216.7,630,630,6.889,1,156.3,39.4
216.73,631,630,6.633,1,156.5,39.3
216.76,632,630,6.775,1,156.5,39.4
216.78,632,631,6.782,1,156.5,39.3
216.81,631,631,6.869,1,156.4,39.4
216.83,631,631,6.917,1,156.2,39.2
216.86,631,631,6.893,1,156.2,39.4
216.88,631,631,7.085,1,156.2,39.3
216.91,630,631,6.954,1,156.1,39.4
216.93,629,631,6.971,1,155.9,39.3
216.96,628,631,7.136,1,155.8,39.3
216.99,630,631,7.172,1,155.9,39.3
217.01,630,630,7.276,1,155.7,39.3
217.04,628,630,7.435,1,155.5,39.3
217.06,627,630,7.499,1,155.2,39.4
217.09,627,629,7.587,1,155.3,39.3
217.11,628,628,7.279,1,155.5,39.4
217.14,630,628,7.196,1,155.8,39.3
217.16,629,628,7.311,1,155.7,39.4
217.19,629,629,7.366,1,155.5,39.3
217.21,629,629,7.373,1,155.8,39.4
217.24,630,629,7.012,1,155.9,39.3
217.26,632,629,7.139,1,156.0,39.4
217.29,632,629,7.179,1,155.9,39.3
217.32,632,630,7.366,1,155.9,39.4
217.34,636,630,6.489,1,156.2,39.3
217.37,638,632,7.154,1,155.8,39.4
217.39,636,632,7.018,1,155.6,39.3
217.42,632,632,7.37,1,155.3,39.4
217.44,628,632,6.458,1,155.4,39.2
217.47,620,632,6.285,1,154.7,39.4
217.49,612,632,7.694,1,152.8,39.4
217.52,612,632,7.817,1,152.7,39.4
217.54,618,628,7.407,1,154.1,39.3
217.57,623,623,7.594,1,154.7,39.4
217.6,625,623,8.189,1,154.7,39.3
217.62,623,623,8.26,1,154.3,39.4
217.65,622,622,8.342,1,154.0,39.3
217.67,622,622,8.519,1,154.2,39.4
217.7,623,622,8.138,1,154.3,39.3
217.72,624,623,8.228,1,154.5,39.4
217.75,626,623,7.777,1,154.8,39.3
217.77,627,623,8.193,1,154.8,39.4
217.8,628,624,7.857,1,154.9,39.3
217.82,628,624,7.973,1,155.1,39.4
217.85,628,626,7.945,1,155.0,39.3
217.87,628,627,7.834,1,155.1,39.4
217.9,627,627,7.958,1,155.0,39.3
217.93,627,627,7.769,1,155.2,39.4
217.95,625,627,7.787,1,155.1,39.3
217.98,625,627,7.76,1,155.2,39.4
218.0,626,627,7.833,1,155.3,39.3
218.03,626,627,7.983,1,155.1,39.3
218.05,625,626,8.038,1,154.9,39.3
218.08,626,626,8.166,1,154.9,39.4
218.1,626,626,7.935,1,155.1,39.3
218.13,626,626,7.903,1,154.9,39.4
218.15,628,626,7.58,1,155.3,39.3
218.18,629,626,7.622,1,155.3,39.4
218.21,629,626,7.521,1,155.1,39.3
218.23,628,626,7.839,1,155.1,39.4
218.26,627,627,7.733,1,155.0,39.3
218.28,628,628,7.807,1,155.1,39.4
218.31,627,628,7.915,1,154.8,39.3
218.33,627,628,7.944,1,154.8,39.4
218.36,627,628,8.003,1,154.9,39.3
218.38,626,627,7.976,1,154.7,39.4
218.41,624,627,8.156,1,154.5,39.3
218.43,623,627,8.161,1,154.4,39.4
218.46,623,627,8.198,1,154.4,39.3
218.48,623,626,8.257,1,154.4,39.4
218.51,624,624,8.267,1,154.5,39.3
218.54,624,624,8.19,1,154.6,39.3
218.56,624,624,8.213,1,154.3,39.3
