elapsed_s,boundary_y,confidence,found,roi_brightness,fps
0.0,497,7.901,1,128.1,39.3
0.02,496,7.821,1,128.3,39.3
0.05,496,7.793,1,128.3,39.3
0.08,496,7.679,1,128.2,39.3
0.1,491,7.601,1,129.0,39.4
0.13,490,7.384,1,129.2,39.2
0.15,491,7.365,1,128.5,39.3
0.18,495,7.429,1,127.7,39.3
0.2,497,7.415,1,127.5,39.4
0.23,498,7.346,1,127.4,39.3
0.25,501,7.623,1,127.1,39.4
0.28,500,7.451,1,127.3,39.3
0.3,498,7.244,1,127.5,39.3
0.33,497,7.476,1,127.8,39.3
0.36,497,7.755,1,127.9,39.3
0.38,495,7.626,1,128.3,39.3
0.41,494,7.538,1,128.5,39.4
0.43,495,7.775,1,128.4,39.3
0.46,498,7.871,1,127.9,39.2
0.48,498,7.659,1,127.9,39.3
0.51,498,7.681,1,127.8,39.4
0.53,500,7.782,1,127.6,39.3
0.56,500,7.652,1,127.7,39.4
0.58,499,7.546,1,127.7,39.3
0.61,499,7.57,1,127.7,39.2
0.64,498,7.867,1,127.7,39.3
0.66,498,7.517,1,127.7,39.4
0.69,499,7.266,1,127.4,39.3
0.71,500,7.566,1,127.3,39.4
0.74,500,7.679,1,127.3,39.3
0.76,500,7.595,1,127.3,39.3
0.79,501,7.367,1,127.3,39.3
0.81,502,7.617,1,127.3,39.4
0.84,501,7.443,1,127.5,39.3
0.86,500,7.517,1,127.6,39.3
0.89,499,7.569,1,127.7,39.3
0.92,496,7.408,1,127.9,39.3
0.94,491,7.397,1,128.8,39.3
0.97,492,7.463,1,128.7,39.4
0.99,494,7.455,1,128.1,39.3
1.02,495,7.401,1,127.9,39.3
1.04,495,7.462,1,127.9,39.3
1.07,497,7.448,1,127.5,39.4
1.09,499,7.704,1,127.5,39.4
1.12,499,7.615,1,127.5,39.3
1.14,500,7.639,1,127.5,39.3
1.17,501,7.609,1,127.6,39.3
1.2,500,7.645,1,127.6,39.3
1.22,501,7.484,1,127.5,39.3
1.25,503,7.715,1,127.3,39.3
1.27,502,7.606,1,127.3,39.4
1.3,499,7.476,1,127.4,39.3
1.32,503,7.653,1,127.3,39.4
1.35,504,7.549,1,127.1,39.3
1.37,503,7.507,1,127.1,39.4
1.4,504,7.59,1,127.1,39.4
1.42,504,7.479,1,127.0,39.4
1.45,504,7.367,1,127.0,39.3
1.47,505,7.368,1,126.9,39.3
1.5,508,7.589,1,126.5,39.3
1.53,508,7.573,1,126.5,39.3
1.55,509,7.706,1,126.4,39.3
1.58,510,7.787,1,126.4,39.4
1.6,509,7.665,1,126.5,39.3
1.63,507,7.631,1,126.6,39.3
1.65,507,7.74,1,126.6,39.3
1.68,508,7.816,1,126.7,39.3
1.7,506,7.619,1,126.9,39.3
1.73,505,7.723,1,127.0,39.3
1.75,507,7.826,1,127.0,39.3
1.78,507,7.997,1,127.1,39.3
1.81,505,7.892,1,127.2,39.3
1.83,505,7.883,1,127.2,39.3
1.86,507,7.818,1,127.1,39.3
1.88,507,7.982,1,127.1,39.4
1.91,507,7.743,1,127.0,39.3
1.93,507,7.777,1,127.0,39.4
1.96,508,7.851,1,127.0,39.3
1.98,507,7.598,1,126.9,39.4
2.01,509,7.601,1,126.9,39.4
2.03,511,7.886,1,126.9,39.4
2.06,513,8.03,1,127.0,39.3
2.08,515,8.101,1,127.1,39.4
2.11,517,8.165,1,127.2,39.3
2.14,517,7.994,1,127.2,39.3
2.16,516,7.875,1,127.1,39.3
2.19,515,7.902,1,127.1,39.4
2.21,515,7.829,1,127.1,39.3
2.24,515,7.673,1,126.9,39.3
2.26,515,7.66,1,126.9,39.2
2.29,516,7.716,1,126.9,39.3
2.31,516,7.639,1,126.9,39.3
2.34,518,7.742,1,126.9,39.4
2.36,520,7.811,1,126.9,39.3
2.39,522,7.802,1,126.8,39.4
2.42,521,7.735,1,126.7,39.2
2.44,521,7.822,1,126.6,39.3
2.47,520,7.657,1,126.6,39.3
2.49,514,7.503,1,127.0,39.4
2.52,510,7.68,1,126.8,39.3
2.54,509,7.539,1,126.6,39.4
2.57,508,7.406,1,126.1,39.3
2.59,506,6.972,1,125.5,39.4
2.62,511,6.682,1,124.9,39.3
2.64,517,6.633,1,124.1,39.4
2.67,522,6.735,1,123.6,39.3
2.7,523,6.682,1,123.0,39.3
2.72,529,6.526,1,122.4,39.3
2.75,535,6.42,1,121.7,39.3
2.77,541,6.624,1,121.1,39.3
2.8,548,6.593,1,121.2,39.4
2.82,553,6.819,1,121.4,39.3
2.85,552,7.065,1,121.1,39.3
2.87,551,7.222,1,120.7,39.2
2.9,550,7.335,1,120.6,39.3
2.92,547,7.514,1,121.0,39.3
2.95,548,7.846,1,122.3,39.4
2.98,554,7.261,1,124.5,39.3
3.0,561,7.652,1,126.1,39.4
3.03,565,8.018,1,127.2,39.3
3.05,567,8.227,1,127.6,39.3
3.08,566,8.185,1,127.9,39.3
3.1,562,8.006,1,127.9,39.4
3.13,557,8.05,1,127.4,39.3
3.15,553,8.243,1,127.0,39.4
3.18,550,8.878,1,126.3,39.2
3.2,554,7.449,1,126.6,39.3
3.23,560,7.714,1,127.0,39.3
3.25,564,7.751,1,127.2,39.4
3.28,567,7.663,1,127.0,39.3
3.31,569,7.993,1,127.0,39.4
3.33,569,8.043,1,127.2,39.2
3.36,565,7.603,1,127.2,39.3
3.38,560,7.562,1,126.9,39.3
3.41,555,8.351,1,126.6,39.4
3.43,552,8.504,1,126.2,39.3
3.46,550,8.569,1,125.9,39.3
3.48,549,8.742,1,125.8,39.3
3.51,552,8.37,1,126.1,39.2
3.53,555,8.474,1,126.3,39.3
3.56,558,8.591,1,126.2,39.4
3.59,559,8.494,1,126.4,39.3
3.61,560,8.215,1,126.5,39.4
3.64,559,8.215,1,126.6,39.3
3.66,557,8.31,1,126.6,39.3
3.69,557,8.19,1,126.6,39.3
3.71,556,8.018,1,126.6,39.4
3.74,554,8.557,1,126.6,39.3
3.76,555,8.354,1,126.6,39.4
3.79,556,8.431,1,127.3,39.3
3.81,553,8.214,1,128.5,39.4
3.84,551,8.733,1,128.2,39.3
3.87,551,8.795,1,127.2,39.4
3.89,550,8.145,1,125.9,39.3
3.92,547,8.481,1,125.8,39.4
3.94,547,8.597,1,125.9,39.3
3.97,548,8.828,1,126.0,39.3
3.99,548,8.859,1,125.8,39.3
4.02,548,8.846,1,125.9,39.3
4.04,547,8.89,1,125.8,39.3
4.07,545,8.759,1,125.7,39.3
4.09,541,8.129,1,125.6,39.3
4.12,538,8.789,1,125.2,39.4
4.15,539,8.659,1,125.0,39.3
4.17,539,8.814,1,125.0,39.4
4.2,540,8.566,1,125.2,39.3
4.22,541,8.709,1,125.5,39.4
4.25,542,8.734,1,125.9,39.3
4.27,542,8.751,1,126.6,39.4
4.3,542,8.305,1,126.9,39.3
4.32,542,8.768,1,126.9,39.4
4.35,542,8.779,1,127.2,39.3
4.37,541,8.119,1,127.5,39.4
4.4,540,8.369,1,127.4,39.3
4.42,541,8.657,1,127.6,39.4
4.45,541,9.147,1,127.8,39.3
4.48,537,8.757,1,127.6,39.4
4.5,534,9.211,1,126.9,39.3
4.53,533,9.034,1,126.9,39.4
4.55,531,8.491,1,127.1,39.2
4.58,530,8.547,1,126.4,39.4
4.6,532,8.753,1,125.7,39.3
4.63,536,7.498,1,126.6,39.4
4.65,539,10.312,1,128.1,39.3
4.68,540,9.856,1,127.5,39.3
4.71,541,8.585,1,128.1,39.3
4.73,543,7.418,1,130.7,39.3
4.76,531,4.811,1,130.3,39.3
4.78,529,6.881,1,129.5,39.3
4.81,526,8.547,1,127.2,39.3
4.83,525,9.087,1,126.0,39.3
4.86,527,7.273,1,125.8,39.2
4.88,526,6.866,1,126.7,39.3
4.91,526,7.772,1,128.0,39.3
4.93,528,8.344,1,127.9,39.3
4.96,528,8.043,1,129.1,39.3
4.98,529,6.656,1,129.9,39.3
5.01,529,6.438,1,129.6,39.3
5.04,529,5.729,1,129.0,39.3
5.06,533,5.451,1,129.0,39.3
5.09,530,7.17,1,128.1,39.4
5.11,530,9.137,1,131.0,39.3
5.14,531,7.702,1,129.9,39.3
5.16,533,6.983,1,129.6,39.2
5.19,535,7.063,1,130.1,39.4
5.21,537,8.354,1,129.9,39.3
5.24,536,8.697,1,129.4,39.4
5.26,535,8.557,1,129.0,39.3
5.29,536,8.318,1,129.4,39.4
5.32,538,8.482,1,128.9,39.3
5.34,541,7.593,1,126.3,39.4
5.37,538,6.896,1,125.0,39.3
5.39,536,7.74,1,125.1,39.4
5.42,535,9.234,1,124.4,39.3
5.44,535,9.554,1,125.5,39.3
5.47,535,9.762,1,126.1,39.2
5.49,534,9.531,1,125.3,39.3
5.52,536,8.826,1,125.6,39.3
5.54,536,8.84,1,125.4,39.4
5.57,535,9.803,1,126.1,39.3
5.59,535,10.49,1,126.0,39.3
5.62,533,10.219,1,126.0,39.3
5.65,529,9.348,1,126.9,39.3
5.67,527,8.575,1,126.9,39.3
5.7,527,8.265,1,127.2,39.4
5.72,526,9.125,1,126.5,39.3
5.75,525,10.635,1,126.7,39.3
5.77,524,10.363,1,127.9,39.3
5.8,519,8.208,1,129.3,39.3
5.82,515,9.531,1,129.4,39.3
5.85,512,9.675,1,129.1,39.4
5.87,514,9.117,1,129.0,39.3
5.9,515,9.273,1,128.9,39.3
5.93,516,8.892,1,129.1,39.2
5.95,518,9.133,1,129.4,39.3
5.98,519,10.006,1,129.7,39.3
6.0,518,9.995,1,129.8,39.4
6.03,517,9.567,1,129.8,39.3
6.05,518,8.954,1,130.4,39.3
6.08,518,8.973,1,130.9,39.2
6.1,512,8.597,1,132.2,39.3
6.13,505,9.815,1,133.1,39.3
6.15,504,10.151,1,133.6,39.4
6.18,503,9.277,1,134.6,39.3
6.21,652,8.393,1,137.8,39.4
6.23,493,9.734,1,139.8,39.3
6.26,649,9.89,1,140.0,39.4
6.28,492,10.543,1,139.8,39.3
6.31,494,9.238,1,139.1,39.4
6.33,500,8.127,1,137.8,39.3
6.36,504,9.122,1,136.9,39.4
6.38,503,9.311,1,136.9,39.3
6.41,503,9.628,1,136.7,39.3
6.43,505,9.747,1,136.4,39.3
6.46,504,9.38,1,137.0,39.3
6.49,504,9.313,1,137.6,39.3
6.51,507,8.429,1,137.6,39.3
6.54,510,8.666,1,137.4,39.2
6.56,512,8.475,1,137.5,39.4
6.59,515,8.007,1,137.1,39.4
6.61,518,8.462,1,136.4,39.4
6.64,517,8.778,1,136.4,39.3
6.66,516,8.909,1,136.3,39.4
6.69,518,8.461,1,136.5,39.3
6.71,519,8.486,1,136.4,39.4
6.74,518,8.605,1,136.0,39.3
6.76,520,8.492,1,135.6,39.4
6.79,522,8.852,1,135.4,39.3
6.82,521,8.828,1,135.7,39.3
6.84,518,8.519,1,135.7,39.2
6.87,518,9.454,1,135.2,39.3
6.89,517,10.007,1,134.9,39.3
6.92,517,10.014,1,135.3,39.4
6.94,519,9.446,1,135.5,39.3
6.97,520,9.185,1,135.8,39.3
7.0,519,8.932,1,136.2,39.2
7.02,519,8.894,1,136.1,39.3
7.05,522,9.098,1,136.0,39.3
7.07,523,8.983,1,135.8,39.4
7.1,525,8.522,1,135.7,39.3
7.12,528,8.333,1,135.7,39.4
7.15,530,8.649,1,135.9,39.1
7.17,529,8.533,1,135.9,39.4
7.2,528,8.489,1,136.2,39.4
7.22,529,8.827,1,136.2,39.4
7.25,527,8.792,1,136.1,39.4
7.27,523,9.117,1,136.2,39.4
7.3,522,9.497,1,135.6,39.3
7.32,524,9.269,1,135.3,39.3
7.35,524,9.224,1,135.1,39.4
7.38,524,9.234,1,135.0,39.4
7.4,525,9.317,1,135.1,39.3
7.43,526,9.602,1,135.1,39.4
7.45,524,9.626,1,134.9,39.2
7.48,522,9.792,1,134.6,39.4
7.5,523,9.523,1,133.9,39.3
7.53,524,9.893,1,133.6,39.4
7.55,523,9.839,1,133.8,39.3
7.58,525,9.917,1,133.5,39.4
7.6,529,9.602,1,133.0,39.3
7.63,530,10.331,1,132.4,39.4
7.66,528,10.096,1,132.4,39.3
7.68,528,9.865,1,132.1,39.3
7.71,530,10.079,1,131.8,39.3
7.73,528,9.857,1,131.7,39.3
7.76,526,10.04,1,131.5,39.2
7.78,528,9.129,1,131.5,39.3
7.81,530,9.206,1,131.3,39.3
7.83,529,9.114,1,131.3,39.4
7.86,528,9.301,1,131.4,39.3
7.88,529,9.357,1,131.6,39.4
7.91,533,9.711,1,131.6,39.3
7.94,535,9.956,1,131.9,39.3
7.96,537,9.26,1,132.5,39.3
7.99,543,8.973,1,133.3,39.4
8.01,546,10.309,1,133.3,39.4
8.04,546,10.299,1,132.8,39.4
8.06,544,10.154,1,132.3,39.3
8.09,546,9.783,1,132.5,39.3
8.11,547,9.81,1,132.4,39.3
8.14,544,9.094,1,132.1,39.4
8.16,542,9.418,1,132.0,39.4
8.19,542,9.823,1,132.1,39.4
8.22,540,9.481,1,132.1,39.3
8.24,537,9.633,1,131.8,39.3
8.27,537,9.452,1,131.8,39.3
8.29,540,9.593,1,131.5,39.4
8.32,541,9.126,1,131.2,39.3
8.34,542,8.22,1,131.5,39.4
8.37,546,8.346,1,131.8,39.3
8.39,546,8.295,1,131.5,39.3
8.42,546,8.214,1,131.1,39.3
8.44,546,8.343,1,131.3,39.4
8.47,545,8.316,1,131.1,39.3
8.49,544,8.323,1,130.4,39.3
8.52,543,8.597,1,130.3,39.3
8.55,543,8.917,1,130.4,39.4
8.57,543,8.617,1,130.6,39.3
8.6,543,8.38,1,130.7,39.4
8.62,546,8.095,1,131.0,39.3
8.65,549,8.362,1,131.0,39.4
8.67,550,8.459,1,131.1,39.3
8.7,551,8.194,1,131.1,39.3
8.72,551,8.08,1,131.1,39.3
8.75,552,8.137,1,131.1,39.3
8.77,552,7.961,1,131.1,39.3
8.8,553,7.651,1,131.2,39.4
8.83,553,7.657,1,131.2,39.3
8.85,551,7.863,1,130.9,39.3
8.88,549,8.093,1,130.7,39.3
8.9,548,8.122,1,130.6,39.3
8.93,545,7.962,1,130.5,39.3
8.95,546,8.009,1,130.7,39.3
8.98,544,7.731,1,130.9,39.3
9.0,543,7.862,1,131.0,39.4
9.03,543,8.103,1,131.3,39.3
9.05,538,8.045,1,131.6,39.4
9.08,535,8.907,1,131.3,39.3
9.1,535,9.231,1,131.1,39.4
9.13,536,9.569,1,130.9,39.3
9.17,535,9.437,1,130.6,38.4
9.19,536,9.292,1,130.7,39.8
9.22,540,8.87,1,131.0,39.3
9.24,543,9.425,1,131.1,39.9
9.28,545,9.289,1,131.4,38.5
9.29,547,9.018,1,131.8,39.9
9.31,550,9.068,1,132.2,41.7
9.33,552,9.771,1,132.4,41.5
9.36,551,9.558,1,132.3,41.3
9.38,549,9.517,1,132.1,41.1
9.41,548,9.615,1,131.7,41.0
9.43,545,9.215,1,131.2,40.7
9.46,541,9.115,1,130.8,40.6
9.48,536,9.059,1,130.9,40.5
9.51,535,9.286,1,131.0,40.4
9.54,533,9.282,1,131.2,40.3
9.56,533,9.428,1,131.4,40.2
9.59,536,9.187,1,131.5,40.0
9.61,537,9.581,1,131.4,40.0
9.64,537,9.547,1,131.6,40.0
9.66,537,9.609,1,131.7,39.9
9.69,536,9.486,1,131.7,39.8
9.71,534,9.394,1,131.7,39.8
9.74,532,9.65,1,131.7,39.6
9.76,530,9.297,1,132.0,39.7
9.79,529,9.382,1,132.0,39.6
9.81,530,9.375,1,132.2,39.7
9.84,530,9.306,1,132.1,39.6
9.87,530,9.317,1,132.1,39.6
9.89,527,8.564,1,132.6,39.4
9.92,529,9.08,1,132.5,39.5
9.94,530,8.954,1,132.5,39.5
9.97,528,8.878,1,132.5,39.5
9.99,528,9.339,1,132.6,39.4
10.02,527,9.409,1,132.7,39.5
10.04,524,9.229,1,132.9,39.3
10.07,523,9.855,1,132.7,39.4
10.09,522,9.627,1,132.4,39.5
10.12,523,9.471,1,132.3,39.5
10.15,523,9.485,1,132.4,39.4
10.17,524,9.282,1,132.8,39.4
10.2,522,8.938,1,133.2,39.3
10.22,521,9.208,1,133.2,39.3
10.25,520,9.453,1,133.3,39.4
10.27,519,9.47,1,133.3,39.4
10.3,519,9.425,1,133.2,39.4
10.32,519,9.44,1,133.0,39.4
10.35,520,9.654,1,132.7,39.3
10.37,522,9.523,1,132.6,39.3
10.4,524,9.363,1,132.7,39.3
10.43,525,9.387,1,133.0,39.4
10.45,527,9.66,1,133.3,39.4
10.48,527,9.813,1,133.4,39.4
10.5,527,9.738,1,133.5,39.3
10.53,527,9.687,1,133.6,39.3
10.55,527,9.733,1,133.6,39.4
10.58,527,9.792,1,133.6,39.4
10.6,527,9.846,1,133.4,39.3
10.63,528,9.869,1,133.4,39.4
10.66,527,9.774,1,133.3,39.2
10.68,526,9.913,1,133.2,39.2
10.71,526,9.946,1,133.0,39.4
10.73,526,9.852,1,133.1,39.4
10.76,525,9.716,1,133.1,39.3
10.78,525,9.566,1,133.1,39.4
10.81,526,9.331,1,133.2,39.3
10.83,527,9.417,1,133.2,39.3
10.86,528,9.465,1,133.2,39.4
10.88,528,9.415,1,133.1,39.4
10.91,526,8.585,1,133.1,39.4
10.93,526,9.332,1,133.1,39.4
10.96,525,9.643,1,132.8,39.3
10.99,524,9.395,1,132.7,39.3
11.01,525,9.346,1,132.7,39.4
11.04,527,9.257,1,132.8,39.4
11.06,528,9.109,1,132.8,39.3
11.09,530,9.111,1,132.8,39.4
11.11,532,9.253,1,132.8,39.2
11.14,532,9.313,1,132.7,39.3
11.16,532,9.468,1,132.6,39.2
11.19,532,9.531,1,132.6,39.4
11.21,532,9.472,1,132.5,39.3
11.24,531,9.281,1,132.4,39.4
11.27,529,9.274,1,132.4,39.3
11.29,528,9.297,1,132.4,39.3
11.32,528,9.125,1,132.5,39.4
11.34,528,8.977,1,132.7,39.4
11.37,528,9.041,1,132.8,39.4
11.39,530,9.357,1,132.8,39.4
11.42,530,9.387,1,132.8,39.3
11.44,530,9.355,1,132.9,39.3
11.47,530,9.607,1,132.9,39.3
11.49,530,9.531,1,132.9,39.4
11.52,530,9.469,1,132.8,39.4
11.54,530,9.315,1,132.6,39.3
11.57,529,9.153,1,132.4,39.2
11.6,530,9.093,1,132.3,39.3
11.62,533,9.239,1,132.2,39.3
11.65,534,9.302,1,132.2,39.4
11.67,533,9.033,1,132.1,39.3
11.7,532,9.048,1,132.2,39.4
11.72,531,8.957,1,132.3,39.3
11.75,531,8.737,1,132.3,39.3
11.77,530,8.799,1,132.4,39.4
11.8,530,8.967,1,132.5,39.3
11.82,531,9.229,1,132.4,39.3
11.85,531,9.222,1,132.4,39.4
11.88,531,9.261,1,132.4,39.2
11.9,531,9.258,1,132.3,39.3
11.93,532,9.215,1,132.2,39.3
11.95,533,8.873,1,132.3,39.4
11.98,532,8.899,1,132.3,39.3
12.0,530,8.637,1,132.5,39.4
12.03,529,8.749,1,132.7,39.2
12.05,529,8.609,1,132.7,39.3
12.08,529,8.747,1,132.6,39.3
12.1,530,9.088,1,132.5,39.4
12.13,532,9.003,1,132.2,39.3
12.16,534,8.98,1,131.8,39.4
12.18,535,9.24,1,131.8,39.2
12.21,535,8.971,1,131.9,39.4
12.23,535,8.728,1,132.0,39.4
12.26,534,8.803,1,132.2,39.4
12.28,534,8.913,1,132.4,39.4
12.31,533,8.743,1,132.5,39.4
12.33,532,8.823,1,132.5,39.3
12.36,532,8.884,1,132.4,39.3
12.38,532,8.886,1,132.2,39.4
12.41,533,8.634,1,132.0,39.4
12.44,533,8.622,1,131.9,39.3
12.46,534,8.577,1,132.0,39.3
12.49,535,8.886,1,132.0,39.2
12.51,535,8.957,1,132.0,39.3
12.54,535,9.014,1,132.0,39.3
12.56,535,8.959,1,131.9,39.4
12.59,535,8.727,1,132.0,39.4
12.61,536,8.322,1,131.9,39.4
12.64,538,8.394,1,131.9,39.3
12.66,540,8.697,1,132.0,39.3
12.69,540,8.875,1,131.9,39.3
12.71,541,8.825,1,131.9,39.4
12.74,541,9.054,1,131.9,39.3
12.77,540,9.03,1,131.9,39.3
12.79,539,9.217,1,131.8,39.2
12.82,539,8.899,1,131.8,39.3
12.84,537,8.988,1,132.0,39.3
12.87,537,8.714,1,132.0,39.4
12.89,537,8.538,1,132.1,39.4
12.92,539,8.612,1,132.2,39.3
12.94,539,8.621,1,132.2,39.2
12.97,540,8.647,1,132.1,39.3
12.99,540,8.846,1,132.0,39.3
13.02,539,8.901,1,131.8,39.4
13.05,538,8.843,1,131.8,39.3
13.07,538,8.876,1,131.8,39.4
13.1,537,8.973,1,131.9,39.3
13.12,539,8.699,1,132.0,39.3
13.15,540,8.822,1,132.1,39.4
13.17,541,9.033,1,132.2,39.4
13.2,542,9.049,1,132.4,39.4
13.22,542,8.806,1,132.4,39.4
13.25,542,8.834,1,132.4,39.2
13.27,542,8.963,1,132.3,39.3
13.3,541,8.838,1,132.2,39.3
13.33,541,8.631,1,131.9,39.4
13.35,541,8.714,1,131.9,39.3
13.38,542,8.785,1,132.0,39.3
13.4,542,8.781,1,132.0,39.2
13.43,542,8.783,1,132.1,39.3
13.45,543,8.968,1,132.2,39.3
13.48,543,8.968,1,132.3,39.4
13.5,542,8.614,1,132.3,39.3
13.53,543,8.539,1,132.4,39.3
13.56,544,8.549,1,132.4,39.2
13.58,543,8.426,1,132.2,39.3
13.61,542,8.63,1,132.2,39.3
13.63,544,8.774,1,132.2,39.4
13.66,545,8.737,1,132.3,39.3
13.68,547,8.755,1,132.3,39.3
13.71,547,9.118,1,132.3,39.3
13.73,547,9.001,1,132.3,39.3
13.76,546,8.747,1,132.3,39.3
13.78,545,8.88,1,132.4,39.4
13.81,545,8.926,1,132.5,39.4
13.83,544,8.824,1,132.5,39.4
13.86,542,8.68,1,132.4,39.2
13.89,543,8.77,1,132.4,39.3
13.91,543,8.886,1,132.4,39.3
13.94,542,8.93,1,132.2,39.4
13.96,542,8.91,1,132.1,39.4
13.99,543,8.993,1,132.1,39.4
14.01,542,8.629,1,132.1,39.3
14.04,540,8.395,1,132.3,39.3
14.06,536,7.749,1,132.8,39.4
14.09,531,8.435,1,133.2,39.4
14.11,530,8.446,1,133.3,39.3
14.14,531,8.249,1,133.3,39.2
14.17,534,8.15,1,132.9,39.2
14.19,537,8.403,1,132.6,39.3
14.22,539,8.614,1,132.3,39.3
14.24,540,8.518,1,132.3,39.4
14.27,542,8.344,1,132.5,39.3
14.29,545,8.566,1,132.6,39.3
14.32,544,8.481,1,132.6,39.2
14.35,543,8.659,1,132.7,39.2
14.37,542,8.868,1,132.9,39.2
14.4,542,8.798,1,132.9,39.3
14.42,542,8.769,1,133.0,39.3
14.45,543,8.682,1,133.0,39.4
14.47,544,8.409,1,132.9,39.2
14.5,544,8.414,1,132.8,39.3
14.52,544,8.549,1,132.8,39.3
14.55,543,8.589,1,132.6,39.3
14.57,543,8.609,1,132.5,39.3
14.6,543,8.581,1,132.5,39.4
14.63,543,8.496,1,132.4,39.2
14.65,543,8.512,1,132.4,39.4
14.68,544,8.547,1,132.5,39.3
14.7,545,8.794,1,132.6,39.4
14.73,546,8.606,1,132.7,39.3
14.75,547,8.659,1,132.8,39.4
14.78,547,8.727,1,132.8,39.3
14.8,545,8.697,1,132.7,39.4
14.83,544,8.805,1,132.5,39.3
14.85,543,8.784,1,132.4,39.4
14.88,543,8.984,1,132.5,39.3
14.9,543,8.968,1,132.6,39.4
14.93,543,8.735,1,132.6,39.3
14.96,543,8.719,1,132.7,39.3
14.98,545,8.811,1,132.8,39.3
15.01,545,8.853,1,132.8,39.4
15.03,543,8.611,1,132.7,39.3
15.06,542,8.654,1,132.5,39.4
15.08,542,8.565,1,132.5,39.3
15.11,544,8.477,1,132.3,39.3
15.13,545,8.266,1,132.2,39.3
15.16,551,7.544,1,132.6,39.4
15.18,558,8.162,1,133.2,39.3
15.21,562,8.789,1,133.5,39.4
15.24,561,9.177,1,133.6,39.3
15.26,562,9.015,1,133.8,39.3
15.29,561,8.924,1,133.8,39.3
15.31,559,8.983,1,133.6,39.3
15.34,556,8.639,1,133.5,39.3
15.36,553,8.756,1,133.2,39.3
15.39,550,9.043,1,133.0,39.2
15.41,549,9.116,1,132.8,39.3
15.44,547,9.302,1,132.7,39.3
15.46,546,9.183,1,132.6,39.3
15.49,548,9.03,1,132.8,39.3
15.52,550,9.115,1,132.8,39.3
15.54,550,9.063,1,132.8,39.2
15.57,550,8.955,1,132.9,39.3
15.59,552,9.0,1,133.0,39.3
15.62,552,8.813,1,132.9,39.4
15.64,551,8.918,1,132.8,39.3
15.67,551,8.939,1,132.9,39.3
15.69,552,9.041,1,133.0,39.2
15.72,555,8.974,1,133.3,39.3
15.74,558,9.159,1,133.4,39.3
15.77,558,9.29,1,133.4,39.4
15.8,558,9.259,1,133.5,39.3
15.82,557,9.198,1,133.5,39.4
15.85,558,9.267,1,133.6,39.2
15.87,558,9.215,1,133.8,39.3
15.9,557,9.168,1,133.8,39.3
15.92,557,8.993,1,133.8,39.4
15.95,555,8.962,1,133.8,39.4
15.97,554,9.077,1,133.6,39.4
16.0,553,9.069,1,133.4,39.3
16.02,554,8.927,1,133.3,39.4
16.05,557,8.749,1,133.5,39.4
16.07,557,9.026,1,133.4,39.4
16.1,556,8.823,1,133.2,39.3
16.13,555,8.984,1,133.1,39.4
16.15,556,8.925,1,133.2,39.2
16.18,557,8.831,1,133.2,39.4
16.2,557,8.582,1,133.1,39.3
16.23,557,8.713,1,133.2,39.4
16.25,559,8.787,1,133.4,39.3
16.28,558,8.95,1,133.3,39.4
16.3,558,8.888,1,133.4,39.2
16.33,559,9.181,1,133.7,39.4
16.35,559,9.342,1,133.9,39.3
16.38,559,9.312,1,134.0,39.4
16.41,558,9.195,1,134.2,39.3
16.43,558,9.33,1,134.2,39.4
16.46,556,9.432,1,134.2,39.3
16.48,556,9.244,1,134.2,39.4
16.51,556,9.162,1,134.2,39.3
16.53,556,9.11,1,134.2,39.4
16.56,557,9.273,1,134.2,39.3
16.58,556,9.265,1,134.1,39.4
16.61,555,9.192,1,134.1,39.3
16.63,554,9.297,1,134.2,39.4
16.66,553,9.293,1,134.2,39.3
16.69,552,9.316,1,134.1,39.3
16.71,553,9.12,1,134.3,39.3
16.74,556,8.941,1,134.6,39.4
16.76,559,9.111,1,135.0,39.3
16.79,561,9.382,1,135.1,39.3
16.81,562,9.413,1,135.3,39.3
16.84,563,9.353,1,135.4,39.4
16.86,563,9.288,1,135.4,39.3
16.89,563,9.23,1,135.4,39.4
16.91,562,9.355,1,135.3,39.3
16.94,563,9.378,1,135.3,39.3
16.96,562,9.399,1,135.1,39.3
16.99,561,9.205,1,135.1,39.4
17.02,561,9.242,1,135.1,39.3
17.04,561,9.202,1,135.1,39.3
17.07,559,9.279,1,135.0,39.2
17.09,558,9.149,1,134.9,39.3
17.12,559,9.089,1,135.0,39.3
17.14,558,9.205,1,134.9,39.4
17.17,559,9.08,1,135.0,39.3
17.19,558,9.233,1,135.0,39.4
17.22,557,9.378,1,134.9,39.3
17.24,558,9.035,1,135.0,39.4
17.27,561,9.065,1,135.3,39.3
17.3,563,9.461,1,135.3,39.4
17.32,563,9.257,1,135.4,39.3
17.35,564,9.147,1,135.4,39.4
17.37,565,9.471,1,135.5,39.3
17.4,564,9.222,1,135.6,39.4
17.42,564,9.217,1,135.5,39.3
17.45,564,9.272,1,135.6,39.4
17.47,563,9.19,1,135.3,39.3
17.5,563,9.287,1,135.3,39.4
17.52,563,9.291,1,135.2,39.3
17.55,563,9.055,1,135.2,39.3
17.58,563,9.331,1,135.1,39.3
17.6,562,9.317,1,135.1,39.4
17.63,563,9.145,1,135.1,39.3
17.65,563,9.217,1,135.1,39.4
17.68,563,9.161,1,135.1,39.2
17.7,563,9.023,1,134.8,39.3
17.73,563,9.01,1,134.8,39.3
17.75,564,9.05,1,134.8,39.3
17.78,566,8.939,1,134.9,39.3
17.8,567,9.123,1,135.0,39.3
17.83,568,9.054,1,135.1,39.3
17.85,569,9.078,1,135.1,39.4
17.88,569,9.163,1,135.0,39.3
17.91,569,9.261,1,135.1,39.4
17.93,568,9.046,1,135.1,39.3
17.96,568,9.062,1,135.1,39.4
17.98,567,9.218,1,135.1,39.3
18.01,566,9.106,1,135.2,39.4
18.03,564,8.951,1,135.1,39.3
18.06,562,9.157,1,134.9,39.3
18.08,562,9.2,1,135.0,39.3
18.11,564,8.995,1,135.1,39.3
18.14,565,9.163,1,134.9,39.2
18.16,563,9.229,1,134.8,39.3
18.19,561,9.165,1,134.7,39.3
18.21,560,9.017,1,134.3,39.4
18.24,558,8.871,1,134.1,39.3
18.26,557,9.068,1,133.9,39.4
18.29,560,8.781,1,134.2,39.3
18.31,562,9.263,1,134.2,39.3
18.34,562,9.408,1,134.3,39.3
18.36,563,9.11,1,134.4,39.4
18.39,565,9.125,1,134.6,39.3
18.41,565,9.453,1,134.7,39.4
18.44,564,9.315,1,134.7,39.3
18.47,562,9.243,1,134.7,39.3
18.49,561,9.299,1,134.7,39.3
18.52,560,9.51,1,134.7,39.4
18.54,559,9.345,1,134.5,39.3
18.57,560,9.525,1,134.3,39.4
18.59,561,9.582,1,134.2,39.3
18.62,562,9.609,1,133.8,39.3
18.64,562,9.389,1,133.6,39.3
18.67,562,9.32,1,133.5,39.3
18.69,561,9.034,1,133.2,39.3
18.72,560,9.112,1,133.1,39.3
18.75,558,8.879,1,133.2,39.2
18.77,557,9.646,1,133.3,39.3
18.8,557,9.573,1,133.6,39.3
18.82,557,9.758,1,133.9,39.4
18.85,556,9.749,1,134.1,39.3
18.87,553,9.246,1,134.2,39.4
18.9,548,8.959,1,134.3,39.3
18.92,544,9.666,1,134.2,39.3
18.95,542,9.56,1,134.4,39.3
18.97,540,9.759,1,134.2,39.4
19.0,539,9.584,1,134.2,39.3
19.02,540,9.799,1,134.0,39.4
19.05,540,9.589,1,134.0,39.3
19.08,538,9.671,1,133.9,39.3
19.1,538,9.581,1,134.0,39.3
19.13,537,9.026,1,134.0,39.3
19.15,552,4.958,1,134.6,39.3
19.18,568,6.432,1,134.8,39.4
19.2,572,8.149,1,134.1,39.2
19.23,569,8.018,1,134.0,39.3
19.25,564,8.254,1,133.4,39.3
19.28,565,7.82,1,133.8,39.4
19.31,571,8.307,1,133.9,39.3
19.33,569,7.919,1,134.1,39.4
19.36,567,8.16,1,133.9,39.3
19.38,566,8.409,1,133.8,39.4
19.41,566,8.493,1,134.1,39.3
19.43,563,8.643,1,133.5,39.4
19.46,562,8.494,1,133.4,39.3
19.48,560,8.165,1,133.0,39.4
19.51,560,8.32,1,133.0,39.3
19.53,559,8.149,1,132.8,39.4
19.56,556,7.581,1,132.9,39.3
19.58,550,7.559,1,132.3,39.4
19.61,547,7.577,1,132.0,39.3
19.64,544,7.426,1,132.0,39.3
19.66,541,7.378,1,132.1,39.2
19.69,540,7.356,1,132.3,39.3
19.71,540,7.335,1,132.4,39.3
19.74,540,7.199,1,132.3,39.4
19.76,538,7.146,1,132.2,39.3
19.79,535,7.382,1,132.4,39.4
19.81,535,7.666,1,132.5,39.2
19.84,534,7.807,1,132.6,39.3
19.86,534,8.083,1,132.8,39.3
19.89,533,8.175,1,132.9,39.4
19.92,527,7.772,1,133.2,39.3
19.94,529,7.07,1,133.3,39.4
19.97,531,6.806,1,133.5,39.3
19.99,530,6.613,1,133.9,39.3
20.02,535,5.853,1,134.0,39.3
20.04,541,6.391,1,133.3,39.3
20.07,545,6.831,1,132.9,39.3
20.09,546,6.534,1,132.9,39.3
20.12,542,6.546,1,132.6,39.3
20.14,541,6.366,1,132.6,39.3
20.17,538,6.335,1,132.9,39.3
20.19,533,5.926,1,133.4,39.4
20.22,527,6.006,1,133.6,39.3
20.25,526,6.041,1,133.8,39.4
20.27,526,5.859,1,134.1,39.3
20.3,525,5.731,1,134.3,39.4
20.32,524,5.665,1,134.7,39.3
20.35,520,5.555,1,135.4,39.4
20.37,517,5.37,1,136.0,39.3
20.4,515,5.419,1,136.3,39.4
20.42,513,5.564,1,136.4,39.3
20.45,654,5.743,1,137.1,39.4
20.48,654,6.748,1,137.5,39.3
20.5,651,6.654,1,138.2,39.4
20.53,648,6.543,1,139.3,39.3
20.55,642,6.613,1,140.6,39.4
20.58,637,6.79,1,141.3,39.3
20.6,634,6.745,1,141.7,39.4
20.63,630,6.798,1,142.3,39.3
20.65,625,6.553,1,143.1,39.4
20.68,616,6.705,1,143.7,39.3
20.7,612,7.102,1,143.4,39.4
20.73,612,7.05,1,143.4,39.3
20.75,616,7.145,1,142.9,39.4
20.78,617,7.315,1,142.8,39.3
20.81,618,7.286,1,142.7,39.4
20.83,620,7.518,1,142.4,39.3
20.86,620,7.428,1,142.4,39.3
20.88,620,7.437,1,142.4,39.2
20.91,624,7.406,1,142.2,39.3
20.93,626,7.66,1,141.9,39.3
20.96,626,7.723,1,141.9,39.4
20.98,628,7.758,1,141.8,39.3
21.01,631,7.801,1,141.4,39.4
21.03,635,7.842,1,141.2,39.3
21.06,642,7.662,1,140.1,39.4
21.09,649,7.787,1,137.3,39.4
21.11,654,8.546,1,135.3,39.4
21.14,514,6.893,1,134.2,39.3
21.16,527,6.795,1,132.7,39.4
21.19,538,8.701,1,131.1,39.3
21.21,541,9.777,1,130.4,39.4
21.24,544,9.247,1,130.4,39.3
21.26,548,9.967,1,130.2,39.4
21.29,549,9.711,1,130.3,39.3
21.31,552,9.874,1,130.4,39.3
21.34,554,10.091,1,130.5,39.2
21.37,554,10.292,1,130.4,39.3
21.39,554,10.115,1,130.4,39.3
21.42,552,10.051,1,130.5,39.4
21.44,550,9.978,1,130.4,39.3
21.47,549,10.055,1,130.5,39.3
21.49,549,10.039,1,130.5,39.3
21.52,548,10.164,1,130.5,39.3
21.54,547,10.373,1,130.5,39.3
21.57,547,10.053,1,130.6,39.4
21.59,547,9.834,1,130.5,39.3
21.62,545,9.927,1,130.4,39.4
21.65,545,9.854,1,130.5,39.3
21.67,545,9.763,1,130.4,39.4
21.7,545,9.723,1,130.3,39.3
21.72,543,9.608,1,130.1,39.4
21.75,544,9.655,1,130.2,39.3
21.77,544,9.525,1,130.1,39.4
21.8,544,9.347,1,130.2,39.3
21.82,542,9.47,1,130.2,39.4
21.85,542,9.683,1,130.3,39.2
21.87,541,9.358,1,130.4,39.4
21.9,539,9.475,1,130.6,39.3
21.93,539,9.52,1,130.7,39.3
21.95,540,9.478,1,130.5,39.3
21.98,540,9.339,1,130.5,39.4
22.0,539,9.226,1,130.5,39.3
22.03,540,9.286,1,130.4,39.4
22.05,542,9.537,1,130.3,39.3
22.08,542,9.153,1,130.4,39.4
22.1,541,9.291,1,130.4,39.3
22.13,541,9.244,1,130.5,39.3
22.15,541,9.291,1,130.5,39.3
22.18,540,9.251,1,130.5,39.3
22.2,540,9.218,1,130.5,39.3
22.23,542,9.364,1,130.4,39.4
22.26,543,9.508,1,130.3,39.3
22.28,543,9.358,1,130.3,39.3
22.31,542,9.446,1,130.3,39.3
22.33,542,9.434,1,130.3,39.4
22.36,542,9.499,1,130.3,39.3
22.38,542,9.517,1,130.4,39.4
22.41,543,9.28,1,130.3,39.2
22.43,543,9.12,1,130.4,39.3
22.46,543,9.535,1,130.2,39.3
22.48,544,9.321,1,130.2,39.4
22.51,546,9.319,1,130.2,39.3
22.54,545,9.358,1,130.2,39.4
22.56,545,9.248,1,130.1,39.3
22.59,545,9.203,1,130.1,39.3
22.61,545,9.123,1,130.2,39.3
22.64,545,9.169,1,130.2,39.4
22.66,545,9.129,1,130.2,39.3
22.69,545,9.084,1,130.2,39.4
22.71,545,8.919,1,130.4,39.3
22.74,546,9.281,1,130.3,39.3
22.76,547,9.335,1,130.4,39.3
22.79,547,9.302,1,130.4,39.4
22.82,547,9.195,1,130.3,39.3
22.84,546,9.171,1,130.3,39.4
22.87,546,9.117,1,130.3,39.3
22.89,545,9.133,1,130.2,39.3
22.92,545,9.026,1,130.2,39.3
22.94,545,8.968,1,130.3,39.4
22.97,546,9.065,1,130.3,39.3
22.99,546,9.205,1,130.2,39.4
23.02,547,9.179,1,130.3,39.3
23.04,548,9.01,1,130.4,39.3
23.07,548,9.225,1,130.4,39.3
23.09,548,9.154,1,130.4,39.4
23.12,547,9.064,1,130.4,39.3
23.15,547,8.931,1,130.4,39.4
23.17,546,8.821,1,130.4,39.3
23.2,545,9.103,1,130.3,39.3
23.22,545,9.085,1,130.3,39.3
23.25,546,8.977,1,130.4,39.3
23.27,546,9.022,1,130.4,39.3
23.3,546,9.178,1,130.3,39.3
23.32,545,9.112,1,130.4,39.2
23.35,545,8.911,1,130.4,39.3
23.37,545,9.102,1,130.5,39.3
23.4,544,8.955,1,130.5,39.3
23.43,543,8.713,1,130.6,39.3
23.45,542,8.87,1,130.7,39.4
23.48,542,8.917,1,130.7,39.2
23.5,542,8.755,1,130.6,39.4
23.53,542,8.61,1,130.7,39.3
23.55,542,8.787,1,130.6,39.4
23.58,542,8.771,1,130.5,39.3
23.6,543,8.754,1,130.6,39.4
23.63,543,8.753,1,130.7,39.3
23.65,544,8.827,1,130.7,39.4
23.68,544,8.969,1,130.6,39.3
23.7,544,8.826,1,130.7,39.4
23.73,543,8.882,1,130.8,39.3
23.76,542,8.934,1,130.7,39.4
23.78,542,8.782,1,130.7,39.3
23.81,542,8.913,1,130.9,39.4
23.83,542,8.683,1,131.0,39.3
23.86,543,8.505,1,131.1,39.4
23.88,544,8.565,1,131.1,39.3
23.91,545,8.66,1,131.3,39.4
23.93,544,8.527,1,131.3,39.3
23.96,544,8.496,1,131.4,39.3
23.98,545,8.611,1,131.4,39.3
24.01,545,8.607,1,131.3,39.4
24.04,545,8.539,1,131.2,39.3
24.06,546,8.843,1,130.9,39.3
24.09,545,8.83,1,130.8,39.2
24.11,545,8.926,1,130.8,39.3
24.14,546,8.819,1,130.9,39.3
24.16,546,8.831,1,130.8,39.4
24.19,546,8.803,1,130.8,39.3
24.21,545,8.793,1,130.9,39.4
24.24,545,8.602,1,131.2,39.2
24.26,544,8.423,1,131.4,39.4
24.29,543,8.33,1,131.6,39.3
24.32,543,8.193,1,131.8,39.4
24.34,545,8.063,1,131.8,39.3
24.37,546,8.081,1,131.6,39.4
24.39,547,8.265,1,131.6,39.3
24.42,546,8.154,1,131.6,39.3
24.44,546,8.245,1,131.5,39.3
24.47,545,8.374,1,131.5,39.4
24.49,544,8.119,1,131.7,39.3
24.52,544,8.065,1,131.8,39.4
24.55,545,8.182,1,131.7,39.2
24.57,545,8.401,1,131.6,39.3
24.6,545,8.306,1,131.6,39.3
24.62,545,8.533,1,131.4,39.4
24.65,544,8.614,1,131.4,39.3
24.67,542,8.379,1,131.7,39.4
24.7,541,8.351,1,131.7,39.2
24.72,540,8.365,1,131.8,39.4
24.75,539,8.158,1,131.9,39.3
24.77,538,8.34,1,132.1,39.4
24.8,539,8.437,1,132.1,39.3
24.82,539,8.47,1,132.0,39.4
24.85,539,8.257,1,132.1,39.2
24.88,539,8.398,1,132.1,39.4
24.9,540,8.515,1,132.0,39.3
24.93,539,8.316,1,131.9,39.3
24.95,538,8.394,1,132.2,39.3
24.98,538,8.242,1,132.3,39.4
25.0,537,8.271,1,132.3,39.3
25.03,537,7.974,1,132.4,39.3
25.05,536,7.854,1,132.5,39.3
25.08,536,8.453,1,132.3,39.3
25.1,537,8.734,1,131.9,39.3
25.13,539,8.495,1,131.7,39.4
25.16,542,8.742,1,131.6,39.2
25.18,543,9.106,1,131.4,39.4
25.21,544,9.085,1,131.4,39.3
25.23,545,9.206,1,131.4,39.4
25.26,545,9.132,1,131.3,39.3
25.28,544,9.226,1,131.3,39.3
25.31,544,9.12,1,131.4,39.2
25.33,544,8.867,1,131.5,39.3
25.36,544,8.764,1,131.5,39.3
25.38,544,8.78,1,131.6,39.4
25.41,544,8.632,1,131.8,39.3
25.43,545,8.675,1,131.8,39.4
25.46,545,8.927,1,131.7,39.2
25.49,545,8.721,1,131.7,39.3
25.51,544,8.607,1,131.9,39.3
25.54,543,8.47,1,131.9,39.4
25.56,543,8.457,1,131.9,39.3
25.59,543,8.443,1,131.9,39.4
25.61,543,8.463,1,131.9,39.3
25.64,544,8.591,1,131.8,39.4
25.66,545,8.567,1,131.8,39.3
25.69,546,8.595,1,131.9,39.4
25.71,546,8.422,1,131.9,39.3
25.74,546,8.455,1,132.0,39.4
25.77,546,8.402,1,132.0,39.3
25.79,546,8.446,1,132.1,39.4
25.82,546,8.41,1,132.3,39.3
25.84,546,8.414,1,132.2,39.4
25.87,546,8.457,1,132.2,39.3
25.89,546,8.389,1,132.2,39.3
25.92,546,8.444,1,132.1,39.2
25.94,545,8.421,1,132.1,39.3
25.97,544,8.291,1,132.2,39.3
25.99,542,8.038,1,132.4,39.4
26.02,540,8.391,1,132.4,39.3
26.05,538,8.227,1,132.6,39.4
26.07,538,8.239,1,132.6,39.3
26.1,539,8.434,1,132.6,39.4
26.12,540,8.582,1,132.4,39.3
26.15,542,8.467,1,132.3,39.4
26.17,543,8.626,1,132.1,39.3
26.2,543,8.691,1,132.0,39.4
26.22,543,8.562,1,132.0,39.3
26.25,544,8.571,1,132.0,39.4
26.27,544,8.542,1,131.9,39.3
26.3,543,8.875,1,131.8,39.3
26.33,543,8.861,1,131.9,39.3
26.35,543,8.899,1,131.8,39.3
26.38,543,8.837,1,131.8,39.2
26.4,541,8.651,1,131.9,39.3
26.43,540,8.757,1,131.9,39.3
26.45,539,8.777,1,131.9,39.4
26.48,539,8.786,1,132.0,39.3
26.5,540,8.65,1,132.0,39.4
26.53,541,8.645,1,132.0,39.3
26.55,540,8.633,1,132.0,39.3
26.58,539,8.539,1,132.1,39.3
26.6,539,8.602,1,132.1,39.4
26.63,539,8.602,1,132.1,39.3
26.66,541,8.573,1,132.1,39.4
26.68,541,8.886,1,131.9,39.2
26.71,540,8.703,1,132.0,39.3
26.73,539,8.491,1,132.1,39.3
26.76,537,8.839,1,132.1,39.3
26.78,537,8.705,1,132.1,39.3
26.81,536,8.664,1,132.2,39.4
26.83,535,8.608,1,132.2,39.2
26.86,534,8.789,1,132.1,39.3
26.89,534,8.945,1,132.1,39.3
26.91,534,8.904,1,132.0,39.4
26.94,534,8.923,1,132.0,39.3
26.96,535,9.046,1,132.0,39.4
26.99,535,8.978,1,132.1,39.3
27.01,536,8.794,1,132.1,39.3
27.04,537,8.982,1,132.1,39.3
27.06,537,8.929,1,132.2,39.4
27.09,536,8.629,1,132.3,39.3
27.11,535,8.645,1,132.4,39.4
27.14,536,8.461,1,132.5,39.3
27.16,537,8.524,1,132.5,39.3
27.19,536,8.161,1,132.5,39.3
27.22,535,8.317,1,132.5,39.4
27.24,536,8.209,1,132.6,39.3
27.27,535,8.195,1,132.6,39.3
27.29,534,8.165,1,132.7,39.2
27.32,533,8.027,1,132.8,39.3
27.34,533,8.271,1,132.7,39.3
27.37,532,8.34,1,132.7,39.4
27.39,530,8.338,1,132.8,39.3
27.42,530,8.089,1,133.0,39.4
27.44,529,7.949,1,132.9,39.3
27.47,528,7.986,1,133.0,39.3
27.5,527,8.158,1,133.0,39.3
27.52,528,8.223,1,133.0,39.4
27.55,529,8.413,1,132.8,39.3
27.57,529,8.343,1,132.8,39.4
27.6,528,8.401,1,132.7,39.3
27.62,529,8.398,1,132.7,39.3
27.65,530,8.526,1,132.7,39.3
27.67,530,8.43,1,132.7,39.4
27.7,529,8.494,1,132.7,39.3
27.72,528,8.149,1,132.7,39.4
27.75,526,8.1,1,133.2,39.3
27.77,524,7.795,1,133.6,39.3
27.8,522,7.692,1,133.9,39.3
27.83,519,7.821,1,134.3,39.4
27.85,517,7.958,1,134.6,39.3
27.88,518,8.046,1,134.5,39.4
27.9,519,8.188,1,134.2,39.3
27.93,520,8.238,1,134.1,39.3
27.95,520,8.334,1,134.0,39.3
27.98,521,8.444,1,133.9,39.4
28.0,522,8.217,1,133.7,39.3
28.03,524,8.306,1,133.5,39.4
28.06,524,8.023,1,133.6,39.3
28.08,523,7.926,1,133.9,39.3
28.11,521,7.845,1,134.5,39.3
28.13,519,7.496,1,135.1,39.4
28.16,519,7.04,1,135.3,39.3
28.18,521,7.171,1,135.3,39.4
28.21,521,7.171,1,135.4,39.3
28.23,521,6.997,1,135.4,39.3
28.26,522,7.25,1,135.1,39.3
28.28,523,7.343,1,134.9,39.4
28.31,523,7.329,1,134.9,39.3
28.33,523,7.395,1,134.9,39.4
28.36,522,7.526,1,135.0,39.3
28.39,520,7.142,1,135.8,39.3
28.41,654,7.054,1,137.2,39.3
28.44,652,7.267,1,138.1,39.4
28.46,651,7.103,1,138.7,39.2
28.49,650,7.138,1,139.0,39.4
28.51,650,7.153,1,139.0,39.3
28.54,651,7.147,1,138.5,39.3
28.56,654,7.179,1,137.3,39.3
28.59,519,6.946,1,136.2,39.4
28.61,522,7.411,1,135.6,39.3
28.64,523,7.467,1,135.5,39.4
28.67,522,7.13,1,135.9,39.3
28.69,520,6.84,1,136.4,39.3
28.72,519,6.853,1,136.5,39.3
28.74,519,6.714,1,136.6,39.4
28.77,517,6.652,1,137.0,39.3
28.79,516,6.633,1,137.3,39.4
28.82,517,6.591,1,137.2,39.3
28.84,518,6.694,1,137.0,39.3
28.87,518,6.943,1,136.5,39.3
28.89,521,6.974,1,135.8,39.4
28.92,524,7.143,1,135.2,39.3
28.94,524,7.309,1,135.2,39.4
28.97,524,7.453,1,135.0,39.2
29.0,525,7.501,1,134.9,39.3
29.02,525,7.408,1,134.9,39.3
29.05,525,7.361,1,134.7,39.4
29.07,525,7.412,1,134.6,39.3
29.1,526,7.439,1,134.5,39.4
29.12,525,7.371,1,134.6,39.2
29.15,525,7.493,1,134.6,39.3
29.17,527,7.223,1,134.5,39.3
29.2,528,7.137,1,134.5,39.4
29.22,529,7.326,1,134.2,39.3
29.25,530,7.642,1,133.8,39.4
29.28,532,7.734,1,133.6,39.3
29.3,534,7.697,1,133.5,39.4
29.33,534,7.835,1,133.4,39.3
29.35,534,8.013,1,133.4,39.4
29.38,534,7.627,1,133.5,39.3
29.4,533,7.565,1,133.6,39.4
29.43,533,7.661,1,133.7,39.3
29.45,533,7.63,1,133.7,39.4
29.48,532,7.595,1,133.8,39.3
29.5,534,7.519,1,133.8,39.3
29.53,535,7.87,1,133.6,39.3
29.56,535,7.934,1,133.5,39.4
29.58,536,7.65,1,133.5,39.3
29.61,538,7.897,1,133.3,39.3
29.63,537,7.873,1,133.3,39.3
29.66,537,7.799,1,133.4,39.4
29.68,537,7.765,1,133.4,39.3
29.71,538,7.569,1,133.3,39.4
29.73,538,7.423,1,133.3,39.3
29.76,537,7.557,1,133.3,39.3
29.78,537,7.738,1,133.3,39.3
29.81,538,7.715,1,133.3,39.4
29.84,538,7.562,1,133.3,39.3
29.86,538,7.614,1,133.3,39.4
29.89,538,7.661,1,133.4,39.3
29.91,536,7.497,1,133.3,39.3
29.94,535,7.541,1,133.4,39.3
29.96,535,7.692,1,133.4,39.4
29.99,535,7.767,1,133.4,39.3
30.01,534,7.774,1,133.4,39.4
30.04,534,7.516,1,133.5,39.3
30.06,535,7.381,1,133.6,39.3
30.09,535,7.671,1,133.5,39.3
30.11,534,7.503,1,133.5,39.4
30.14,534,7.603,1,133.5,39.3
30.17,534,7.656,1,133.6,39.4
30.19,534,7.585,1,133.6,39.3
30.22,534,7.517,1,133.6,39.3
30.24,530,7.102,1,133.9,39.3
30.27,530,7.465,1,133.9,39.4
30.29,530,7.585,1,133.9,39.3
30.32,531,7.607,1,133.8,39.4
30.34,532,7.9,1,133.7,39.2
30.37,532,7.641,1,133.7,39.3
30.4,531,7.593,1,133.9,39.3
30.42,530,7.523,1,134.0,39.4
30.45,527,7.689,1,134.2,39.3
30.47,525,7.673,1,134.3,39.3
30.5,526,7.635,1,134.3,39.2
30.52,526,8.052,1,134.4,39.3
30.55,524,8.515,1,134.5,39.3
30.57,528,8.269,1,134.4,39.3
30.6,530,8.834,1,134.0,39.3
30.62,528,8.825,1,134.0,39.4
30.65,525,8.807,1,134.4,39.3
30.67,523,8.678,1,134.5,39.3
30.7,523,8.879,1,134.6,39.3
30.8,522,8.601,1,134.6,36.4
30.83,524,8.757,1,134.4,36.7
30.85,525,8.9,1,134.3,36.9
30.88,525,8.944,1,134.2,37.2
30.9,527,8.858,1,134.0,37.4
30.93,528,8.798,1,133.9,37.7
30.95,527,8.595,1,133.8,37.8
30.98,528,8.662,1,133.8,38.0
31.01,529,8.66,1,133.7,38.1
31.03,530,8.63,1,133.6,38.2
31.06,530,8.511,1,133.6,38.3
31.08,532,8.783,1,133.5,38.5
31.11,533,8.846,1,133.4,38.5
31.13,533,8.634,1,133.5,38.6
31.16,532,8.679,1,133.4,38.6
31.18,533,8.711,1,133.4,38.7
31.21,532,8.386,1,133.3,38.8
31.23,531,8.398,1,133.4,38.9
31.26,531,8.492,1,133.3,38.9
31.28,532,8.703,1,133.3,39.0
31.31,532,8.654,1,133.2,39.0
31.34,533,8.419,1,133.2,39.0
31.36,533,8.51,1,133.2,39.0
31.39,533,8.479,1,133.2,39.1
31.41,532,8.373,1,133.3,39.1
31.44,532,8.228,1,133.4,39.1
31.46,533,8.325,1,133.3,39.0
31.49,534,8.556,1,133.2,39.1
31.51,533,8.613,1,133.3,39.1
31.54,533,8.539,1,133.3,39.3
31.56,533,8.654,1,133.3,39.2
31.59,534,8.919,1,133.2,39.3
31.62,534,8.702,1,133.2,39.2
31.64,535,8.75,1,133.2,39.2
31.67,535,8.751,1,133.2,39.2
31.69,533,8.541,1,133.2,39.3
31.72,531,8.429,1,133.3,39.3
31.74,530,7.935,1,133.3,39.3
31.77,530,7.796,1,133.3,39.3
31.79,529,7.685,1,133.4,39.3
31.82,528,7.523,1,133.6,39.2
31.84,530,7.206,1,133.6,39.4
31.87,532,7.59,1,133.3,39.3
31.9,533,7.613,1,133.1,39.3
31.92,534,7.817,1,133.1,39.3
31.95,534,7.951,1,133.1,39.3
31.97,533,7.772,1,133.1,39.3
32.0,532,7.885,1,133.1,39.4
32.02,531,7.963,1,133.3,39.3
32.05,531,7.934,1,133.3,39.4
32.07,532,8.13,1,133.2,39.3
32.1,533,8.567,1,133.1,39.3
32.12,533,8.685,1,133.0,39.3
32.15,533,8.977,1,133.1,39.4
32.41,531,8.84,1,133.2,35.8
32.43,532,8.849,1,133.2,36.2
32.46,532,9.015,1,133.2,36.5
32.48,532,8.888,1,133.2,36.8
32.51,530,8.56,1,133.3,37.1
32.53,529,8.446,1,133.3,37.4
32.56,528,8.318,1,133.4,37.5
32.58,527,8.385,1,133.6,37.8
32.76,524,8.481,1,134.2,34.5
32.79,526,8.463,1,134.1,35.1
32.81,527,8.444,1,134.1,35.5
32.84,525,8.743,1,134.1,36.0
32.86,525,8.638,1,134.0,36.2
32.89,526,8.369,1,133.9,36.6
32.91,526,8.265,1,133.9,36.9
32.94,527,8.07,1,133.9,37.1
32.96,527,8.158,1,134.0,37.3
32.99,527,8.215,1,134.0,37.6
33.01,526,8.403,1,134.0,37.7
33.04,526,8.583,1,134.1,37.9
33.07,527,8.721,1,134.1,38.0
33.09,528,8.62,1,134.0,38.1
33.12,528,8.652,1,134.0,38.2
33.14,528,8.626,1,134.1,38.4
33.17,529,8.609,1,134.0,38.5
33.19,531,8.484,1,133.9,38.6
33.22,531,8.476,1,133.7,38.6
33.24,529,8.129,1,133.7,38.7
33.27,528,8.142,1,133.8,38.7
33.29,527,8.019,1,133.9,38.9
33.32,527,7.848,1,134.0,38.9
33.35,529,7.964,1,133.9,38.9
33.37,529,8.291,1,133.7,38.9
33.4,529,8.122,1,133.8,39.0
33.42,531,8.117,1,133.7,39.0
33.45,531,8.488,1,133.6,39.1
33.47,531,8.454,1,133.6,39.1
33.5,531,8.33,1,133.7,39.1
33.52,531,8.683,1,133.8,39.1
33.55,531,8.434,1,133.8,39.1
33.57,530,8.48,1,133.8,39.1
33.6,530,8.508,1,133.8,39.2
33.63,531,8.634,1,133.7,39.2
33.65,532,8.574,1,133.7,39.2
33.68,532,8.343,1,133.6,39.2
33.7,530,8.136,1,133.6,39.2
33.73,529,8.244,1,133.6,39.2
33.75,528,8.204,1,133.7,39.3
33.78,527,8.15,1,133.9,39.2
33.8,527,8.254,1,133.9,39.3
33.83,528,8.237,1,133.8,39.2
33.85,528,8.397,1,133.8,39.3
33.88,528,8.283,1,133.7,39.2
33.9,528,8.39,1,133.7,39.3
33.93,529,8.469,1,133.6,39.2
33.96,529,8.49,1,133.6,39.4
33.98,530,8.482,1,133.6,39.3
34.01,530,8.593,1,133.5,39.3
34.03,530,8.653,1,133.5,39.3
34.06,529,8.438,1,133.5,39.4
34.44,532,9.126,1,133.3,35.7
34.47,533,9.271,1,133.2,36.1
34.49,533,9.135,1,133.2,36.4
34.52,533,9.081,1,133.2,36.8
34.54,534,9.012,1,133.2,37.0
34.57,533,9.061,1,133.3,37.3
34.59,531,8.983,1,133.4,37.5
34.62,531,8.78,1,133.5,37.7
34.64,531,9.115,1,133.5,37.8
34.67,531,9.012,1,133.5,38.0
34.69,530,9.177,1,133.7,38.1
34.72,530,9.185,1,133.7,38.3
34.74,531,9.09,1,133.7,38.3
34.77,531,9.0,1,133.7,38.5
34.8,529,8.803,1,133.8,38.5
34.82,530,8.751,1,133.8,38.6
34.85,532,8.958,1,133.6,38.6
34.87,533,9.052,1,133.5,38.8
34.9,533,9.185,1,133.5,38.8
34.92,534,9.043,1,133.4,38.9
34.95,535,9.091,1,133.4,38.9
34.97,535,9.177,1,133.3,38.9
35.0,535,9.091,1,133.3,38.9
35.02,535,9.025,1,133.4,39.1
35.05,534,9.082,1,133.4,39.0
35.07,533,8.988,1,133.5,39.1
35.1,532,9.16,1,133.6,39.1
35.13,532,9.11,1,133.5,39.1
35.15,533,9.026,1,133.5,39.0
35.18,533,8.961,1,133.5,39.2
35.2,533,8.981,1,133.4,39.2
35.23,533,9.168,1,133.4,39.2
35.25,533,9.045,1,133.4,39.2
35.28,534,8.677,1,133.4,39.2
35.3,537,8.771,1,133.3,39.2
35.33,539,9.181,1,133.2,39.3
35.35,540,9.196,1,133.2,39.3
35.38,541,8.919,1,133.1,39.3
35.41,544,8.94,1,133.0,39.2
35.43,545,9.275,1,132.9,39.3
35.46,545,9.178,1,132.9,39.2
35.48,545,9.21,1,132.9,39.3
35.51,545,9.164,1,132.8,39.3
35.53,544,8.95,1,132.7,39.4
35.56,543,8.968,1,132.8,39.2
35.58,541,8.825,1,132.9,39.3
35.61,540,8.975,1,132.9,39.3
35.63,540,9.024,1,133.0,39.4
35.66,540,9.245,1,133.0,39.3
35.69,540,9.275,1,133.0,39.4
35.71,540,9.27,1,133.1,39.3
35.74,541,9.291,1,133.1,39.3
35.76,541,9.146,1,133.1,39.3
35.79,540,9.185,1,133.1,39.4
35.81,540,9.125,1,133.1,39.3
35.84,540,9.023,1,133.0,39.4
35.86,541,8.89,1,133.1,39.3
35.89,542,8.975,1,133.0,39.3
35.91,542,9.038,1,133.0,39.3
35.94,542,9.089,1,132.9,39.4
35.97,543,8.917,1,133.0,39.3
35.99,544,8.941,1,132.9,39.4
36.02,544,9.095,1,132.9,39.3
36.04,544,9.13,1,132.9,39.3
36.07,543,9.088,1,132.9,39.3
36.09,543,9.045,1,132.9,39.4
36.12,543,9.055,1,132.9,39.3
36.14,542,9.026,1,132.9,39.2
36.17,541,8.981,1,133.0,39.3
36.19,540,8.883,1,133.1,39.3
36.22,540,8.911,1,133.1,39.3
36.24,541,9.083,1,133.1,39.4
36.27,541,9.129,1,133.1,39.3
36.3,541,9.042,1,133.1,39.4
36.32,543,8.814,1,133.1,39.3
36.35,544,8.834,1,133.0,39.3
36.37,544,8.867,1,133.0,39.3
36.4,545,8.85,1,133.0,39.4
36.42,546,8.926,1,132.9,39.3
36.45,546,8.914,1,132.9,39.4
36.47,547,8.802,1,132.9,39.3
36.5,548,8.732,1,132.9,39.3
36.53,549,8.905,1,132.8,39.3
36.55,550,8.891,1,132.8,39.4
36.58,552,8.641,1,132.7,39.3
36.6,553,8.938,1,132.7,39.4
36.63,552,8.833,1,132.7,39.3
36.65,550,8.97,1,132.7,39.3
36.68,550,8.979,1,132.8,39.3
36.7,551,8.809,1,132.8,39.4
36.73,551,8.633,1,132.8,39.3
36.75,550,8.766,1,132.8,39.4
36.78,549,8.943,1,132.8,39.3
36.8,549,8.791,1,132.9,39.3
36.83,549,8.685,1,132.9,39.3
36.86,548,8.556,1,132.9,39.4
36.88,549,8.661,1,132.9,39.3
36.91,550,8.651,1,132.9,39.4
36.93,548,8.634,1,132.9,39.3
36.96,548,8.698,1,132.9,39.3
36.98,548,8.539,1,132.9,39.3
37.01,549,8.578,1,132.9,39.4
37.03,550,8.759,1,132.9,39.3
37.06,549,8.734,1,132.8,39.4
37.08,548,8.611,1,132.9,39.3
37.11,548,8.641,1,132.9,39.3
37.14,548,8.704,1,133.0,39.3
37.16,548,8.646,1,132.9,39.4
37.19,547,8.654,1,133.0,39.3
37.21,548,8.633,1,133.0,39.4
37.24,549,8.719,1,133.0,39.3
37.26,549,8.719,1,133.0,39.3
37.29,548,8.641,1,133.0,39.3
37.31,548,8.69,1,133.0,39.4
37.34,548,8.799,1,133.0,39.3
37.36,547,8.79,1,133.1,39.4
37.39,546,8.67,1,133.1,39.3
37.42,546,8.957,1,133.1,39.3
37.44,546,8.25,1,133.2,39.3
37.47,545,8.771,1,133.2,39.3
37.49,545,8.726,1,133.4,39.3
37.52,546,8.964,1,133.3,39.4
37.54,547,9.288,1,133.3,39.3
37.57,547,9.063,1,133.3,39.3
37.59,547,8.978,1,133.3,39.2
37.62,546,8.977,1,133.3,39.4
37.64,546,8.875,1,133.3,39.3
37.67,546,8.71,1,133.3,39.3
37.7,546,8.761,1,133.3,39.3
37.72,547,9.193,1,133.2,39.3
37.75,547,9.006,1,133.2,39.3
37.77,548,8.822,1,133.3,39.4
37.8,548,8.972,1,133.2,39.3
37.82,547,8.993,1,133.2,39.4
37.85,547,9.018,1,133.2,39.3
37.87,547,9.031,1,133.3,39.3
37.9,547,9.11,1,133.2,39.3
37.92,543,7.998,1,133.8,39.4
37.95,540,8.89,1,133.8,39.3
37.97,540,8.839,1,133.7,39.4
38.0,541,8.994,1,133.7,39.3
38.03,541,8.938,1,133.7,39.3
38.05,541,8.756,1,133.8,39.3
38.08,541,8.895,1,133.7,39.4
38.1,540,9.13,1,133.7,39.3
38.13,539,9.221,1,133.8,39.4
38.15,539,9.128,1,133.9,39.2
38.18,540,9.186,1,133.9,39.3
38.2,540,9.157,1,133.8,39.3
38.23,539,9.213,1,133.8,39.4
38.25,539,9.153,1,133.8,39.3
38.28,539,9.102,1,133.8,39.4
38.31,538,8.854,1,133.9,39.3
38.33,537,8.858,1,134.0,39.3
38.36,536,8.783,1,134.0,39.3
38.38,536,8.821,1,134.0,39.4
38.41,535,8.847,1,134.0,39.3
38.43,536,8.789,1,134.0,39.4
38.46,536,8.753,1,134.0,39.3
38.48,537,8.962,1,133.9,39.3
38.51,537,9.167,1,133.9,39.3
38.53,538,9.056,1,133.9,39.4
38.56,538,9.047,1,133.9,39.3
38.58,538,9.094,1,133.9,39.4
38.61,536,9.071,1,133.9,39.3
38.64,535,9.15,1,134.0,39.3
38.66,535,9.126,1,134.1,39.3
38.69,535,9.009,1,134.1,39.4
38.71,536,9.045,1,134.0,39.3
38.74,536,9.015,1,134.1,39.4
38.76,536,8.874,1,134.1,39.3
38.79,537,8.897,1,134.1,39.3
38.81,538,9.11,1,134.0,39.3
38.84,539,9.168,1,134.0,39.4
38.86,540,9.285,1,134.0,39.3
38.89,540,9.177,1,133.9,39.4
38.92,539,9.224,1,133.9,39.3
38.94,539,9.085,1,133.8,39.3
38.97,539,8.861,1,133.8,39.3
38.99,538,8.866,1,133.8,39.4
39.02,538,8.827,1,133.8,39.3
39.04,538,8.845,1,133.8,39.4
39.07,539,8.98,1,133.8,39.3
39.09,538,9.066,1,133.8,39.3
39.12,537,9.08,1,133.8,39.3
39.14,537,9.137,1,133.9,39.4
39.17,538,9.254,1,133.9,39.3
39.2,537,9.372,1,133.9,39.4
39.22,536,9.115,1,134.0,39.3
39.25,536,9.057,1,134.0,39.3
39.27,536,9.054,1,134.0,39.3
39.3,534,9.011,1,134.1,39.4
39.32,534,8.789,1,134.2,39.3
39.35,536,8.714,1,134.1,39.4
39.37,537,9.136,1,134.0,39.3
39.4,537,9.061,1,133.9,39.3
39.42,537,9.071,1,134.0,39.3
39.45,537,9.325,1,133.9,39.4
39.48,537,9.312,1,133.9,39.3
39.5,537,9.027,1,133.9,39.4
39.53,538,9.04,1,133.8,39.3
39.55,539,9.314,1,133.8,39.3
39.58,539,8.987,1,133.8,39.3
39.6,537,9.168,1,133.8,39.4
39.63,536,9.231,1,133.8,39.3
39.65,537,9.317,1,133.9,39.4
39.68,536,9.064,1,133.9,39.3
39.7,535,9.051,1,134.0,39.3
39.73,534,8.925,1,134.0,39.3
39.75,533,8.86,1,134.1,39.4
39.78,532,8.729,1,134.2,39.3
39.81,531,8.639,1,134.3,39.4
39.83,530,8.767,1,134.4,39.3
39.86,529,8.858,1,134.5,39.3
39.88,527,8.786,1,134.6,39.2
39.91,527,8.797,1,134.6,39.4
39.93,527,8.855,1,134.7,39.3
39.96,527,8.757,1,134.6,39.4
39.98,526,8.681,1,134.7,39.3
40.01,527,8.51,1,134.7,39.3
40.04,528,8.495,1,134.5,39.3
40.06,530,8.603,1,134.4,39.4
40.09,530,8.657,1,134.3,39.3
40.11,532,8.605,1,134.3,39.4
40.14,533,8.744,1,134.2,39.3
40.16,533,8.696,1,134.2,39.3
40.19,534,8.615,1,134.1,39.3
40.21,534,8.515,1,134.1,39.4
40.24,535,8.624,1,134.1,39.3
40.26,535,8.627,1,134.1,39.4
40.29,535,8.518,1,134.1,39.3
40.31,534,8.407,1,134.1,39.3
40.34,534,8.314,1,134.2,39.3
40.37,534,8.326,1,134.1,39.4
40.39,535,8.281,1,134.2,39.3
40.42,535,8.309,1,134.1,39.4
40.44,535,8.277,1,134.1,39.3
40.47,536,8.094,1,134.1,39.3
40.49,537,8.303,1,134.0,39.3
40.52,538,8.296,1,134.0,39.4
40.54,538,8.189,1,133.9,39.3
40.57,537,8.153,1,134.0,39.4
40.59,538,8.275,1,134.0,39.3
40.62,538,8.197,1,134.0,39.3
40.65,537,8.137,1,134.0,39.3
40.67,537,8.181,1,134.0,39.4
40.7,537,8.266,1,134.0,39.3
40.72,537,8.254,1,134.0,39.4
40.75,537,8.437,1,134.0,39.3
40.77,537,8.345,1,134.0,39.3
40.8,537,8.353,1,134.0,39.3
40.82,537,8.264,1,134.0,39.4
40.85,537,8.249,1,134.1,39.3
40.87,538,8.061,1,134.1,39.4
40.9,538,7.951,1,134.1,39.3
40.93,539,7.89,1,134.1,39.3
40.95,539,7.998,1,134.1,39.3
40.98,539,7.945,1,134.1,39.4
41.0,539,7.762,1,134.1,39.3
41.03,539,7.983,1,134.2,39.4
41.05,539,7.877,1,134.3,39.3
41.08,539,7.81,1,134.3,39.3
41.1,538,7.69,1,134.3,39.3
41.13,537,7.799,1,134.5,39.4
41.15,537,7.834,1,134.5,39.3
41.18,538,7.833,1,134.4,39.4
41.21,538,7.664,1,134.3,39.3
41.23,541,7.704,1,134.1,39.3
41.26,543,7.935,1,133.9,39.3
41.28,544,8.364,1,133.7,39.4
41.31,544,8.355,1,133.7,39.3
41.33,543,8.301,1,133.6,39.4
41.36,543,8.33,1,133.7,39.3
41.38,542,8.387,1,133.7,39.3
41.41,542,8.283,1,133.8,39.3
41.43,543,8.078,1,133.8,39.4
41.46,543,8.285,1,133.7,39.3
41.48,543,8.234,1,133.7,39.4
41.51,543,8.027,1,133.7,39.3
41.54,545,8.213,1,133.6,39.3
41.56,545,8.301,1,133.5,39.3
41.59,544,8.171,1,133.6,39.4
41.61,543,8.316,1,133.6,39.3
41.64,543,8.348,1,133.7,39.4
41.66,543,8.48,1,133.6,39.3
41.69,542,8.397,1,133.7,39.3
41.71,541,8.251,1,133.7,39.3
41.74,542,8.443,1,133.7,39.4
41.76,542,8.429,1,133.8,39.3
41.79,543,8.345,1,133.7,39.4
41.82,543,8.431,1,133.7,39.3
41.84,543,8.484,1,133.7,39.3
41.87,542,8.348,1,133.7,39.3
41.89,542,8.188,1,133.6,39.4
41.92,543,8.22,1,133.7,39.3
41.94,544,8.373,1,133.6,39.3
41.97,544,8.397,1,133.5,39.3
41.99,543,8.334,1,133.6,39.3
42.02,544,8.403,1,133.6,39.3
42.04,545,8.461,1,133.5,39.3
42.07,545,8.334,1,133.5,39.3
42.1,543,8.415,1,133.6,39.3
42.12,542,8.479,1,133.6,39.3
42.15,542,8.619,1,133.6,39.3
42.17,542,8.501,1,133.6,39.3
42.2,542,8.466,1,133.5,39.4
42.22,542,8.427,1,133.6,39.3
42.25,542,8.429,1,133.5,39.4
42.27,542,8.41,1,133.5,39.3
42.3,542,8.434,1,133.5,39.3
42.32,541,8.488,1,133.5,39.3
42.35,541,8.534,1,133.5,39.4
42.37,541,8.531,1,133.6,39.3
42.58,537,8.662,1,133.9,35.9
42.61,538,8.491,1,133.9,36.3
42.63,538,8.561,1,134.0,36.5
42.65,539,8.428,1,133.9,36.9
42.68,539,8.768,1,133.8,37.2
42.71,540,8.958,1,133.8,37.4
42.73,540,8.827,1,133.9,37.6
42.76,541,8.758,1,133.8,37.8
42.78,542,8.963,1,133.8,37.8
42.81,542,8.673,1,133.7,38.1
42.83,540,8.702,1,133.8,38.2
42.88,539,8.683,1,133.8,36.3
42.91,541,8.562,1,133.8,36.7
42.93,542,8.609,1,133.8,36.9
42.96,542,8.871,1,133.7,37.1
42.99,543,8.805,1,133.6,37.3
43.01,543,8.797,1,133.6,37.6
43.04,543,8.807,1,133.6,37.7
43.06,544,8.617,1,133.6,38.0
43.09,544,8.824,1,133.5,38.0
43.11,544,8.664,1,133.5,38.2
43.14,543,8.937,1,133.5,38.2
43.16,543,8.845,1,133.5,38.4
43.19,544,8.906,1,133.6,38.5
43.21,544,8.874,1,133.5,38.6
43.24,543,8.745,1,133.6,38.6
43.27,543,8.658,1,133.6,38.7
43.29,544,8.739,1,133.6,38.7
43.32,544,8.754,1,133.5,38.9
43.34,544,8.723,1,133.5,38.9
43.37,545,8.874,1,133.5,38.9
43.39,545,8.838,1,133.4,38.9
43.42,544,8.593,1,133.5,39.0
43.44,545,8.624,1,133.4,39.0
43.47,545,8.902,1,133.5,39.1
43.49,544,8.761,1,133.4,39.1
43.52,544,8.835,1,133.4,39.2
43.55,545,8.841,1,133.4,39.1
43.57,545,8.843,1,133.4,39.1
43.6,546,8.711,1,133.3,39.1
43.62,545,8.431,1,133.4,39.2
43.65,545,8.931,1,133.3,39.2
43.67,545,8.94,1,133.3,39.3
43.7,545,8.878,1,133.3,39.2
43.72,546,8.781,1,133.3,39.2
43.75,546,8.789,1,133.3,39.2
43.77,546,8.88,1,133.3,39.3
43.8,546,8.849,1,133.3,39.2
43.82,546,8.842,1,133.3,39.3
43.85,545,8.834,1,133.2,39.2
43.88,545,8.894,1,133.2,39.3
43.9,545,9.067,1,133.2,39.2
43.93,544,9.013,1,133.3,39.3
43.95,544,8.875,1,133.2,39.2
43.98,544,8.911,1,133.3,39.4
44.0,544,9.047,1,133.3,39.2
44.03,544,9.216,1,133.3,39.3
44.05,545,9.341,1,133.3,39.3
44.08,545,9.283,1,133.3,39.4
44.1,545,9.171,1,133.3,39.3
44.13,546,8.92,1,133.2,39.4
44.16,547,8.87,1,133.2,39.3
44.18,548,8.944,1,133.2,39.3
44.21,548,8.835,1,133.1,39.3
44.23,549,8.796,1,133.1,39.4
44.26,550,8.575,1,133.1,39.3
44.28,551,8.601,1,133.1,39.4
44.31,551,8.857,1,133.0,39.3
44.33,551,8.969,1,133.0,39.3
44.36,552,9.027,1,133.0,39.3
44.38,553,8.85,1,133.0,39.4
44.41,552,8.786,1,133.0,39.3
44.44,551,8.747,1,133.1,39.4
44.62,551,8.347,1,133.0,36.0
44.64,552,8.326,1,133.0,36.4
44.67,553,8.309,1,133.0,36.7
44.69,553,8.294,1,133.0,37.0
44.72,553,8.169,1,133.0,37.2
44.74,554,8.305,1,133.1,37.5
44.77,555,8.314,1,133.1,37.6
44.79,555,8.115,1,133.2,37.8
44.82,555,8.065,1,133.2,37.9
44.84,555,8.122,1,133.2,38.2
44.87,555,8.177,1,133.1,38.2
44.89,554,8.276,1,133.0,38.4
44.92,554,8.285,1,133.0,38.4
44.94,555,8.248,1,133.1,38.5
44.97,556,8.334,1,133.1,38.6
44.99,557,8.316,1,133.1,38.7
45.02,557,8.335,1,133.1,38.7
45.05,558,8.564,1,133.1,38.8
45.07,559,8.605,1,133.1,38.8
45.1,559,8.605,1,133.1,38.9
45.12,559,8.45,1,133.1,38.9
45.15,559,8.362,1,133.1,39.0
45.17,557,8.215,1,133.1,39.0
45.22,554,8.258,1,133.1,37.1
45.25,556,8.27,1,133.2,37.3
45.28,558,8.488,1,133.1,37.4
45.3,559,8.503,1,133.1,37.7
45.33,561,8.629,1,133.1,37.8
45.35,562,8.687,1,133.1,38.0
45.38,562,8.711,1,133.1,38.1
45.4,561,8.695,1,133.0,38.3
45.43,560,8.777,1,133.1,38.3
45.45,559,8.604,1,133.0,38.5
45.71,549,9.055,1,133.1,35.0
45.73,549,9.223,1,133.2,35.5
45.76,550,9.326,1,133.1,35.8
45.78,551,9.337,1,133.0,36.3
45.81,550,9.729,1,132.4,36.5
45.83,549,9.758,1,132.1,36.8
45.94,545,9.349,1,132.5,34.1
45.96,544,9.064,1,132.8,34.7
45.99,542,9.178,1,132.9,35.1
46.01,540,9.305,1,133.1,35.5
46.04,539,8.929,1,133.4,35.8
46.06,539,8.591,1,133.7,36.2
46.09,540,8.379,1,134.1,36.6
46.11,542,7.895,1,134.8,36.9
46.14,547,6.989,1,135.1,37.1
46.16,555,6.212,1,135.8,37.4
46.19,562,7.719,1,136.1,37.5
46.22,564,8.287,1,136.2,37.7
46.24,571,7.112,1,137.2,37.9
46.27,575,8.491,1,137.0,38.1
46.29,573,8.566,1,136.2,38.1
46.32,571,9.462,1,135.2,38.3
46.34,572,10.202,1,134.7,38.3
46.37,568,7.402,1,134.9,38.5
46.39,559,5.526,1,137.1,38.6
46.42,531,6.233,1,135.3,38.7
46.44,527,8.487,1,134.3,38.7
46.47,529,9.855,1,133.7,38.8
46.5,531,9.723,1,133.7,38.7
46.52,532,9.409,1,133.8,38.9
46.55,532,9.176,1,133.9,38.9
46.57,535,9.631,1,133.8,39.0
46.6,535,9.883,1,133.8,39.0
46.62,532,10.438,1,133.6,39.1
46.65,529,7.124,1,134.1,39.0
46.67,525,8.717,1,134.2,39.1
46.7,520,10.862,1,134.3,39.1
46.72,519,10.662,1,134.2,39.2
46.75,519,10.371,1,134.5,39.1
46.78,516,8.488,1,137.1,39.2
46.8,508,8.522,1,140.4,39.1
46.83,499,8.023,1,142.4,39.2
46.85,629,8.141,1,143.7,39.2
46.88,482,8.718,1,144.2,39.3
46.9,619,8.175,1,144.7,39.2
46.93,616,7.229,1,145.9,39.2
46.95,609,7.351,1,146.9,39.2
46.98,467,8.058,1,147.2,39.3
47.0,472,8.283,1,148.0,39.3
47.03,469,9.312,1,149.0,39.3
47.06,468,9.639,1,151.2,39.3
47.08,473,8.99,1,154.1,39.3
47.11,620,7.124,1,155.8,39.2
47.13,632,6.89,1,153.7,39.3
47.16,648,6.809,1,145.4,39.3
47.18,515,4.513,1,136.8,39.3
47.21,525,4.462,1,132.4,39.3
47.23,530,4.574,1,132.2,39.3
47.26,538,4.796,1,132.4,39.2
47.28,546,4.586,1,131.3,39.3
47.31,559,3.29,1,130.3,39.3
47.33,606,2.907,0,127.9,39.3
47.36,641,3.347,1,127.5,39.3
47.39,641,3.722,1,129.1,39.3
47.41,617,3.747,1,129.8,39.3
47.44,611,4.409,1,129.7,39.3
47.46,597,4.382,1,136.2,39.3
47.49,575,4.763,1,140.0,39.4
47.51,540,3.523,1,139.8,39.3
47.54,507,3.782,1,147.5,39.3
47.56,375,3.349,1,145.0,39.3
47.59,570,2.553,0,145.8,39.3
47.61,540,3.061,1,139.2,39.3
47.64,529,4.189,1,133.8,39.4
47.67,530,3.758,1,137.2,39.3
47.69,551,3.317,1,142.5,39.3
47.72,586,4.603,1,139.2,39.3
47.74,595,4.53,1,138.9,39.3
47.77,605,3.646,1,138.6,39.3
47.79,627,3.487,1,139.4,39.4
47.82,654,3.567,1,135.3,39.3
47.84,539,2.915,0,133.6,39.4
47.87,558,2.985,0,134.0,39.3
47.89,582,2.817,0,137.5,39.3
47.92,627,2.414,0,143.8,39.3
47.95,654,2.858,0,145.9,39.4
47.97,653,2.922,0,146.9,39.3
48.0,603,3.574,1,138.9,39.4
48.02,617,3.032,1,141.7,39.2
48.05,649,4.266,1,144.1,39.3
48.07,621,2.479,0,142.9,39.3
48.1,566,4.134,1,132.7,39.4
48.12,578,3.236,1,135.6,39.3
48.15,600,4.998,1,136.4,39.4
48.17,576,3.268,1,136.2,39.2
48.2,557,5.379,1,131.1,39.3
48.23,562,4.25,1,135.5,39.3
48.25,563,4.507,1,136.1,39.4
48.28,540,3.312,1,135.8,39.3
48.3,520,5.969,1,133.1,39.4
48.33,535,5.489,1,133.6,39.2
48.35,520,4.134,1,135.2,39.4
48.38,638,6.527,1,141.3,39.3
48.4,637,7.363,1,140.2,39.4
48.43,650,8.362,1,137.0,39.3
48.45,629,5.406,1,142.3,39.4
48.48,622,8.442,1,140.1,39.2
48.51,632,5.255,1,141.2,39.3
48.53,642,6.373,1,139.0,39.3
48.56,620,6.229,1,141.6,39.3
48.58,617,9.2,1,139.5,39.3
48.61,615,6.708,1,140.3,39.4
48.63,590,5.464,1,141.8,39.3
48.66,584,9.316,1,138.1,39.4
48.68,592,6.736,1,140.0,39.3
48.71,598,8.545,1,139.8,39.4
48.73,592,9.598,1,139.2,39.3
48.76,592,9.53,1,139.1,39.4
48.79,594,9.987,1,139.3,39.3
48.81,590,9.151,1,139.5,39.4
48.84,585,9.447,1,139.1,39.3
48.86,583,9.651,1,138.8,39.4
48.89,581,9.735,1,138.5,39.3
48.91,427,9.651,1,138.3,39.4
48.94,587,6.434,1,140.2,39.3
48.96,445,7.317,1,140.4,39.3
48.99,564,4.969,1,140.2,39.3
49.01,559,8.505,1,136.1,39.4
49.04,567,6.127,1,137.2,39.3
49.06,572,6.678,1,136.7,39.4
49.09,559,6.604,1,135.6,39.3
49.12,559,6.691,1,134.9,39.3
49.14,567,6.879,1,135.2,39.3
49.17,560,6.073,1,135.3,39.4
49.19,401,6.928,1,133.7,39.3
49.22,561,5.643,1,135.0,39.4
49.24,413,6.622,1,134.6,39.3
49.27,552,5.418,1,134.4,39.3
49.29,559,6.703,1,132.1,39.3
49.32,552,5.512,1,134.3,39.4
49.34,564,6.313,1,134.6,39.3
49.37,563,6.425,1,134.7,39.4
49.4,561,6.745,1,134.4,39.3
49.42,564,6.924,1,135.0,39.3
49.45,560,6.459,1,135.1,39.3
49.47,554,7.115,1,134.6,39.3
49.5,556,6.609,1,135.2,39.3
49.52,563,6.95,1,135.3,39.4
49.55,562,6.462,1,135.4,39.3
49.57,556,7.061,1,134.6,39.3
49.6,556,7.118,1,134.6,39.3
49.62,562,6.855,1,135.3,39.4
49.65,410,6.362,1,135.4,39.3
49.67,557,7.049,1,134.6,39.4
49.7,562,5.895,1,136.3,39.3
49.73,575,6.65,1,136.9,39.3
49.75,574,6.99,1,136.9,39.3
49.78,569,7.521,1,136.1,39.4
49.8,571,7.034,1,137.0,39.3
49.83,577,7.984,1,137.2,39.4
49.85,575,8.093,1,137.2,39.3
49.88,577,7.724,1,138.0,39.3
49.9,579,8.216,1,138.7,39.3
49.93,576,8.782,1,138.7,39.4
49.95,580,6.763,1,140.4,39.3
49.98,594,7.475,1,140.8,39.4
50.01,592,7.419,1,140.9,39.3
50.03,589,8.549,1,140.2,39.3
50.06,596,6.418,1,141.9,39.3
50.08,606,8.433,1,141.7,39.4
50.11,605,8.759,1,141.7,39.3
50.13,607,7.704,1,142.5,39.4
50.16,618,7.119,1,143.1,39.1
50.18,624,8.747,1,142.2,39.3
50.21,622,8.964,1,142.1,39.4
50.23,622,9.039,1,142.1,39.3
50.26,622,9.047,1,142.1,39.3
50.29,622,9.094,1,142.0,39.4
50.31,621,8.586,1,142.3,39.3
50.34,616,9.218,1,142.3,39.3
50.36,615,9.467,1,142.2,39.3
50.39,613,9.411,1,142.3,39.4
50.41,614,8.945,1,142.6,39.3
50.44,470,9.97,1,142.5,39.4
50.47,616,10.235,1,143.2,39.1
50.49,616,10.363,1,143.4,39.3
50.51,618,10.556,1,143.5,39.3
50.54,615,9.974,1,144.8,39.4
50.57,610,10.903,1,145.6,39.3
50.59,608,11.286,1,146.0,39.4
50.62,609,11.117,1,146.6,39.3
50.64,609,11.233,1,147.0,39.3
50.67,608,11.222,1,147.4,39.3
50.69,612,9.277,1,148.2,39.4
50.72,620,11.07,1,147.0,39.3
50.74,622,10.785,1,147.1,39.4
50.77,628,9.631,1,146.5,39.3
50.79,632,10.846,1,145.4,39.3
50.82,636,8.631,1,145.6,39.3
50.84,648,9.441,1,142.2,39.4
50.87,651,10.77,1,141.0,39.3
50.9,650,11.023,1,141.3,39.4
50.92,649,11.149,1,141.4,39.2
50.95,653,9.789,1,140.3,39.3
50.97,514,7.758,1,138.0,39.3
51.0,516,8.761,1,137.3,39.4
51.02,651,8.317,1,141.0,39.3
51.05,645,10.727,1,143.5,39.3
51.07,648,8.878,1,142.4,39.2
51.1,654,9.007,1,139.0,39.3
51.12,647,8.95,1,142.8,39.3
51.15,645,10.235,1,143.4,39.4
51.18,653,6.61,1,140.4,39.3
51.2,525,8.534,1,136.5,39.4
51.23,654,6.445,1,139.3,39.3
51.25,653,10.285,1,139.8,39.3
51.28,521,4.546,1,138.0,39.3
51.3,535,8.805,1,135.4,39.4
51.33,519,5.179,1,137.3,39.3
51.35,511,9.425,1,137.2,39.4
51.38,517,7.774,1,136.6,39.3
51.4,519,8.896,1,136.1,39.3
51.43,512,7.567,1,137.7,39.3
51.46,508,9.555,1,137.9,39.4
51.48,514,8.416,1,136.9,39.3
51.51,515,9.435,1,136.3,39.4
51.53,510,9.539,1,137.1,39.3
51.56,511,9.32,1,136.7,39.3
51.58,513,9.798,1,136.2,39.3
51.61,654,8.935,1,137.8,39.4
51.63,653,11.079,1,138.5,39.3
51.66,654,9.903,1,137.9,39.4
51.68,509,10.001,1,137.5,39.3
51.71,509,10.0,1,137.3,39.3
51.74,510,10.059,1,137.1,39.3
51.76,508,9.615,1,137.8,39.4
51.79,652,10.568,1,139.2,39.3
51.81,650,10.935,1,139.6,39.4
51.84,652,10.911,1,139.2,39.2
51.86,649,10.885,1,140.1,39.3
51.89,649,10.503,1,139.9,39.3
51.91,653,10.829,1,138.7,39.3
51.94,652,10.96,1,139.0,39.3
51.96,652,10.433,1,138.8,39.3
51.99,507,10.181,1,137.4,39.2
52.02,648,8.814,1,140.3,39.3
52.04,644,10.983,1,141.6,39.3
52.07,648,9.516,1,140.5,39.4
52.09,650,10.121,1,139.4,39.3
52.12,645,10.511,1,141.3,39.4
52.14,646,9.893,1,141.0,39.3
52.17,651,10.663,1,139.0,39.3
52.19,647,10.069,1,140.5,39.3
52.22,646,10.679,1,140.9,39.4
52.24,650,10.24,1,139.4,39.3
52.27,648,9.826,1,140.1,39.3
52.3,644,10.885,1,141.4,39.3
52.32,645,10.78,1,141.4,39.3
52.35,647,10.546,1,140.5,39.3
52.37,649,10.642,1,139.9,39.4
52.4,647,10.806,1,140.6,39.3
52.42,645,10.803,1,141.1,39.4
52.45,648,9.883,1,140.3,39.2
52.47,652,10.801,1,138.7,39.3
52.5,648,10.098,1,140.4,39.3
52.52,645,10.933,1,141.2,39.4
52.55,647,10.517,1,140.9,39.3
52.57,645,10.093,1,141.4,39.4
52.6,642,10.878,1,142.0,39.2
52.63,648,9.131,1,140.8,39.4
52.65,650,10.159,1,139.4,39.3
52.68,644,9.928,1,141.8,39.4
52.7,643,10.657,1,142.1,39.3
52.73,649,9.122,1,140.4,39.4
52.75,652,10.093,1,139.0,39.3
52.78,643,9.67,1,142.1,39.3
52.8,642,10.4,1,142.0,39.3
52.83,648,10.235,1,140.3,39.4
52.85,649,10.739,1,139.7,39.3
52.88,647,10.898,1,140.4,39.4
52.91,648,10.703,1,140.3,39.3
52.93,649,10.831,1,139.8,39.3
52.96,649,10.795,1,139.8,39.3
52.98,651,10.695,1,138.9,39.4
53.01,650,10.693,1,139.2,39.3
53.03,648,10.797,1,139.9,39.4
53.06,647,10.733,1,140.3,39.3
53.08,645,10.8,1,140.9,39.3
53.11,645,10.705,1,140.9,39.3
53.13,647,10.757,1,140.1,39.4
53.16,645,10.297,1,141.0,39.3
53.18,644,10.634,1,141.1,39.4
53.21,647,10.558,1,140.2,39.3
53.24,644,9.013,1,141.4,39.3
53.26,638,10.454,1,142.0,39.3
53.29,643,8.26,1,141.6,39.4
53.31,497,9.142,1,140.6,39.3
53.34,637,10.089,1,142.2,39.3
53.36,639,8.035,1,142.1,39.2
53.39,650,9.791,1,138.3,39.3
53.41,635,6.785,1,142.7,39.3
53.44,628,9.985,1,142.1,39.4
53.47,633,8.219,1,141.2,39.2
53.49,483,6.305,1,142.7,39.4
53.52,608,7.969,1,143.5,39.3
53.54,609,6.8,1,143.8,39.4
53.57,482,6.927,1,141.9,39.3
53.59,618,5.148,1,143.9,39.4
53.62,603,7.248,1,142.5,39.3
53.64,603,7.284,1,141.6,39.3
53.67,615,7.519,1,141.5,39.3
53.69,613,8.163,1,141.3,39.3
53.72,614,7.503,1,141.6,39.3
53.74,627,5.939,1,140.9,39.4
53.77,633,7.598,1,139.4,39.3
53.8,626,7.892,1,139.6,39.4
53.82,626,7.319,1,140.2,39.3
53.85,643,4.237,1,138.3,39.3
53.87,509,6.767,1,134.2,39.3
53.9,634,6.101,1,140.1,39.3
53.92,629,9.007,1,139.9,39.3
53.95,636,4.103,1,140.2,39.4
53.97,519,7.151,1,132.5,39.3
54.0,500,3.859,1,138.6,39.4
54.02,620,7.738,1,140.8,39.3
54.05,625,3.959,1,142.7,39.4
54.08,545,4.057,1,136.3,39.3
54.1,527,2.591,0,139.3,39.4
54.13,416,2.467,0,116.0,39.2
54.15,423,0.706,0,94.2,39.3
54.18,412,1.249,0,85.3,39.3
54.2,423,2.429,0,81.0,39.4
54.23,442,0.954,0,73.1,39.3
54.25,557,1.142,0,68.9,39.4
54.28,434,2.158,0,71.6,39.3
54.3,515,1.766,0,69.0,39.3
54.33,462,2.958,0,69.7,39.3
54.35,475,2.88,0,69.1,39.4
54.38,456,2.001,0,69.0,39.3
54.41,449,3.51,1,68.1,39.4
54.43,455,3.629,1,68.6,39.3
54.46,457,3.606,1,68.8,39.3
54.48,464,3.107,1,69.8,39.3
54.51,477,3.644,1,70.2,39.3
54.53,478,3.658,1,70.2,39.3
54.56,481,2.765,0,70.3,39.3
54.58,497,1.647,0,67.9,39.3
54.61,526,0.931,0,64.0,39.3
54.64,478,1.549,0,71.0,39.3
54.66,481,1.838,0,82.6,39.3
54.69,654,1.541,0,92.9,39.3
54.71,530,1.782,0,105.9,39.3
54.74,568,2.442,0,111.7,39.3
54.76,534,1.749,0,117.8,39.3
54.79,531,3.039,1,119.5,39.3
54.81,553,2.949,0,122.9,39.4
54.84,557,3.205,1,128.4,39.3
54.86,626,3.316,1,136.7,39.3
54.89,618,3.857,1,138.1,39.3
54.91,598,4.039,1,138.7,39.3
54.94,604,5.85,1,135.5,39.3
54.97,609,6.538,1,136.3,39.4
54.99,609,6.637,1,136.4,39.3
55.02,592,5.825,1,137.8,39.4
55.04,600,7.056,1,138.1,39.3
55.07,601,7.172,1,139.8,39.3
55.09,600,7.545,1,140.4,39.3
55.12,601,7.7,1,140.9,39.4
55.14,582,7.611,1,141.3,39.3
55.17,596,8.187,1,141.0,39.4
55.2,595,8.272,1,141.0,39.3
55.22,598,8.358,1,141.6,39.3
55.25,586,7.092,1,143.7,39.3
55.27,615,6.95,1,145.4,39.4
55.3,618,8.881,1,145.3,39.3
55.32,464,9.223,1,145.6,39.4
55.35,606,7.752,1,146.2,39.3
55.37,472,9.437,1,145.8,39.3
55.4,471,9.561,1,145.8,39.3
55.42,468,9.45,1,145.8,39.4
55.45,472,9.406,1,145.6,39.3
55.47,621,8.188,1,145.8,39.3
55.5,464,9.218,1,145.1,39.2
55.53,626,8.061,1,145.1,39.3
55.55,472,9.243,1,144.6,39.3
55.58,629,8.335,1,144.8,39.4
55.6,634,8.287,1,144.7,39.3
55.63,639,8.655,1,144.6,39.4
55.65,639,9.131,1,144.5,39.2
55.68,639,8.889,1,144.6,39.3
55.7,637,8.756,1,144.2,39.3
55.73,482,8.826,1,143.7,39.4
55.75,634,7.555,1,144.1,39.3
55.78,627,8.569,1,143.7,39.4
55.81,626,8.274,1,143.3,39.3
55.83,622,8.431,1,143.2,39.3
55.86,621,8.487,1,143.0,39.3
55.88,623,8.335,1,143.2,39.4
55.91,623,8.318,1,143.1,39.3
55.93,623,8.368,1,143.1,39.4
55.96,624,8.434,1,143.3,39.3
55.98,624,8.384,1,143.1,39.3
56.01,621,7.197,1,143.4,39.3
56.03,617,8.14,1,142.6,39.4
56.06,613,6.885,1,142.4,39.3
56.08,607,8.099,1,141.0,39.4
56.11,610,7.994,1,141.5,39.3
56.14,609,8.023,1,141.8,39.3
56.16,612,7.922,1,142.5,39.3
56.19,614,8.542,1,142.8,39.4
56.21,618,8.058,1,143.6,39.3
56.24,623,8.294,1,144.2,39.4
56.26,627,8.407,1,144.5,39.2
56.29,630,8.725,1,144.7,39.3
56.31,633,8.7,1,144.7,39.3
56.34,635,8.959,1,144.7,39.4
56.36,482,9.224,1,144.7,39.3
56.39,480,9.229,1,144.6,39.4
56.42,479,9.356,1,144.6,39.3
56.44,631,9.024,1,144.6,39.3
56.47,476,9.085,1,144.6,39.3
56.49,473,9.273,1,144.4,39.4
56.52,474,9.172,1,144.4,39.3
56.54,474,9.084,1,144.2,39.3
56.57,623,8.759,1,143.9,39.3
56.59,469,8.989,1,143.3,39.3
56.62,620,8.405,1,142.7,39.3
56.64,618,8.519,1,142.1,39.4
56.67,618,8.319,1,141.9,39.3
56.7,620,8.271,1,141.9,39.4
56.72,623,7.397,1,142.3,39.2
56.75,627,8.686,1,142.5,39.3
56.77,614,7.283,1,143.3,39.3
56.8,635,8.713,1,142.9,39.4
56.82,634,8.901,1,142.9,39.3
56.85,635,8.898,1,143.4,39.4
56.87,634,9.062,1,143.9,39.3
56.9,636,8.965,1,144.3,39.3
56.92,634,9.173,1,144.5,39.3
56.95,633,9.42,1,144.7,39.4
56.98,483,9.079,1,145.3,39.3
57.0,630,9.419,1,145.6,39.4
57.03,632,9.681,1,145.6,39.2
57.05,482,9.954,1,145.5,39.3
57.08,485,8.419,1,145.8,39.3
57.1,489,10.025,1,145.3,39.4
57.13,491,8.823,1,145.4,39.3
57.15,496,9.907,1,144.8,39.4
57.18,496,10.039,1,144.7,39.3
57.2,497,10.492,1,144.8,39.3
57.23,498,9.845,1,144.7,39.3
57.25,500,9.15,1,144.8,39.4
57.28,505,10.081,1,144.3,39.3
57.31,506,9.442,1,144.6,39.4
57.33,509,9.894,1,143.9,39.3
57.36,507,10.644,1,143.9,39.3
57.38,507,10.563,1,143.8,39.3
57.41,508,10.2,1,143.8,39.4
57.43,508,9.33,1,143.8,39.3
57.46,513,9.994,1,142.4,39.4
57.48,513,10.159,1,142.5,39.3
57.51,513,10.294,1,142.3,39.3
57.53,513,10.24,1,142.0,39.3
57.56,512,10.468,1,141.9,39.4
57.59,515,10.102,1,141.0,39.3
57.61,512,10.222,1,141.7,39.4
57.64,510,10.265,1,142.1,39.3
57.66,510,10.559,1,142.2,39.3
57.69,507,8.987,1,142.9,39.3
57.71,505,10.469,1,142.8,39.4
57.74,506,10.473,1,142.7,39.3
57.76,508,10.422,1,142.5,39.4
57.79,509,10.435,1,142.2,39.3
57.81,513,9.866,1,141.3,39.3
57.84,512,10.031,1,141.6,39.3
57.87,511,10.409,1,141.8,39.4
57.89,512,10.785,1,141.6,39.3
57.92,513,10.205,1,141.2,39.4
57.94,513,10.083,1,141.3,39.3
57.97,510,10.548,1,141.7,39.3
57.99,510,10.539,1,141.8,39.3
58.02,510,10.691,1,141.9,39.4
58.04,509,10.369,1,142.1,39.3
58.07,508,10.696,1,142.4,39.4
58.09,508,10.615,1,142.5,39.3
58.12,506,10.355,1,142.7,39.3
58.15,506,10.428,1,142.8,39.3
58.17,504,10.543,1,143.0,39.3
58.2,504,10.636,1,143.1,39.3
58.22,505,9.103,1,143.3,39.3
58.25,508,10.253,1,142.8,39.3
58.27,509,9.793,1,142.8,39.3
58.3,509,10.258,1,142.6,39.3
58.32,509,10.401,1,142.5,39.4
58.35,507,10.55,1,142.8,39.3
58.37,508,10.377,1,142.7,39.4
58.4,508,10.445,1,142.8,39.3
58.42,509,10.109,1,142.6,39.3
58.45,508,10.253,1,142.7,39.3
58.48,507,10.158,1,142.8,39.4
58.5,505,10.542,1,143.0,39.3
58.53,505,10.442,1,143.0,39.3
58.55,504,10.618,1,143.2,39.3
58.58,505,10.07,1,143.2,39.3
58.6,507,10.542,1,142.8,39.3
58.63,507,10.41,1,142.8,39.4
58.65,508,10.451,1,142.7,39.3
58.68,507,10.567,1,142.7,39.4
58.71,508,10.389,1,142.7,39.3
58.73,507,10.37,1,142.8,39.3
58.76,508,9.861,1,142.8,39.3
58.78,509,10.405,1,142.5,39.3
58.81,509,10.347,1,142.5,39.3
58.83,508,10.375,1,142.6,39.4
58.86,507,10.147,1,142.8,39.3
58.88,504,10.293,1,143.1,39.3
58.91,502,10.716,1,143.3,39.3
58.93,503,10.368,1,143.3,39.4
58.96,503,10.447,1,143.3,39.3
58.98,504,10.302,1,143.2,39.3
59.01,505,10.36,1,143.0,39.3
59.04,507,10.195,1,142.8,39.3
59.06,508,10.159,1,142.7,39.3
59.09,507,10.678,1,142.8,39.4
59.11,506,10.294,1,142.8,39.3
59.14,504,10.462,1,143.1,39.3
59.16,502,10.234,1,143.2,39.3
59.19,502,10.615,1,143.2,39.3
59.21,502,10.483,1,143.2,39.3
59.24,501,10.326,1,143.4,39.3
59.26,501,10.434,1,143.3,39.3
59.29,502,10.428,1,143.3,39.4
59.32,503,10.251,1,143.3,39.3
59.34,503,10.36,1,143.2,39.3
59.37,504,10.433,1,143.1,39.3
59.39,503,10.548,1,143.2,39.4
59.42,505,9.875,1,143.3,39.3
59.44,507,10.512,1,142.9,39.4
59.47,507,10.275,1,142.8,39.2
59.49,508,10.309,1,142.7,39.3
59.52,510,10.585,1,142.4,39.3
59.54,510,10.425,1,142.3,39.4
59.57,511,10.334,1,142.3,39.3
59.59,509,10.105,1,142.6,39.4
59.62,507,10.499,1,142.9,39.3
59.65,506,10.362,1,143.0,39.3
59.67,506,10.253,1,142.9,39.3
59.7,507,10.599,1,142.9,39.4
59.72,507,10.506,1,142.7,39.3
59.75,506,10.102,1,142.9,39.4
59.77,505,10.448,1,143.0,39.3
59.8,507,10.298,1,142.8,39.3
59.82,507,10.243,1,142.7,39.3
59.85,508,10.366,1,142.6,39.4
59.87,508,10.521,1,142.6,39.3
59.9,509,10.411,1,142.4,39.4
59.93,509,10.387,1,142.4,39.3
59.95,511,10.329,1,142.2,39.3
59.98,511,10.354,1,142.2,39.3
60.0,512,10.577,1,141.9,39.4
60.03,512,10.618,1,141.9,39.3
60.05,511,10.271,1,142.2,39.4
60.08,511,10.263,1,142.2,39.3
60.1,510,10.554,1,142.4,39.3
60.13,509,10.395,1,142.8,39.3
60.15,508,10.399,1,143.0,39.4
60.18,508,10.36,1,143.1,39.3
60.21,509,10.251,1,143.0,39.4
60.23,509,10.225,1,143.1,39.3
60.26,507,10.222,1,143.3,39.3
60.28,510,10.307,1,143.2,39.3
60.31,510,10.403,1,143.2,39.4
60.33,510,10.295,1,143.2,39.3
60.36,511,10.277,1,142.9,39.4
60.38,513,10.197,1,142.5,39.3
60.41,514,9.572,1,142.5,39.3
60.43,514,9.368,1,142.5,39.3
60.46,515,9.241,1,142.4,39.4
60.49,512,8.999,1,143.1,39.3
60.51,514,9.565,1,142.8,39.3
60.54,515,10.002,1,142.4,39.3
60.56,515,10.037,1,142.5,39.3
60.59,515,10.099,1,142.5,39.3
60.61,514,9.569,1,142.8,39.4
60.64,510,9.668,1,143.7,39.3
60.66,507,9.595,1,144.1,39.4
60.69,505,10.277,1,144.1,39.3
60.71,507,9.58,1,144.2,39.3
60.74,509,10.065,1,143.8,39.3
60.76,510,9.723,1,143.7,39.4
60.79,511,10.067,1,143.5,39.3
60.82,512,10.265,1,143.3,39.4
60.84,513,9.889,1,143.0,39.3
60.87,513,9.814,1,142.9,39.3
60.89,513,10.041,1,142.9,39.3
60.92,512,10.29,1,143.1,39.4
60.94,512,10.21,1,143.1,39.3
60.97,514,9.974,1,142.8,39.4
60.99,515,10.029,1,142.5,39.2
61.02,516,9.739,1,142.3,39.3
61.04,516,9.962,1,142.3,39.3
61.07,516,9.98,1,142.4,39.4
61.1,516,9.919,1,142.3,39.3
61.12,516,9.974,1,142.4,39.4
61.15,515,10.096,1,142.5,39.3
61.17,515,9.994,1,142.7,39.3
61.2,517,9.866,1,142.2,39.3
61.22,516,10.046,1,142.4,39.3
61.25,516,10.003,1,142.4,39.3
61.27,517,9.914,1,142.2,39.3
61.3,516,10.042,1,142.2,39.3
61.32,516,10.004,1,142.3,39.3
61.35,516,9.893,1,142.2,39.3
61.38,514,9.882,1,142.6,39.3
61.4,515,10.129,1,142.5,39.3
61.43,515,9.891,1,142.3,39.3
61.45,517,10.111,1,141.9,39.3
61.48,518,9.487,1,141.5,39.3
61.5,518,9.861,1,141.5,39.3
61.53,518,9.933,1,141.5,39.4
61.55,518,9.933,1,141.5,39.3
61.58,518,9.944,1,141.5,39.4
61.6,518,10.033,1,141.5,39.3
61.63,519,9.83,1,141.2,39.3
61.66,520,10.221,1,140.7,39.3
61.68,520,10.155,1,140.6,39.4
61.71,519,10.198,1,140.9,39.3
61.73,519,10.201,1,140.9,39.4
61.76,520,9.848,1,140.7,39.3
61.78,522,10.181,1,140.0,39.3
61.81,523,9.764,1,139.7,39.3
61.83,523,9.82,1,139.7,39.4
61.86,522,10.158,1,139.9,39.3
61.88,522,10.03,1,140.1,39.4
61.91,522,9.821,1,140.1,39.3
61.94,523,9.973,1,139.9,39.3
61.96,524,9.595,1,139.6,39.3
61.99,525,9.873,1,139.1,39.4
62.01,527,10.133,1,138.6,39.3
62.04,527,9.967,1,138.6,39.3
62.06,526,9.91,1,138.7,39.3
62.09,527,9.989,1,138.7,39.3
62.11,527,9.957,1,138.6,39.3
62.14,525,9.722,1,139.2,39.4
62.16,526,9.813,1,139.0,39.3
62.19,526,9.646,1,139.0,39.4
62.22,527,9.755,1,138.8,39.3
62.24,525,10.038,1,139.2,39.3
62.27,525,9.865,1,139.3,39.3
62.29,524,9.811,1,139.6,39.4
62.32,524,9.962,1,139.7,39.3
62.34,525,9.934,1,139.5,39.4
62.37,527,9.615,1,139.1,39.3
62.39,527,9.998,1,138.9,39.3
62.42,527,9.929,1,139.0,39.3
62.44,526,9.788,1,139.2,39.4
62.47,527,9.56,1,139.2,39.3
62.49,528,9.79,1,138.8,39.4
62.52,528,9.846,1,138.7,39.3
62.55,527,9.92,1,139.0,39.3
62.57,528,9.699,1,138.8,39.3
62.6,527,9.751,1,138.9,39.4
62.62,528,9.643,1,138.8,39.3
62.65,528,9.755,1,138.9,39.4
62.67,529,9.926,1,138.5,39.3
62.7,529,9.954,1,138.5,39.3
62.72,530,9.834,1,138.1,39.3
62.75,530,9.829,1,138.2,39.4
62.77,530,9.907,1,138.2,39.3
62.8,529,9.934,1,138.3,39.3
62.83,530,9.986,1,138.2,39.3
62.85,530,9.935,1,138.3,39.3
62.88,532,9.759,1,138.0,39.3
62.9,532,9.827,1,137.9,39.4
62.93,532,9.879,1,138.0,39.3
62.95,531,9.857,1,138.1,39.4
62.98,531,9.921,1,138.1,39.3
63.0,532,9.933,1,138.0,39.3
63.03,533,9.953,1,137.8,39.3
63.05,533,9.862,1,137.8,39.4
63.08,534,9.972,1,137.7,39.3
63.1,534,9.954,1,137.7,39.4
63.13,534,9.949,1,137.7,39.2
63.16,533,9.636,1,137.8,39.3
63.18,533,9.637,1,137.8,39.3
63.21,534,9.603,1,137.8,39.4
63.23,532,9.974,1,137.9,39.3
63.26,531,9.739,1,138.0,39.4
63.28,531,9.913,1,138.0,39.2
63.31,530,9.809,1,138.2,39.3
63.33,531,9.071,1,138.3,39.3
63.36,533,9.849,1,137.9,39.4
63.39,532,10.095,1,137.9,39.3
63.41,531,9.637,1,138.1,39.3
63.44,530,9.815,1,138.4,39.2
63.46,530,9.909,1,138.5,39.3
63.49,531,9.805,1,138.5,39.3
63.51,533,9.323,1,138.4,39.4
63.54,534,9.58,1,138.4,39.3
63.56,536,9.65,1,138.2,39.4
63.59,536,9.614,1,138.1,39.3
63.61,536,9.493,1,138.1,39.4
63.64,536,9.314,1,138.1,39.3
63.66,537,9.926,1,138.0,39.4
63.69,535,9.403,1,138.1,39.3
63.72,533,9.655,1,138.2,39.4
63.74,531,9.49,1,138.6,39.3
63.77,530,9.788,1,138.8,39.3
63.79,530,9.797,1,138.8,39.3
63.82,530,9.453,1,139.2,39.3
63.84,528,9.539,1,139.6,39.3
63.87,529,9.555,1,139.8,39.3
63.89,528,9.295,1,139.9,39.3
63.92,530,9.103,1,139.6,39.3
63.94,528,8.509,1,140.3,39.3
63.97,529,8.742,1,140.2,39.4
64.0,530,9.375,1,139.9,39.3
64.02,531,9.353,1,139.7,39.4
64.05,531,9.173,1,139.7,39.2
64.07,533,9.309,1,139.6,39.4
64.1,534,9.628,1,139.4,39.3
64.12,535,9.307,1,139.2,39.4
64.15,536,9.358,1,139.2,39.3
64.17,536,9.358,1,139.2,39.3
64.2,534,9.397,1,139.1,39.3
64.22,534,9.389,1,139.3,39.3
64.25,533,9.297,1,139.6,39.3
64.27,532,9.229,1,139.7,39.4
64.3,531,9.309,1,139.7,39.3
64.33,529,8.905,1,140.4,39.4
64.35,526,9.234,1,141.1,39.3
64.38,526,9.405,1,141.3,39.4
64.4,527,9.287,1,141.2,39.3
64.43,527,9.434,1,141.0,39.4
64.45,527,9.348,1,141.1,39.3
64.48,528,8.966,1,140.9,39.4
64.5,528,9.006,1,140.9,39.2
64.53,530,8.315,1,140.9,39.3
64.55,532,9.181,1,140.5,39.3
64.58,530,8.341,1,141.1,39.4
64.61,526,8.921,1,141.8,39.3
64.63,527,8.924,1,141.8,39.4
64.66,528,7.857,1,141.7,39.3
64.68,532,8.674,1,141.1,39.3
64.71,531,8.958,1,141.1,39.3
64.73,532,8.965,1,140.9,39.4
64.76,532,8.785,1,141.1,39.3
64.78,530,9.02,1,141.2,39.4
64.81,532,8.993,1,141.1,39.3
64.83,532,9.01,1,141.1,39.3
64.86,532,9.078,1,141.2,39.3
64.89,532,8.691,1,141.5,39.4
64.91,533,8.747,1,141.4,39.3
64.94,534,8.66,1,141.4,39.4
64.96,535,8.738,1,141.3,39.3
64.99,536,8.537,1,141.3,39.3
65.01,535,8.063,1,141.4,39.3
65.04,534,8.404,1,141.5,39.4
65.06,533,8.225,1,141.7,39.3
65.09,533,8.445,1,141.6,39.4
65.11,533,8.814,1,141.6,39.3
65.14,534,8.508,1,141.5,39.3
65.17,535,8.692,1,141.5,39.3
65.19,537,8.686,1,141.3,39.3
65.22,538,8.767,1,141.3,39.3
65.24,540,8.513,1,141.3,39.4
65.27,540,8.645,1,141.2,39.3
65.29,539,8.754,1,141.3,39.3
65.32,537,8.309,1,141.5,39.3
65.34,536,8.499,1,141.6,39.3
65.37,533,8.597,1,141.7,39.3
65.39,536,8.391,1,141.6,39.4
65.42,537,8.508,1,141.4,39.3
65.45,537,8.421,1,141.4,39.3
65.47,536,8.77,1,141.5,39.3
65.5,537,8.903,1,141.4,39.4
65.52,538,8.507,1,141.3,39.3
65.55,539,8.876,1,141.2,39.4
65.57,538,8.822,1,141.3,39.3
65.6,538,8.722,1,141.2,39.3
65.62,538,8.976,1,141.1,39.3
65.65,539,8.826,1,141.1,39.4
65.67,539,8.839,1,141.1,39.3
65.7,539,9.166,1,140.9,39.4
65.73,540,8.916,1,140.7,39.3
65.75,540,9.067,1,140.6,39.3
65.78,541,8.915,1,140.6,39.3
65.8,540,9.138,1,140.6,39.4
65.83,540,9.118,1,140.7,39.3
65.85,541,8.813,1,140.9,39.4
65.88,542,8.993,1,140.9,39.3
65.9,541,8.84,1,141.0,39.3
65.93,540,8.8,1,141.1,39.3
65.95,541,8.593,1,141.2,39.4
65.98,541,8.53,1,141.2,39.3
66.0,541,8.571,1,141.2,39.4
66.03,542,8.102,1,141.4,39.3
66.06,544,8.479,1,141.2,39.3
66.08,544,8.539,1,141.2,39.3
66.11,544,8.27,1,141.2,39.4
66.13,543,8.501,1,141.2,39.3
66.16,541,8.328,1,141.3,39.4
66.18,542,8.218,1,141.5,39.3
66.21,543,7.839,1,141.6,39.3
66.23,545,8.105,1,141.6,39.3
66.26,545,7.934,1,141.6,39.4
66.28,546,7.925,1,141.5,39.3
66.31,547,7.951,1,141.6,39.4
66.34,545,7.893,1,141.5,39.2
66.36,546,7.859,1,141.6,39.3
66.39,545,8.093,1,141.6,39.3
66.41,545,8.084,1,141.6,39.4
66.44,546,7.918,1,141.5,39.3
66.46,547,8.006,1,141.5,39.4
66.49,547,8.087,1,141.3,39.3
66.51,547,8.124,1,141.2,39.3
66.54,548,7.888,1,141.1,39.3
66.56,548,7.959,1,141.0,39.4
66.59,549,7.978,1,141.0,39.3
66.61,547,7.883,1,141.0,39.4
66.64,548,7.947,1,141.1,39.3
66.67,548,7.866,1,141.1,39.3
66.69,548,7.657,1,141.3,39.3
66.72,549,7.718,1,141.2,39.4
66.74,550,7.729,1,141.2,39.3
66.77,550,7.6,1,141.2,39.4
66.79,552,7.595,1,141.2,39.3
66.82,551,7.715,1,141.2,39.3
66.84,551,7.707,1,141.2,39.3
66.87,550,7.549,1,141.3,39.4
66.9,550,7.672,1,141.4,39.3
66.92,550,7.88,1,141.5,39.3
66.95,550,7.699,1,141.6,39.3
66.97,551,7.417,1,141.7,39.3
67.0,551,7.469,1,141.7,39.3
67.02,551,7.378,1,141.6,39.4
67.05,550,7.462,1,141.6,39.3
67.07,550,7.525,1,141.6,39.4
67.1,552,7.443,1,141.7,39.2
67.12,552,7.521,1,141.6,39.3
67.15,552,7.431,1,141.6,39.3
67.17,551,7.475,1,141.6,39.4
67.2,550,7.439,1,141.6,39.3
67.23,549,7.365,1,141.6,39.4
67.25,546,7.403,1,141.7,39.3
67.28,544,7.47,1,141.7,39.3
67.3,543,7.597,1,141.7,39.3
67.33,542,7.867,1,141.7,39.4
67.35,542,7.914,1,141.7,39.3
67.38,543,7.602,1,141.8,39.4
67.4,544,7.536,1,141.8,39.2
67.43,544,7.49,1,141.8,39.3
67.45,543,7.699,1,141.8,39.3
67.48,542,7.771,1,141.9,39.4
67.51,541,7.649,1,141.9,39.3
67.53,540,7.951,1,141.9,39.4
67.56,540,7.737,1,141.8,39.3
67.58,540,7.803,1,141.9,39.3
67.61,539,7.881,1,141.9,39.3
67.63,541,7.729,1,141.8,39.4
67.66,542,7.711,1,141.8,39.3
67.68,543,7.584,1,141.8,39.4
67.71,545,7.772,1,141.7,39.3
67.73,546,7.568,1,141.7,39.3
67.76,547,7.957,1,141.7,39.3
67.78,546,7.872,1,141.6,39.4
67.81,547,7.698,1,141.6,39.3
67.84,547,7.928,1,141.6,39.4
67.86,548,7.801,1,141.5,39.3
67.89,549,7.707,1,141.4,39.3
67.91,550,7.542,1,141.4,39.3
67.94,548,7.922,1,141.4,39.4
67.96,549,7.926,1,141.4,39.3
67.99,548,7.969,1,141.4,39.4
68.01,547,8.309,1,141.4,39.2
68.04,547,8.05,1,141.3,39.3
68.06,547,7.975,1,141.3,39.3
68.09,547,8.043,1,141.3,39.4
68.12,547,8.125,1,141.4,39.3
68.14,547,8.075,1,141.4,39.4
68.17,547,8.069,1,141.5,39.3
68.19,545,8.122,1,141.6,39.3
68.22,547,7.593,1,141.7,39.3
68.24,547,7.642,1,141.7,39.4
68.27,548,7.667,1,141.6,39.3
68.29,549,7.62,1,141.7,39.4
68.32,551,7.458,1,141.6,39.3
68.34,551,7.485,1,141.6,39.3
68.37,550,7.689,1,141.6,39.3
68.4,550,7.449,1,141.7,39.4
68.42,549,7.525,1,141.6,39.3
68.45,550,7.55,1,141.7,39.4
68.47,551,7.445,1,141.6,39.2
68.5,551,7.517,1,141.6,39.3
68.52,551,7.584,1,141.6,39.3
68.55,551,7.668,1,141.6,39.4
68.57,552,7.625,1,141.6,39.3
68.6,551,7.454,1,141.6,39.4
68.62,549,7.665,1,141.5,39.3
68.65,551,7.229,1,141.7,39.3
68.68,552,7.546,1,141.6,39.3
68.7,551,7.562,1,141.4,39.4
68.73,551,7.795,1,141.4,39.3
68.75,549,7.513,1,141.6,39.4
68.78,549,7.589,1,141.6,39.3
68.8,548,7.876,1,141.6,39.3
68.83,549,7.74,1,141.6,39.3
68.85,548,7.858,1,141.6,39.4
68.88,549,7.785,1,141.6,39.3
68.9,548,7.771,1,141.6,39.4
68.93,548,7.667,1,141.7,39.3
68.96,548,7.563,1,141.7,39.3
68.98,547,7.776,1,141.6,39.3
69.01,547,7.869,1,141.6,39.4
69.03,547,7.879,1,141.6,39.3
69.06,547,7.734,1,141.6,39.4
69.08,548,7.503,1,141.6,39.3
69.11,548,7.533,1,141.6,39.3
69.13,550,7.319,1,141.7,39.3
69.16,551,7.445,1,141.7,39.4
69.18,550,7.611,1,141.6,39.3
69.21,550,7.634,1,141.6,39.4
69.24,550,7.617,1,141.6,39.2
69.26,550,7.437,1,141.7,39.4
69.29,547,7.771,1,141.7,39.3
69.31,547,7.737,1,141.8,39.4
69.34,546,7.462,1,141.8,39.3
69.36,545,7.404,1,141.8,39.4
69.39,545,7.518,1,141.8,39.3
69.41,545,7.479,1,141.7,39.3
69.44,546,7.352,1,141.6,39.3
69.46,546,7.296,1,141.6,39.4
69.49,546,7.374,1,141.7,39.3
69.51,547,7.277,1,141.7,39.3
69.54,547,7.511,1,141.6,39.3
69.57,548,7.418,1,141.7,39.3
69.59,547,7.405,1,141.7,39.3
69.62,547,7.337,1,141.7,39.4
69.64,545,7.381,1,141.7,39.3
69.67,547,7.355,1,141.8,39.3
69.69,546,7.381,1,141.8,39.3
69.72,547,7.328,1,141.8,39.3
69.74,547,7.281,1,141.9,39.3
69.77,548,7.141,1,141.8,39.3
69.79,547,7.505,1,141.8,39.3
69.82,547,7.459,1,141.8,39.4
69.85,548,7.137,1,142.0,39.3
69.87,548,7.223,1,141.9,39.3
69.9,549,7.018,1,142.0,39.3
69.92,550,7.369,1,141.8,39.3
69.95,552,7.067,1,141.9,39.3
69.97,550,6.97,1,141.8,39.4
70.0,548,7.095,1,142.0,39.3
70.02,547,7.338,1,141.9,39.3
70.05,548,7.253,1,141.9,39.3
70.07,549,7.072,1,142.0,39.4
70.1,551,6.907,1,141.9,39.3
70.13,552,6.985,1,142.0,39.4
70.15,553,6.932,1,142.0,39.2
70.18,553,7.111,1,142.1,39.3
70.2,554,7.057,1,142.1,39.3
70.23,553,7.041,1,142.0,39.4
70.25,554,7.001,1,142.1,39.3
70.28,553,6.841,1,142.1,39.4
70.3,552,6.98,1,142.1,39.2
70.33,552,7.083,1,142.1,39.3
70.35,552,7.179,1,142.0,39.3
70.38,553,7.078,1,142.0,39.4
70.41,552,7.302,1,141.9,39.3
70.43,554,7.268,1,141.9,39.4
70.46,552,7.347,1,141.7,39.3
70.48,552,7.306,1,141.7,39.3
70.51,550,7.546,1,141.6,39.3
70.53,548,7.837,1,141.4,39.4
70.56,547,7.66,1,141.4,39.3
70.58,545,8.046,1,141.2,39.4
70.61,544,8.025,1,141.0,39.3
70.63,543,8.113,1,140.8,39.3
70.66,542,8.371,1,140.8,39.3
70.68,544,8.31,1,140.8,39.4
70.71,543,8.447,1,140.6,39.3
70.74,543,8.416,1,140.5,39.4
70.76,542,8.586,1,140.5,39.3
70.79,542,8.641,1,140.5,39.3
70.81,542,8.546,1,140.6,39.3
70.84,542,8.318,1,140.7,39.4
70.86,542,8.396,1,140.8,39.3
70.89,543,8.354,1,140.7,39.4
70.91,543,8.342,1,140.8,39.2
70.94,544,8.174,1,140.9,39.3
70.96,545,8.166,1,140.9,39.3
70.99,544,8.265,1,140.9,39.4
71.02,543,8.145,1,141.1,39.3
71.04,543,8.153,1,141.2,39.4
71.07,542,8.087,1,141.2,39.3
71.09,542,8.058,1,141.3,39.3
71.12,543,8.161,1,141.3,39.3
71.14,545,7.767,1,141.2,39.4
71.17,545,8.094,1,141.2,39.3
71.19,545,7.714,1,141.4,39.4
71.22,544,7.902,1,141.4,39.3
71.24,545,7.845,1,141.4,39.3
71.27,545,7.614,1,141.6,39.3
71.29,547,7.63,1,141.5,39.4
71.32,545,7.826,1,141.4,39.3
71.35,545,7.589,1,141.6,39.4
71.37,544,7.837,1,141.6,39.3
71.4,542,7.875,1,141.6,39.3
71.42,542,7.841,1,141.5,39.3
71.45,543,7.715,1,141.7,39.4
71.47,543,7.711,1,141.7,39.3
71.5,542,7.964,1,141.6,39.4
71.52,542,7.96,1,141.6,39.3
71.55,544,7.75,1,141.7,39.3
71.58,543,7.89,1,141.5,39.3
71.6,543,7.762,1,141.4,39.4
71.63,544,7.911,1,141.5,39.3
71.65,544,7.905,1,141.4,39.3
71.68,546,7.873,1,141.3,39.2
71.7,546,7.799,1,141.3,39.3
71.73,545,7.918,1,141.4,39.3
71.75,546,7.491,1,141.5,39.4
71.78,547,7.891,1,141.4,39.3
71.8,548,7.888,1,141.5,39.4
71.83,548,7.702,1,141.6,39.3
71.85,547,7.79,1,141.7,39.4
71.88,547,7.733,1,141.8,39.3
71.91,545,7.697,1,141.9,39.4
71.93,546,7.42,1,141.9,39.3
71.96,546,7.515,1,141.7,39.4
71.98,545,7.944,1,141.6,39.3
72.01,545,7.771,1,141.6,39.4
72.03,546,7.559,1,141.8,39.3
72.06,546,7.658,1,141.7,39.4
72.08,546,7.733,1,141.7,39.3
72.11,546,7.722,1,141.7,39.4
72.14,546,7.58,1,141.8,39.3
72.16,547,7.757,1,141.7,39.3
72.19,546,7.578,1,141.7,39.3
72.21,547,7.658,1,141.7,39.4
72.24,547,7.918,1,141.6,39.3
72.26,548,7.767,1,141.6,39.4
72.29,548,7.784,1,141.5,39.3
72.31,549,7.663,1,141.6,39.3
72.34,548,7.808,1,141.5,39.3
72.36,548,7.522,1,141.5,39.4
72.39,549,7.659,1,141.3,39.3
72.41,549,7.795,1,141.3,39.4
72.44,546,7.741,1,141.4,39.3
72.47,547,7.759,1,141.4,39.3
72.49,547,8.038,1,141.3,39.3
72.52,547,8.058,1,141.2,39.4
72.54,545,7.958,1,141.3,39.3
72.57,545,8.002,1,141.4,39.4
72.59,545,8.093,1,141.4,39.3
72.62,545,8.097,1,141.3,39.3
72.64,546,7.891,1,141.3,39.3
72.67,546,7.937,1,141.3,39.4
72.69,546,7.878,1,141.4,39.2
72.72,546,7.843,1,141.6,39.4
72.75,547,7.723,1,141.6,39.3
72.77,550,7.7,1,141.6,39.3
72.8,549,7.665,1,141.6,39.3
72.82,552,7.51,1,141.7,39.4
72.85,553,7.645,1,141.7,39.3
72.87,551,7.452,1,141.6,39.4
72.9,552,7.491,1,141.6,39.3
72.92,552,7.526,1,141.5,39.3
72.95,552,7.862,1,141.4,39.3
72.97,552,7.687,1,141.4,39.4
73.0,550,7.711,1,141.4,39.3
73.02,550,7.741,1,141.3,39.4
73.05,549,7.749,1,141.3,39.3
73.08,549,7.639,1,141.5,39.3
73.1,548,7.599,1,141.7,39.3
73.13,548,7.612,1,142.0,39.4
73.15,548,7.198,1,142.0,39.3
73.18,547,7.375,1,142.2,39.4
73.2,548,7.381,1,142.3,39.3
73.23,548,7.278,1,142.3,39.3
73.25,549,7.306,1,142.3,39.3
73.28,550,7.338,1,142.3,39.4
73.3,552,7.357,1,142.3,39.3
73.33,552,7.139,1,142.2,39.4
73.36,553,7.383,1,142.0,39.3
73.38,553,7.462,1,141.8,39.3
73.41,554,7.569,1,141.7,39.3
73.43,553,7.371,1,141.6,39.4
73.46,551,7.553,1,141.6,39.3
73.48,551,7.589,1,141.6,39.3
73.51,549,7.63,1,141.5,39.3
73.53,548,7.695,1,141.5,39.3
73.56,547,7.86,1,141.5,39.3
73.58,548,7.791,1,141.4,39.4
73.61,548,7.805,1,141.4,39.3
73.64,549,7.717,1,141.5,39.4
73.66,550,7.671,1,141.4,39.3
73.69,552,7.646,1,141.4,39.3
73.71,553,7.558,1,141.4,39.3
73.74,554,7.599,1,141.3,39.4
73.76,555,7.5,1,141.4,39.3
73.79,552,7.411,1,141.5,39.4
73.81,552,7.561,1,141.6,39.3
73.84,553,7.013,1,141.7,39.3
73.86,554,7.579,1,141.2,39.3
73.89,557,7.775,1,141.0,39.4
73.92,557,7.804,1,140.9,39.3
73.94,558,7.724,1,140.7,39.3
73.97,558,7.811,1,140.7,39.3
73.99,559,7.889,1,140.7,39.3
74.02,559,7.648,1,140.6,39.3
74.04,559,7.667,1,140.6,39.3
74.07,558,7.662,1,140.9,39.3
74.09,556,7.499,1,141.2,39.4
74.12,556,7.555,1,141.2,39.3
74.14,555,7.8,1,141.2,39.3
74.17,557,7.845,1,141.2,39.3
74.19,559,7.367,1,141.3,39.4
74.22,560,7.597,1,141.3,39.3
74.25,560,7.475,1,141.2,39.3
74.27,560,7.537,1,141.2,39.3
74.3,559,7.286,1,141.4,39.3
74.32,558,7.598,1,141.5,39.3
74.35,557,7.706,1,141.5,39.4
74.37,557,7.461,1,141.5,39.3
74.4,559,7.638,1,141.3,39.4
74.42,560,7.527,1,141.2,39.3
74.45,561,7.638,1,141.1,39.3
74.47,562,7.671,1,141.1,39.3
74.5,562,7.715,1,141.1,39.4
74.53,563,7.621,1,141.1,39.3
74.55,562,7.703,1,141.0,39.4
74.58,561,7.568,1,141.1,39.3
74.6,560,7.74,1,141.1,39.3
74.63,560,7.587,1,141.1,39.3
74.65,561,7.616,1,141.2,39.4
74.68,560,7.797,1,141.0,39.3
74.7,561,7.679,1,140.8,39.4
74.73,562,7.706,1,141.0,39.3
74.75,561,7.74,1,141.0,39.3
74.78,562,7.927,1,141.0,39.3
74.81,562,7.839,1,141.1,39.4
74.83,563,7.627,1,141.1,39.3
74.86,562,7.723,1,141.1,39.4
74.88,562,7.61,1,141.2,39.3
74.91,563,7.594,1,141.3,39.3
74.93,564,7.641,1,141.2,39.3
74.96,565,7.601,1,141.2,39.4
74.98,565,7.667,1,141.3,39.3
75.01,565,7.565,1,141.3,39.4
75.03,564,7.598,1,141.2,39.3
75.06,562,7.451,1,141.3,39.3
75.09,562,7.67,1,141.3,39.3
75.11,561,7.525,1,141.3,39.4
75.14,561,7.397,1,141.4,39.3
75.16,562,7.51,1,141.6,39.4
75.19,562,7.514,1,141.5,39.3
75.21,562,7.634,1,141.2,39.3
75.24,562,7.673,1,141.2,39.3
75.26,563,7.709,1,141.0,39.4
75.29,563,7.777,1,140.9,39.3
75.31,564,7.611,1,140.9,39.4
75.34,564,7.701,1,141.0,39.3
75.36,564,7.716,1,140.9,39.3
75.39,563,7.621,1,141.1,39.3
75.42,562,7.734,1,141.0,39.4
75.44,563,7.675,1,141.0,39.3
75.47,564,7.573,1,141.1,39.3
75.49,565,7.733,1,141.0,39.3
75.52,565,7.782,1,141.1,39.3
75.54,565,7.847,1,141.1,39.3
75.57,565,7.776,1,141.2,39.4
75.59,565,7.832,1,141.2,39.3
75.62,565,7.575,1,141.2,39.4
75.65,565,7.654,1,141.2,39.3
75.67,564,7.717,1,141.1,39.3
75.7,564,7.658,1,141.1,39.3
75.72,562,7.73,1,141.0,39.4
75.75,561,7.912,1,140.9,39.3
75.77,561,7.874,1,140.9,39.4
75.8,561,7.643,1,141.0,39.3
75.82,560,7.876,1,141.0,39.3
75.85,560,7.959,1,141.1,39.3
75.87,562,7.707,1,141.0,39.4
75.9,562,7.702,1,141.0,39.3
75.92,562,7.675,1,141.1,39.3
75.95,560,7.786,1,141.1,39.2
75.98,559,7.664,1,141.2,39.3
76.0,560,7.691,1,141.1,39.3
76.03,562,7.647,1,141.1,39.4
76.05,562,7.789,1,141.0,39.3
76.08,562,7.801,1,140.9,39.4
76.1,562,7.853,1,141.0,39.3
76.13,561,7.654,1,141.0,39.3
76.15,561,7.716,1,141.2,39.3
76.18,560,7.767,1,141.3,39.4
76.2,560,7.645,1,141.3,39.3
76.23,559,7.538,1,141.4,39.4
76.26,560,7.631,1,141.5,39.3
76.28,560,7.667,1,141.5,39.3
76.31,562,7.413,1,141.5,39.3
76.33,561,7.439,1,141.6,39.4
76.36,561,7.41,1,141.7,39.3
76.38,561,7.409,1,141.7,39.4
76.41,562,7.653,1,141.6,39.3
76.43,563,7.597,1,141.4,39.3
76.46,563,7.833,1,141.2,39.3
76.48,563,7.715,1,141.2,39.4
76.51,562,7.81,1,141.2,39.3
76.53,562,7.765,1,141.2,39.4
76.56,562,7.832,1,141.2,39.3
76.59,562,7.695,1,141.3,39.3
76.61,563,7.594,1,141.4,39.3
76.64,563,7.51,1,141.5,39.4
76.66,563,7.518,1,141.6,39.3
76.69,563,7.732,1,141.5,39.4
76.71,564,7.613,1,141.5,39.3
76.74,566,7.325,1,141.7,39.3
76.76,569,7.553,1,141.5,39.3
76.79,570,7.643,1,141.4,39.4
76.81,570,7.657,1,141.3,39.3
76.84,566,7.626,1,141.1,39.4
76.87,566,7.611,1,141.0,39.3
76.89,565,8.042,1,140.9,39.3
76.92,564,7.73,1,140.8,39.3
76.94,564,7.746,1,140.9,39.4
76.97,565,7.715,1,140.9,39.3
76.99,566,7.628,1,140.8,39.4
77.02,566,7.682,1,140.9,39.3
77.04,566,7.717,1,141.2,39.3
77.07,567,7.75,1,141.3,39.3
77.09,567,7.636,1,141.4,39.4
77.12,567,7.611,1,141.5,39.3
77.15,567,7.669,1,141.7,39.4
77.17,570,7.316,1,141.9,39.3
77.2,573,7.323,1,142.0,39.3
77.22,573,7.582,1,142.0,39.3
77.25,573,7.553,1,142.0,39.4
77.27,572,7.72,1,141.8,39.3
77.3,571,7.489,1,141.6,39.3
77.32,569,7.527,1,141.4,39.2
77.35,568,7.707,1,141.2,39.3
77.37,567,7.773,1,141.1,39.3
77.4,568,7.755,1,141.1,39.4
77.43,567,7.826,1,140.9,39.3
77.45,568,7.918,1,140.8,39.4
77.48,567,7.883,1,140.6,39.2
77.5,567,7.803,1,140.7,39.4
77.53,566,7.856,1,140.7,39.3
77.55,565,7.847,1,140.7,39.4
77.58,565,7.882,1,140.8,39.3
77.6,565,7.809,1,140.9,39.4
77.63,565,7.779,1,140.9,39.3
77.65,566,7.61,1,140.9,39.4
77.68,566,7.691,1,141.0,39.3
77.7,567,7.477,1,141.1,39.4
77.73,567,7.683,1,141.0,39.3
77.76,566,7.835,1,140.8,39.4
77.78,567,7.826,1,140.8,39.3
77.81,566,7.823,1,140.8,39.3
77.83,567,7.875,1,140.8,39.3
77.86,567,7.753,1,140.8,39.4
77.88,565,7.783,1,140.8,39.3
77.91,564,7.823,1,140.9,39.4
77.93,564,7.805,1,140.9,39.3
77.96,565,7.79,1,140.8,39.3
77.98,566,7.638,1,140.8,39.3
78.01,567,7.888,1,140.8,39.4
78.04,569,7.628,1,140.8,39.3
78.06,570,8.03,1,140.9,39.3
78.09,572,7.557,1,141.1,39.3
78.11,573,7.449,1,141.2,39.3
78.14,573,7.662,1,141.2,39.3
78.16,571,7.71,1,141.2,39.3
78.19,572,7.827,1,141.2,39.3
78.21,571,7.643,1,140.9,39.4
78.24,572,8.003,1,141.0,39.3
78.26,573,7.843,1,141.0,39.3
78.29,573,7.952,1,140.7,39.3
78.32,573,7.85,1,140.7,39.4
78.34,574,7.829,1,140.8,39.3
78.37,574,7.766,1,140.8,39.4
78.39,572,7.967,1,140.6,39.3
78.42,571,7.792,1,140.8,39.3
78.44,569,7.775,1,140.7,39.3
78.47,569,7.866,1,140.6,39.3
78.49,571,7.855,1,140.7,39.3
78.52,572,7.932,1,140.6,39.4
78.54,572,7.8,1,140.5,39.3
78.57,574,7.731,1,140.6,39.3
78.6,574,7.915,1,140.4,39.3
78.62,574,7.902,1,140.3,39.4
78.65,573,7.829,1,140.4,39.3
78.67,571,7.924,1,140.3,39.4
78.7,570,7.877,1,140.3,39.3
78.72,572,7.897,1,140.5,39.3
78.75,573,7.823,1,140.5,39.3
78.77,574,7.923,1,140.4,39.4
78.8,573,8.021,1,140.3,39.3
78.82,575,7.755,1,140.4,39.4
78.85,575,7.905,1,140.3,39.3
78.88,575,7.829,1,140.4,39.3
78.9,575,7.908,1,140.4,39.3
78.93,575,7.863,1,140.5,39.3
78.95,575,7.689,1,140.6,39.3
78.98,574,7.938,1,140.6,39.4
79.0,575,7.984,1,140.6,39.3
79.03,575,8.038,1,140.5,39.3
79.05,575,8.035,1,140.4,39.3
79.08,575,7.864,1,140.5,39.4
79.1,575,7.979,1,140.6,39.3
79.13,575,8.034,1,140.6,39.4
79.16,574,7.832,1,140.6,39.3
79.18,574,7.823,1,140.7,39.3
79.21,572,8.151,1,140.5,39.3
79.23,573,7.999,1,140.6,39.4
79.26,573,7.949,1,140.5,39.3
79.28,575,7.845,1,140.4,39.4
79.31,576,7.99,1,140.1,39.3
79.33,576,8.01,1,140.0,39.3
79.36,575,8.226,1,139.8,39.3
79.38,574,8.091,1,139.9,39.4
79.41,573,8.139,1,139.9,39.3
79.43,572,8.152,1,139.9,39.4
79.46,573,7.999,1,140.2,39.3
79.49,572,7.867,1,140.2,39.3
79.51,572,8.037,1,140.2,39.3
79.54,571,8.15,1,139.9,39.4
79.56,571,8.098,1,139.8,39.3
79.59,570,8.169,1,139.7,39.4
79.61,572,8.091,1,139.9,39.3
79.64,573,8.127,1,139.9,39.3
79.66,573,8.061,1,140.0,39.3
79.69,574,8.062,1,140.1,39.4
79.71,573,8.178,1,140.0,39.3
79.74,573,8.083,1,139.9,39.4
79.77,574,8.21,1,139.9,39.3
79.79,574,8.221,1,139.9,39.3
79.82,574,8.199,1,139.9,39.3
79.84,573,8.165,1,139.8,39.4
79.87,574,8.063,1,139.8,39.3
79.89,572,7.968,1,140.0,39.4
79.92,571,8.051,1,140.0,39.3
79.94,571,8.102,1,140.1,39.3
79.97,571,8.056,1,140.4,39.3
79.99,572,8.177,1,140.4,39.4
80.02,572,8.01,1,140.3,39.3
80.04,572,8.0,1,140.3,39.4
80.07,571,8.017,1,140.2,39.2
80.1,572,8.157,1,140.2,39.3
80.12,572,8.197,1,140.2,39.3
80.15,572,8.17,1,140.3,39.4
80.17,571,7.995,1,140.3,39.3
80.2,571,7.769,1,140.4,39.4
80.22,567,7.841,1,140.4,39.3
80.25,567,7.943,1,140.6,39.3
80.27,567,7.825,1,140.6,39.3
80.3,568,7.876,1,140.6,39.4
80.33,569,7.82,1,140.7,39.3
80.35,570,7.784,1,140.7,39.4
80.38,571,7.722,1,140.6,39.2
80.4,572,7.974,1,140.7,39.4
80.43,572,8.166,1,140.7,39.3
80.45,573,7.851,1,140.6,39.4
80.48,572,7.824,1,140.6,39.3
80.5,572,8.065,1,140.4,39.4
80.53,570,7.922,1,140.2,39.3
80.55,570,8.081,1,140.2,39.4
80.58,569,7.859,1,140.2,39.3
80.6,568,7.895,1,140.2,39.4
80.63,567,7.83,1,140.3,39.3
80.66,566,7.779,1,140.4,39.4
80.68,565,7.891,1,140.5,39.3
80.71,565,8.002,1,140.4,39.3
80.73,565,8.077,1,140.4,39.3
80.76,565,8.163,1,140.3,39.4
80.78,565,7.909,1,140.2,39.3
80.81,567,7.995,1,140.2,39.4
80.83,567,8.073,1,140.1,39.3
80.86,568,8.105,1,139.9,39.3
80.88,569,7.965,1,139.9,39.3
80.91,570,8.229,1,140.0,39.4
80.94,568,8.004,1,140.0,39.3
80.96,567,8.153,1,140.1,39.4
80.99,566,7.967,1,140.2,39.3
81.01,566,7.948,1,140.3,39.3
81.04,566,8.036,1,140.1,39.3
81.06,566,8.019,1,139.9,39.4
81.09,566,8.198,1,139.7,39.3
81.11,567,8.197,1,139.7,39.3
81.14,568,8.145,1,139.5,39.3
81.16,568,8.166,1,139.5,39.3
81.19,568,8.167,1,139.6,39.3
81.21,568,8.25,1,139.6,39.4
81.24,568,8.244,1,139.6,39.3
81.27,569,8.063,1,139.8,39.3
81.29,569,8.177,1,139.9,39.3
81.32,569,7.914,1,140.1,39.3
81.34,568,7.977,1,140.4,39.3
81.37,570,7.974,1,140.6,39.4
81.39,572,7.931,1,140.5,39.3
81.42,571,7.985,1,140.5,39.4
81.44,571,8.06,1,140.3,39.3
81.47,572,8.019,1,140.4,39.2
81.5,571,7.897,1,140.4,39.3
81.52,571,7.881,1,140.4,39.4
81.55,570,7.976,1,140.3,39.3
81.57,568,7.875,1,140.1,39.4
81.6,569,7.911,1,140.1,39.3
81.62,568,8.146,1,139.7,39.3
81.65,570,8.277,1,139.5,39.3
81.67,571,8.304,1,139.3,39.4
81.7,572,8.506,1,139.4,39.3
81.72,572,8.571,1,139.4,39.4
81.75,573,8.463,1,139.5,39.3
81.77,573,8.438,1,139.5,39.3
81.8,573,8.291,1,139.5,39.3
81.83,573,8.252,1,139.6,39.4
81.85,572,8.174,1,139.6,39.3
81.88,573,8.198,1,139.7,39.4
81.9,573,8.143,1,139.7,39.3
81.93,574,8.135,1,139.7,39.3
81.95,574,8.174,1,139.7,39.3
81.98,574,8.21,1,139.6,39.4
82.0,574,8.195,1,139.5,39.3
82.03,573,8.122,1,139.6,39.4
82.05,573,8.165,1,139.6,39.3
82.08,572,8.178,1,139.6,39.3
82.11,572,8.044,1,139.7,39.3
82.13,572,8.182,1,139.7,39.4
82.16,572,8.314,1,139.7,39.3
82.18,572,8.19,1,139.7,39.4
82.21,571,8.057,1,139.8,39.3
82.23,572,8.064,1,139.9,39.3
82.26,571,7.887,1,140.1,39.3
82.28,571,7.879,1,140.3,39.4
82.31,572,7.633,1,140.5,39.3
82.33,573,7.879,1,140.4,39.3
82.36,573,7.731,1,140.5,39.3
82.39,571,7.845,1,140.3,39.3
82.41,572,8.007,1,140.3,39.3
82.44,572,7.714,1,140.2,39.4
82.46,574,7.839,1,140.1,39.3
82.49,573,7.972,1,139.8,39.3
82.51,573,8.26,1,139.7,39.3
82.54,574,8.115,1,139.6,39.3
82.56,574,8.141,1,139.7,39.3
82.59,574,8.002,1,139.6,39.3
82.61,572,8.13,1,139.7,39.3
82.64,570,8.137,1,139.9,39.3
82.67,570,8.223,1,139.9,39.2
82.69,569,8.045,1,139.9,39.3
82.72,570,8.001,1,139.9,39.3
82.74,571,7.971,1,140.1,39.4
82.77,572,7.945,1,140.1,39.3
82.79,572,8.172,1,140.1,39.4
82.82,574,7.907,1,140.1,39.2
82.84,575,7.97,1,140.1,39.3
82.87,574,7.712,1,140.0,39.3
82.89,572,8.146,1,139.7,39.4
82.92,571,8.103,1,139.7,39.2
82.94,571,8.137,1,139.8,39.4
82.97,572,8.123,1,139.9,39.3
83.0,571,7.909,1,139.9,39.4
83.02,570,8.143,1,139.8,39.4
83.05,572,7.962,1,140.0,39.4
83.07,573,8.166,1,140.0,39.3
83.1,573,8.019,1,140.0,39.4
83.12,573,8.073,1,140.0,39.3
83.15,573,7.99,1,140.0,39.3
83.17,573,7.995,1,140.0,39.2
83.2,571,8.135,1,139.8,39.4
83.22,570,8.21,1,139.6,39.4
83.25,570,8.283,1,139.5,39.4
83.28,571,8.398,1,139.6,39.3
83.3,570,8.417,1,139.5,39.4
83.33,570,8.199,1,139.6,39.3
83.35,570,8.329,1,139.5,39.4
83.38,572,8.347,1,139.6,39.3
83.4,571,8.323,1,139.5,39.4
83.43,570,8.476,1,139.4,39.3
83.45,570,8.414,1,139.5,39.4
83.48,572,8.367,1,139.4,39.3
83.5,572,8.427,1,139.5,39.4
83.53,572,8.46,1,139.5,39.3
83.55,573,8.407,1,139.5,39.4
83.58,573,8.36,1,139.5,39.3
83.61,574,8.315,1,139.6,39.3
83.63,574,8.22,1,139.8,39.3
83.66,573,8.076,1,139.8,39.4
83.68,572,8.203,1,139.9,39.3
83.71,570,8.079,1,139.9,39.4
83.73,568,8.198,1,139.8,39.3
83.76,568,8.174,1,139.8,39.3
83.78,570,8.189,1,139.8,39.3
83.81,572,8.398,1,139.7,39.4
83.84,572,8.346,1,139.5,39.3
83.86,572,8.283,1,139.5,39.4
83.89,572,8.661,1,139.4,39.3
83.91,573,8.286,1,139.4,39.3
83.94,572,8.306,1,139.4,39.3
83.96,572,8.246,1,139.5,39.4
83.99,570,8.471,1,139.4,39.3
84.01,570,8.406,1,139.4,39.4
84.04,570,8.39,1,139.5,39.3
84.06,572,8.455,1,139.5,39.3
84.09,572,8.521,1,139.4,39.3
84.11,573,8.419,1,139.4,39.4
84.14,573,8.675,1,139.4,39.2
84.17,573,8.542,1,139.3,39.4
84.19,573,8.563,1,139.2,39.3
84.22,571,8.597,1,139.3,39.3
84.24,570,8.422,1,139.3,39.3
84.27,569,8.401,1,139.3,39.4
84.29,568,8.451,1,139.3,39.3
84.32,568,8.452,1,139.4,39.4
84.34,570,8.405,1,139.5,39.3
84.37,571,8.274,1,139.6,39.4
84.39,573,8.407,1,139.5,39.3
84.42,573,8.353,1,139.5,39.4
84.45,573,8.463,1,139.3,39.3
84.47,572,8.505,1,139.3,39.3
84.5,572,8.521,1,139.4,39.2
84.52,572,8.459,1,139.5,39.4
84.55,571,8.18,1,139.6,39.3
84.57,571,8.171,1,139.6,39.4
84.6,570,8.235,1,139.7,39.3
84.62,572,8.106,1,139.9,39.4
84.65,572,8.163,1,140.0,39.2
84.67,573,8.034,1,140.0,39.4
84.7,573,8.075,1,140.0,39.3
84.73,572,8.051,1,140.0,39.4
84.75,572,8.118,1,139.9,39.3
84.78,570,7.988,1,139.8,39.4
84.8,571,8.003,1,139.9,39.3
84.83,570,8.026,1,139.9,39.3
84.85,572,8.302,1,139.8,39.3
84.88,571,8.115,1,139.8,39.4
84.9,571,8.09,1,139.9,39.3
84.93,571,8.052,1,140.0,39.4
84.95,572,8.058,1,140.1,39.3
84.98,570,8.011,1,140.0,39.4
85.01,570,8.02,1,140.2,39.3
85.03,570,8.017,1,140.3,39.4
85.06,571,7.822,1,140.4,39.3
85.08,571,7.877,1,140.4,39.4
85.11,571,8.008,1,140.3,39.3
85.13,572,8.02,1,140.0,39.4
85.16,572,8.157,1,140.1,39.3
85.18,571,8.053,1,140.0,39.3
85.21,571,8.074,1,139.9,39.3
85.23,571,7.981,1,140.0,39.3
85.26,572,7.982,1,140.1,39.3
85.28,572,8.099,1,139.8,39.4
85.31,571,8.227,1,139.6,39.3
85.34,572,8.048,1,139.7,39.4
85.36,572,8.177,1,139.9,39.3
85.39,572,8.183,1,139.8,39.4
85.41,573,8.205,1,139.8,39.3
85.44,574,7.957,1,140.0,39.3
85.46,574,7.979,1,140.1,39.3
85.49,574,7.862,1,140.1,39.3
85.51,573,8.096,1,140.1,39.3
85.54,573,8.119,1,140.3,39.4
85.57,573,7.939,1,140.4,39.3
85.59,573,7.915,1,140.4,39.3
85.62,573,8.006,1,140.4,39.3
85.64,573,7.804,1,140.4,39.4
85.67,574,7.779,1,140.3,39.3
85.69,575,7.808,1,140.3,39.4
85.72,575,7.854,1,140.2,39.3
85.74,575,7.675,1,140.3,39.3
85.77,575,7.884,1,140.2,39.3
85.79,575,7.98,1,140.2,39.4
85.82,575,7.788,1,140.1,39.3
85.84,574,7.851,1,140.2,39.4
85.87,574,7.856,1,140.2,39.3
85.9,573,7.843,1,140.1,39.3
85.92,575,8.018,1,140.1,39.3
85.95,575,8.052,1,140.0,39.4
85.97,575,8.03,1,140.0,39.3
86.0,575,8.01,1,139.9,39.4
86.02,575,7.997,1,140.0,39.3
86.05,575,8.235,1,139.8,39.3
86.07,575,8.154,1,139.8,39.3
86.1,576,8.065,1,139.8,39.4
86.12,576,8.142,1,139.9,39.3
86.15,576,8.011,1,139.8,39.3
86.18,575,8.126,1,139.8,39.2
86.2,575,8.167,1,139.9,39.3
86.23,575,8.057,1,139.9,39.3
86.25,575,8.003,1,140.0,39.4
86.28,576,7.957,1,139.9,39.3
86.3,576,8.005,1,139.8,39.4
86.33,576,7.986,1,139.8,39.3
86.35,576,8.05,1,139.8,39.4
86.38,575,8.009,1,139.7,39.3
86.4,575,8.005,1,139.8,39.4
86.43,574,8.15,1,139.7,39.3
86.45,575,8.301,1,139.8,39.4
86.48,574,8.148,1,139.7,39.2
86.51,574,8.071,1,139.7,39.3
86.53,574,7.979,1,140.0,39.3
86.56,574,8.173,1,139.9,39.4
86.58,574,8.203,1,139.7,39.3
86.61,574,8.213,1,139.6,39.4
86.63,573,8.375,1,139.6,39.3
86.66,573,8.36,1,139.6,39.3
86.68,572,8.327,1,139.5,39.3
86.71,573,8.197,1,139.5,39.3
86.73,575,8.307,1,139.5,39.3
86.76,575,8.317,1,139.6,39.3
86.79,577,8.173,1,139.6,39.3
86.81,578,8.197,1,139.7,39.3
86.84,578,8.193,1,139.7,39.3
86.86,578,8.137,1,139.7,39.4
86.89,578,8.086,1,139.8,39.3
86.91,577,8.174,1,139.8,39.4
86.94,577,8.201,1,139.8,39.3
86.96,577,8.115,1,139.8,39.3
86.99,577,8.188,1,139.8,39.3
87.01,577,8.345,1,139.6,39.4
87.04,576,8.148,1,139.6,39.3
87.07,575,8.098,1,139.9,39.4
87.09,575,8.009,1,140.0,39.3
87.12,575,7.985,1,140.0,39.3
87.14,575,8.068,1,140.0,39.2
87.17,575,8.146,1,140.0,39.4
87.19,575,8.054,1,139.9,39.3
87.22,574,8.07,1,139.9,39.4
87.24,574,7.997,1,140.0,39.3
87.27,574,8.048,1,140.0,39.3
87.29,575,7.899,1,140.1,39.3
87.32,576,8.046,1,140.0,39.4
87.35,576,8.159,1,139.8,39.3
87.37,576,8.294,1,139.7,39.4
87.4,577,8.16,1,139.6,39.3
87.42,576,8.233,1,139.5,39.3
87.45,576,8.202,1,139.6,39.3
87.47,574,8.356,1,139.6,39.3
87.5,574,8.395,1,139.6,39.3
87.52,573,8.069,1,139.6,39.4
87.55,572,8.47,1,139.5,39.3
87.57,571,8.362,1,139.6,39.3
87.6,571,8.415,1,139.5,39.3
87.62,571,8.366,1,139.4,39.4
87.65,570,8.495,1,139.2,39.3
87.68,570,8.677,1,139.2,39.4
87.7,572,8.488,1,139.2,39.3
87.73,573,8.465,1,139.2,39.3
87.75,573,8.568,1,139.2,39.3
87.78,573,8.716,1,139.2,39.4
87.8,573,8.618,1,139.2,39.3
87.83,573,8.565,1,139.2,39.4
87.85,574,8.537,1,139.2,39.3
87.88,573,8.634,1,139.1,39.3
87.9,574,8.465,1,139.2,39.3
87.93,574,8.434,1,139.2,39.3
87.96,574,8.47,1,139.3,39.3
87.98,577,8.097,1,139.4,39.4
88.01,577,8.331,1,139.3,39.3
88.03,575,7.669,1,139.2,39.3
88.06,572,8.313,1,139.1,39.3
88.08,568,8.442,1,139.1,39.4
88.11,570,8.338,1,139.3,39.3
88.13,573,7.495,1,139.6,39.4
88.16,577,7.886,1,139.6,39.3
88.18,580,8.207,1,139.5,39.3
88.21,581,7.982,1,139.5,39.3
88.24,581,7.887,1,139.5,39.4
88.26,581,8.034,1,139.7,39.3
88.29,578,7.854,1,139.9,39.3
88.31,576,7.975,1,140.0,39.3
88.34,575,8.099,1,140.1,39.3
88.36,576,8.047,1,140.2,39.3
88.39,577,8.204,1,140.1,39.4
88.41,578,7.722,1,140.0,39.3
88.44,580,8.022,1,139.9,39.4
88.46,582,7.869,1,139.8,39.3
88.49,583,8.147,1,139.8,39.3
88.52,582,7.934,1,139.7,39.3
88.54,580,8.065,1,139.6,39.4
88.57,578,7.54,1,139.8,39.3
88.59,575,7.911,1,139.9,39.4
88.62,573,7.934,1,140.2,39.2
88.64,573,7.994,1,140.4,39.3
88.67,574,7.769,1,140.4,39.3
88.69,577,7.751,1,140.5,39.4
88.72,577,8.006,1,140.3,39.3
88.74,576,7.902,1,140.2,39.4
88.77,574,7.314,1,140.3,39.2
88.79,570,8.125,1,140.2,39.3
88.82,567,7.83,1,140.5,39.3
88.85,566,7.958,1,140.6,39.4
88.87,565,8.145,1,140.7,39.3
88.9,567,7.933,1,140.7,39.4
88.92,567,8.128,1,140.5,39.2
88.95,568,7.941,1,140.4,39.4
88.97,571,8.058,1,140.3,39.3
89.0,572,8.279,1,140.1,39.4
89.02,573,8.089,1,140.2,39.3
89.05,573,8.105,1,140.3,39.4
89.08,572,8.197,1,140.3,39.3
89.1,570,8.181,1,140.1,39.4
89.13,569,8.261,1,140.1,39.3
89.15,570,8.224,1,140.3,39.4
89.18,573,7.775,1,140.6,39.3
89.2,573,7.966,1,140.6,39.4
89.23,572,8.229,1,140.7,39.3
89.25,570,7.797,1,140.9,39.3
89.28,569,7.852,1,141.0,39.3
89.3,569,7.942,1,141.2,39.4
89.33,569,7.835,1,141.2,39.3
89.35,571,7.937,1,141.4,39.4
89.38,574,7.568,1,141.6,39.3
89.41,575,8.038,1,141.3,39.3
89.43,577,7.877,1,141.1,39.3
89.46,580,7.444,1,141.0,39.4
89.48,582,7.993,1,140.7,39.3
89.51,580,8.221,1,140.2,39.3
89.53,578,7.777,1,140.3,39.2
89.56,577,8.394,1,140.2,39.3
89.58,577,8.381,1,140.2,39.3
89.61,579,7.846,1,140.4,39.4
89.63,583,7.226,1,140.8,39.3
89.66,585,7.822,1,140.8,39.4
89.69,586,7.679,1,140.8,39.3
89.71,582,7.349,1,141.1,39.3
89.74,578,6.956,1,141.4,39.3
89.76,570,6.221,1,141.6,39.4
89.79,567,8.003,1,141.4,39.3
89.81,568,7.762,1,141.7,39.4
89.84,572,7.526,1,142.1,39.3
89.86,575,7.026,1,142.2,39.3
89.89,578,7.075,1,142.2,39.3
89.91,581,7.218,1,141.9,39.4
89.94,585,7.368,1,141.5,39.3
89.96,588,7.27,1,140.9,39.4
89.99,590,8.013,1,140.2,39.2
90.02,590,8.347,1,139.9,39.4
90.04,589,8.373,1,139.8,39.3
90.07,587,7.096,1,140.0,39.4
90.09,584,8.322,1,139.6,39.3
90.12,582,8.606,1,139.5,39.4
90.14,583,8.14,1,139.6,39.3
90.17,580,8.592,1,139.6,39.4
90.19,579,8.523,1,139.7,39.3
90.22,582,7.858,1,140.0,39.4
90.24,585,7.298,1,140.1,39.3
90.27,588,8.462,1,139.9,39.3
90.3,589,8.223,1,139.9,39.3
90.32,591,8.483,1,139.8,39.3
90.35,593,8.123,1,140.0,39.3
90.37,593,8.425,1,139.9,39.4
90.4,592,8.402,1,139.8,39.3
90.42,591,8.389,1,139.8,39.4
90.45,591,8.282,1,139.9,39.3
90.47,589,8.405,1,139.8,39.3
90.5,589,8.387,1,139.8,39.3
90.52,592,8.13,1,140.1,39.4
90.55,595,8.501,1,140.1,39.3
90.58,596,8.622,1,140.1,39.4
90.6,595,8.645,1,140.1,39.3
90.63,594,8.711,1,140.0,39.3
90.65,594,8.529,1,140.0,39.3
90.68,594,8.507,1,140.0,39.4
90.7,594,8.692,1,140.0,39.3
90.73,594,8.506,1,140.1,39.4
90.75,595,8.58,1,140.1,39.3
90.78,595,8.518,1,140.1,39.3
90.8,594,8.717,1,140.0,39.3
90.83,593,8.697,1,140.0,39.4
90.86,594,8.594,1,140.1,39.3
90.88,594,8.618,1,140.1,39.3
90.91,595,8.566,1,140.0,39.3
90.93,595,8.627,1,140.1,39.3
90.96,595,8.601,1,140.0,39.3
90.98,597,8.454,1,140.0,39.3
91.01,597,8.335,1,140.1,39.3
91.03,597,8.266,1,140.1,39.3
91.06,597,8.357,1,140.0,39.3
91.08,596,8.258,1,140.0,39.3
91.11,596,8.234,1,140.1,39.3
91.13,597,8.203,1,140.2,39.4
91.16,598,8.287,1,140.2,39.3
91.19,599,8.174,1,140.2,39.4
91.21,598,8.4,1,140.2,39.3
91.24,597,8.397,1,140.2,39.3
91.26,595,8.408,1,140.1,39.3
91.29,593,8.371,1,140.0,39.4
91.31,594,8.582,1,140.1,39.3
91.34,595,8.419,1,140.2,39.4
91.36,595,8.539,1,140.2,39.3
91.39,595,8.568,1,140.3,39.3
91.41,595,8.571,1,140.3,39.3
91.44,596,8.402,1,140.4,39.4
91.47,596,8.273,1,140.4,39.3
91.49,597,8.375,1,140.4,39.4
91.52,597,8.24,1,140.4,39.2
91.54,598,7.883,1,140.4,39.3
91.57,597,8.241,1,140.4,39.3
91.59,597,8.121,1,140.4,39.4
91.62,598,7.962,1,140.6,39.3
91.64,599,8.139,1,140.6,39.4
91.67,600,8.243,1,140.7,39.3
91.69,598,8.289,1,140.5,39.3
91.72,597,8.157,1,140.6,39.3
91.75,596,8.435,1,140.5,39.4
91.77,597,8.43,1,140.5,39.3
91.8,597,8.209,1,140.6,39.4
91.82,598,8.273,1,140.6,39.3
91.85,598,8.195,1,140.5,39.3
91.87,597,8.003,1,140.4,39.3
91.9,597,8.079,1,140.4,39.4
91.92,599,7.639,1,140.6,39.3
91.95,603,7.343,1,140.9,39.4
91.97,603,7.882,1,140.8,39.3
92.0,604,8.091,1,140.9,39.3
92.03,604,8.099,1,140.8,39.3
92.05,604,8.095,1,140.7,39.4
92.08,605,8.157,1,140.7,39.3
92.1,603,8.077,1,140.5,39.4
92.13,603,7.946,1,140.4,39.3
92.15,603,8.007,1,140.4,39.3
92.18,605,7.434,1,140.6,39.3
92.2,608,7.295,1,140.8,39.4
92.23,610,7.25,1,140.8,39.3
92.25,609,7.458,1,140.8,39.4
92.28,607,7.846,1,140.5,39.3
92.31,607,7.694,1,140.5,39.3
92.33,607,7.444,1,140.6,39.3
92.36,608,7.446,1,140.6,39.4
92.38,609,7.21,1,140.7,39.3
92.41,609,7.282,1,140.9,39.4
92.43,607,7.357,1,140.9,39.3
92.46,607,7.339,1,141.1,39.3
92.48,606,7.315,1,141.1,39.3
92.51,605,7.101,1,141.2,39.4
92.53,605,7.027,1,141.2,39.3
92.56,603,7.138,1,141.0,39.4
92.59,603,7.258,1,141.0,39.3
92.61,604,7.315,1,140.9,39.3
92.64,605,7.31,1,140.8,39.3
92.66,605,7.542,1,140.8,39.4
92.69,604,7.511,1,140.7,39.3
92.71,603,7.614,1,140.6,39.4
92.74,603,7.474,1,140.6,39.3
92.76,604,7.609,1,140.7,39.3
92.79,605,7.726,1,140.6,39.3
92.81,604,7.722,1,140.7,39.4
92.84,604,7.773,1,140.6,39.3
92.86,602,7.915,1,140.5,39.4
92.89,601,7.713,1,140.5,39.3
92.92,600,7.742,1,140.5,39.3
92.94,602,7.726,1,140.5,39.3
92.97,601,7.747,1,140.5,39.4
92.99,600,7.879,1,140.5,39.3
93.02,600,7.993,1,140.4,39.4
93.04,602,7.393,1,140.7,39.2
93.07,603,7.479,1,140.7,39.3
93.09,604,7.567,1,140.7,39.3
93.12,604,7.662,1,140.7,39.4
93.14,605,7.599,1,140.8,39.3
93.17,605,7.632,1,140.8,39.4
93.2,603,7.704,1,140.7,39.2
93.22,602,7.575,1,140.6,39.3
93.25,603,7.5,1,140.7,39.3
93.27,604,7.254,1,140.9,39.4
93.3,604,7.373,1,140.8,39.3
93.32,604,7.446,1,140.8,39.4
93.35,604,7.343,1,140.9,39.3
93.37,604,7.313,1,140.9,39.3
93.4,606,7.133,1,141.0,39.3
93.42,606,7.241,1,141.0,39.4
93.45,605,7.227,1,141.0,39.3
93.47,604,7.35,1,140.9,39.4
93.5,604,7.197,1,140.9,39.3
93.53,603,7.504,1,140.9,39.3
93.55,604,7.427,1,140.8,39.3
93.58,604,7.555,1,140.8,39.4
93.6,605,7.561,1,140.9,39.3
93.63,605,7.505,1,140.9,39.4
93.65,605,7.521,1,140.9,39.3
93.68,605,7.726,1,140.8,39.3
93.7,605,7.634,1,140.8,39.3
93.73,605,7.546,1,140.8,39.4
93.76,605,7.629,1,140.8,39.3
93.78,604,7.669,1,140.8,39.4
93.81,604,7.643,1,140.8,39.3
93.83,605,7.334,1,140.9,39.3
93.86,606,7.487,1,140.9,39.3
93.88,607,7.381,1,141.0,39.4
93.91,608,7.191,1,141.0,39.3
93.93,608,7.185,1,141.0,39.4
93.96,608,7.342,1,141.0,39.3
93.98,607,7.339,1,141.0,39.3
94.01,606,7.539,1,141.0,39.3
94.03,606,7.587,1,140.9,39.4
94.06,607,7.415,1,141.0,39.3
94.09,607,7.484,1,141.0,39.4
94.11,607,7.477,1,141.1,39.3
94.14,607,7.497,1,141.0,39.3
94.16,607,7.477,1,141.1,39.3
94.19,606,7.486,1,141.1,39.4
94.21,606,7.571,1,141.0,39.3
94.24,606,7.522,1,141.0,39.4
94.26,606,7.405,1,141.1,39.3
94.29,605,7.288,1,141.1,39.3
94.31,605,7.213,1,141.1,39.3
94.34,606,6.663,1,141.4,39.4
94.37,607,6.846,1,141.5,39.3
94.39,609,6.835,1,141.4,39.4
94.42,608,6.978,1,141.2,39.3
94.44,607,7.079,1,141.1,39.3
94.47,607,7.13,1,141.1,39.3
94.49,607,7.045,1,141.2,39.4
94.52,607,7.223,1,141.2,39.3
94.54,606,7.274,1,141.2,39.4
94.57,606,7.184,1,141.1,39.2
94.59,604,7.058,1,141.0,39.3
94.62,604,7.333,1,141.1,39.3
94.64,604,7.277,1,141.0,39.4
94.67,604,7.213,1,141.0,39.3
94.7,605,7.208,1,141.1,39.4
94.72,606,7.133,1,141.2,39.3
94.75,606,7.121,1,141.1,39.3
94.77,606,7.312,1,141.1,39.3
94.8,607,7.249,1,141.2,39.4
94.82,608,7.111,1,141.2,39.3
94.85,607,7.064,1,141.1,39.4
94.87,606,6.991,1,141.1,39.3
94.9,607,6.959,1,141.2,39.3
94.93,608,6.722,1,141.3,39.3
94.95,608,6.826,1,141.2,39.4
94.98,608,6.854,1,141.2,39.3
95.0,609,6.875,1,141.2,39.4
95.03,609,6.96,1,141.3,39.3
95.05,610,6.975,1,141.3,39.3
95.08,610,6.932,1,141.3,39.3
95.1,608,7.329,1,141.1,39.4
95.13,608,7.077,1,141.2,39.3
95.15,608,7.151,1,141.1,39.3
95.18,610,6.974,1,141.3,39.3
95.2,610,7.022,1,141.3,39.3
95.23,611,6.806,1,141.4,39.3
95.26,609,6.718,1,141.4,39.3
95.28,609,6.564,1,141.3,39.3
95.31,610,6.69,1,141.4,39.3
95.33,612,6.589,1,141.5,39.2
95.36,612,6.571,1,141.5,39.3
95.38,611,6.458,1,141.5,39.3
95.41,610,6.951,1,141.4,39.4
95.43,610,6.762,1,141.4,39.3
95.46,611,6.675,1,141.4,39.4
95.48,612,6.798,1,141.5,39.3
95.51,612,6.933,1,141.4,39.3
95.54,613,6.817,1,141.4,39.3
95.56,612,6.934,1,141.4,39.4
95.59,611,7.057,1,141.3,39.3
95.61,609,7.052,1,141.2,39.4
95.64,608,6.951,1,141.1,39.3
95.66,608,7.091,1,141.1,39.3
95.69,608,7.058,1,141.1,39.3
95.71,608,6.936,1,141.1,39.4
95.74,608,7.087,1,141.1,39.3
95.76,608,7.321,1,141.1,39.4
95.79,608,7.241,1,141.0,39.3
95.82,608,7.281,1,141.1,39.3
95.84,609,7.337,1,141.0,39.3
95.87,610,7.218,1,141.0,39.4
95.89,610,7.179,1,141.1,39.3
95.92,611,7.342,1,141.1,39.4
95.94,610,7.286,1,141.0,39.3
95.97,610,7.216,1,141.0,39.3
95.99,612,7.083,1,141.0,39.3
96.02,612,7.123,1,141.1,39.4
96.04,612,7.112,1,141.0,39.3
96.07,612,7.066,1,141.1,39.4
96.1,612,7.126,1,141.1,39.3
96.12,612,6.964,1,141.2,39.3
96.15,613,6.591,1,141.2,39.2
96.17,614,6.53,1,141.3,39.4
96.2,615,6.835,1,141.3,39.3
96.22,613,6.808,1,141.2,39.3
96.25,614,6.919,1,141.2,39.3
96.27,613,6.873,1,141.2,39.4
96.3,615,6.947,1,141.3,39.3
96.32,615,6.942,1,141.2,39.4
96.35,616,6.93,1,141.3,39.3
96.37,616,6.972,1,141.3,39.4
96.4,614,7.05,1,141.2,39.3
96.43,614,7.03,1,141.2,39.3
96.45,613,7.043,1,141.1,39.3
96.48,612,7.163,1,141.0,39.4
96.5,612,7.275,1,141.0,39.3
96.53,612,7.33,1,141.0,39.4
96.55,612,7.305,1,141.0,39.3
96.58,611,7.3,1,141.0,39.3
96.6,611,7.398,1,141.0,39.3
96.63,611,7.219,1,141.0,39.4
96.65,611,7.283,1,141.0,39.3
96.68,611,7.214,1,141.0,39.4
96.71,610,7.387,1,140.9,39.3
96.73,609,7.497,1,140.9,39.3
96.76,609,7.409,1,140.9,39.3
96.78,608,7.639,1,140.9,39.4
96.81,608,7.522,1,140.9,39.3
96.83,608,7.563,1,140.8,39.4
96.86,608,7.517,1,140.9,39.2
96.88,609,7.623,1,140.9,39.3
96.91,610,7.473,1,141.0,39.3
96.93,609,7.575,1,140.9,39.4
96.96,610,7.168,1,141.0,39.3
96.99,608,7.289,1,140.9,39.3
97.01,609,7.239,1,140.9,39.3
97.04,610,7.05,1,141.1,39.3
97.06,610,7.157,1,141.0,39.3
97.09,609,7.2,1,140.9,39.3
97.11,609,7.076,1,141.0,39.3
97.14,610,6.975,1,141.0,39.3
97.16,612,6.746,1,141.1,39.2
97.19,611,6.683,1,141.2,39.3
97.21,610,6.54,1,141.3,39.3
97.24,609,6.063,1,141.6,39.4
97.27,607,6.065,1,142.0,39.3
97.29,607,6.042,1,142.3,39.4
97.32,608,5.733,1,142.5,39.3
97.34,610,5.665,1,142.7,39.4
97.37,610,5.866,1,142.5,39.3
97.39,610,5.888,1,142.3,39.4
97.42,609,5.821,1,142.2,39.3
97.44,610,5.769,1,142.2,39.4
97.47,613,5.728,1,142.3,39.2
97.49,613,5.956,1,142.1,39.4
97.52,613,5.928,1,142.0,39.3
97.54,613,5.945,1,142.2,39.4
97.57,613,5.908,1,142.4,39.3
97.6,612,5.568,1,142.6,39.4
97.62,608,5.27,1,142.6,39.3
97.65,607,5.379,1,142.6,39.4
97.67,603,5.682,1,142.2,39.3
97.7,603,5.195,1,142.6,39.4
97.72,599,5.4,1,142.6,39.3
97.75,600,5.364,1,142.8,39.4
97.77,599,5.054,1,143.2,39.3
